# Pulseq sequence file
# Created by PyPulseq

[VERSION]
major 1
minor 5
revision 0

[DEFINITIONS]
AdcDeadTime 0.0001 
AdcRasterTime 1e-07 
BlockDurationRaster 1e-05 
FLAG_DWELL_BRUKER 1 
FLAG_LOOP_LABEL 1 
FLAG_MRE 1 
FLAG_MRE_BIPOLAR 1 
FLAG_TEST_REPORT 1 
FLAG_TRIG 1 
FLAG_WRITE_SEQ 1 
FOV 0.05 0.05 0.001 
GradientRasterTime 1e-05 
Matrix 128 128 1 
Name tse 
RadiofrequencyRasterTime 1e-06 
TE 0.02 
TR 1 
TotalDuration 1039.99825 
n_echo 2 
nslices 1 
rf_flip_deg 180 

# Format of blocks:
# NUM DUR RF  GX  GY  GZ  ADC  EXT
[BLOCKS]
    1   0   0   0   0   0  0  1
    2  10   0   0   0   0  0  2
    3  25   0   0   0   1  0  0
    4 262   1   0   0   2  0  0
    5 763   0   5   4   3  0  0
    6 212   2   0   0   6  0  0
    7 564   0   7   8   9  0  0
    8 660   0  10   0   0  0  0
    9 564   0  11   8  12  0  0
   10 212   2   0   0   6  0  0
   11 564   0   7   8   9  0  0
   12 660   0  10   0   0  0  0
   13 564   0  11   8  12  0  0
   14 212   0   0   0   6  0  0
   15 564   0   0   0   9  0  0
   16 94164   0   0   0   0  0  0
   17   0   0   0   0   0  0  3
   18   0   0   0   0   0  0  1
   19  10   0   0   0   0  0  2
   20  25   0   0   0   1  0  0
   21 262   1   0   0   2  0  0
   22 763   0   5  13   3  0  0
   23 212   2   0   0   6  0  0
   24 564   0   7   8   9  0  0
   25 660   0  10   0   0  0  0
   26 564   0  11   8  12  0  0
   27 212   2   0   0   6  0  0
   28 564   0   7   8   9  0  0
   29 660   0  10   0   0  0  0
   30 564   0  11   8  12  0  0
   31 212   0   0   0   6  0  0
   32 564   0   0   0   9  0  0
   33 94164   0   0   0   0  0  0
   34   0   0   0   0   0  0  3
   35   0   0   0   0   0  0  1
   36  10   0   0   0   0  0  2
   37  25   0   0   0   1  0  0
   38 262   1   0   0   2  0  0
   39 763   0   5   4   3  0  0
   40 212   2   0   0   6  0  0
   41 564   0   7  14   9  0  0
   42 660   0  10   0   0  1  0
   43 564   0  11  15  12  0  0
   44 212   2   0   0   6  0  0
   45 564   0   7  15   9  0  0
   46 660   0  10   0   0  1  0
   47 564   0  11  14  12  0  0
   48 212   0   0   0   6  0  0
   49 564   0   0   0   9  0  0
   50 94164   0   0   0   0  0  0
   51   0   0   0   0   0  0  3
   52   0   0   0   0   0  0  1
   53  10   0   0   0   0  0  2
   54  25   0   0   0   1  0  0
   55 262   1   0   0   2  0  0
   56 763   0   5  13   3  0  0
   57 212   2   0   0   6  0  0
   58 564   0   7  14   9  0  0
   59 660   0  10   0   0  1  0
   60 564   0  11  15  12  0  0
   61 212   2   0   0   6  0  0
   62 564   0   7  15   9  0  0
   63 660   0  10   0   0  1  0
   64 564   0  11  14  12  0  0
   65 212   0   0   0   6  0  0
   66 564   0   0   0   9  0  0
   67 94164   0   0   0   0  0  0
   68   0   0   0   0   0  0  3
   69   0   0   0   0   0  0  1
   70  10   0   0   0   0  0  2
   71  25   0   0   0   1  0  0
   72 262   1   0   0   2  0  0
   73 763   0   5   4   3  0  0
   74 212   2   0   0   6  0  0
   75 564   0   7  16   9  0  0
   76 660   0  10   0   0  1  0
   77 564   0  11  17  12  0  0
   78 212   2   0   0   6  0  0
   79 564   0   7  18   9  0  0
   80 660   0  10   0   0  1  0
   81 564   0  11  19  12  0  0
   82 212   0   0   0   6  0  0
   83 564   0   0   0   9  0  0
   84 94164   0   0   0   0  0  0
   85   0   0   0   0   0  0  3
   86   0   0   0   0   0  0  1
   87  10   0   0   0   0  0  2
   88  25   0   0   0   1  0  0
   89 262   1   0   0   2  0  0
   90 763   0   5  13   3  0  0
   91 212   2   0   0   6  0  0
   92 564   0   7  16   9  0  0
   93 660   0  10   0   0  1  0
   94 564   0  11  17  12  0  0
   95 212   2   0   0   6  0  0
   96 564   0   7  18   9  0  0
   97 660   0  10   0   0  1  0
   98 564   0  11  19  12  0  0
   99 212   0   0   0   6  0  0
  100 564   0   0   0   9  0  0
  101 94164   0   0   0   0  0  0
  102   0   0   0   0   0  0  3
  103   0   0   0   0   0  0  1
  104  10   0   0   0   0  0  2
  105  25   0   0   0   1  0  0
  106 262   1   0   0   2  0  0
  107 763   0   5   4   3  0  0
  108 212   2   0   0   6  0  0
  109 564   0   7  20   9  0  0
  110 660   0  10   0   0  1  0
  111 564   0  11  21  12  0  0
  112 212   2   0   0   6  0  0
  113 564   0   7  22   9  0  0
  114 660   0  10   0   0  1  0
  115 564   0  11  23  12  0  0
  116 212   0   0   0   6  0  0
  117 564   0   0   0   9  0  0
  118 94164   0   0   0   0  0  0
  119   0   0   0   0   0  0  3
  120   0   0   0   0   0  0  1
  121  10   0   0   0   0  0  2
  122  25   0   0   0   1  0  0
  123 262   1   0   0   2  0  0
  124 763   0   5  13   3  0  0
  125 212   2   0   0   6  0  0
  126 564   0   7  20   9  0  0
  127 660   0  10   0   0  1  0
  128 564   0  11  21  12  0  0
  129 212   2   0   0   6  0  0
  130 564   0   7  22   9  0  0
  131 660   0  10   0   0  1  0
  132 564   0  11  23  12  0  0
  133 212   0   0   0   6  0  0
  134 564   0   0   0   9  0  0
  135 94164   0   0   0   0  0  0
  136   0   0   0   0   0  0  3
  137   0   0   0   0   0  0  1
  138  10   0   0   0   0  0  2
  139  25   0   0   0   1  0  0
  140 262   1   0   0   2  0  0
  141 763   0   5   4   3  0  0
  142 212   2   0   0   6  0  0
  143 564   0   7  24   9  0  0
  144 660   0  10   0   0  1  0
  145 564   0  11  25  12  0  0
  146 212   2   0   0   6  0  0
  147 564   0   7  26   9  0  0
  148 660   0  10   0   0  1  0
  149 564   0  11  27  12  0  0
  150 212   0   0   0   6  0  0
  151 564   0   0   0   9  0  0
  152 94164   0   0   0   0  0  0
  153   0   0   0   0   0  0  3
  154   0   0   0   0   0  0  1
  155  10   0   0   0   0  0  2
  156  25   0   0   0   1  0  0
  157 262   1   0   0   2  0  0
  158 763   0   5  13   3  0  0
  159 212   2   0   0   6  0  0
  160 564   0   7  24   9  0  0
  161 660   0  10   0   0  1  0
  162 564   0  11  25  12  0  0
  163 212   2   0   0   6  0  0
  164 564   0   7  26   9  0  0
  165 660   0  10   0   0  1  0
  166 564   0  11  27  12  0  0
  167 212   0   0   0   6  0  0
  168 564   0   0   0   9  0  0
  169 94164   0   0   0   0  0  0
  170   0   0   0   0   0  0  3
  171   0   0   0   0   0  0  1
  172  10   0   0   0   0  0  2
  173  25   0   0   0   1  0  0
  174 262   1   0   0   2  0  0
  175 763   0   5   4   3  0  0
  176 212   2   0   0   6  0  0
  177 564   0   7  28   9  0  0
  178 660   0  10   0   0  1  0
  179 564   0  11  29  12  0  0
  180 212   2   0   0   6  0  0
  181 564   0   7  30   9  0  0
  182 660   0  10   0   0  1  0
  183 564   0  11  31  12  0  0
  184 212   0   0   0   6  0  0
  185 564   0   0   0   9  0  0
  186 94164   0   0   0   0  0  0
  187   0   0   0   0   0  0  3
  188   0   0   0   0   0  0  1
  189  10   0   0   0   0  0  2
  190  25   0   0   0   1  0  0
  191 262   1   0   0   2  0  0
  192 763   0   5  13   3  0  0
  193 212   2   0   0   6  0  0
  194 564   0   7  28   9  0  0
  195 660   0  10   0   0  1  0
  196 564   0  11  29  12  0  0
  197 212   2   0   0   6  0  0
  198 564   0   7  30   9  0  0
  199 660   0  10   0   0  1  0
  200 564   0  11  31  12  0  0
  201 212   0   0   0   6  0  0
  202 564   0   0   0   9  0  0
  203 94164   0   0   0   0  0  0
  204   0   0   0   0   0  0  3
  205   0   0   0   0   0  0  1
  206  10   0   0   0   0  0  2
  207  25   0   0   0   1  0  0
  208 262   1   0   0   2  0  0
  209 763   0   5   4   3  0  0
  210 212   2   0   0   6  0  0
  211 564   0   7  32   9  0  0
  212 660   0  10   0   0  1  0
  213 564   0  11  33  12  0  0
  214 212   2   0   0   6  0  0
  215 564   0   7  34   9  0  0
  216 660   0  10   0   0  1  0
  217 564   0  11  35  12  0  0
  218 212   0   0   0   6  0  0
  219 564   0   0   0   9  0  0
  220 94164   0   0   0   0  0  0
  221   0   0   0   0   0  0  3
  222   0   0   0   0   0  0  1
  223  10   0   0   0   0  0  2
  224  25   0   0   0   1  0  0
  225 262   1   0   0   2  0  0
  226 763   0   5  13   3  0  0
  227 212   2   0   0   6  0  0
  228 564   0   7  32   9  0  0
  229 660   0  10   0   0  1  0
  230 564   0  11  33  12  0  0
  231 212   2   0   0   6  0  0
  232 564   0   7  34   9  0  0
  233 660   0  10   0   0  1  0
  234 564   0  11  35  12  0  0
  235 212   0   0   0   6  0  0
  236 564   0   0   0   9  0  0
  237 94164   0   0   0   0  0  0
  238   0   0   0   0   0  0  3
  239   0   0   0   0   0  0  1
  240  10   0   0   0   0  0  2
  241  25   0   0   0   1  0  0
  242 262   1   0   0   2  0  0
  243 763   0   5   4   3  0  0
  244 212   2   0   0   6  0  0
  245 564   0   7  36   9  0  0
  246 660   0  10   0   0  1  0
  247 564   0  11  37  12  0  0
  248 212   2   0   0   6  0  0
  249 564   0   7  38   9  0  0
  250 660   0  10   0   0  1  0
  251 564   0  11  39  12  0  0
  252 212   0   0   0   6  0  0
  253 564   0   0   0   9  0  0
  254 94164   0   0   0   0  0  0
  255   0   0   0   0   0  0  3
  256   0   0   0   0   0  0  1
  257  10   0   0   0   0  0  2
  258  25   0   0   0   1  0  0
  259 262   1   0   0   2  0  0
  260 763   0   5  13   3  0  0
  261 212   2   0   0   6  0  0
  262 564   0   7  36   9  0  0
  263 660   0  10   0   0  1  0
  264 564   0  11  37  12  0  0
  265 212   2   0   0   6  0  0
  266 564   0   7  38   9  0  0
  267 660   0  10   0   0  1  0
  268 564   0  11  39  12  0  0
  269 212   0   0   0   6  0  0
  270 564   0   0   0   9  0  0
  271 94164   0   0   0   0  0  0
  272   0   0   0   0   0  0  3
  273   0   0   0   0   0  0  1
  274  10   0   0   0   0  0  2
  275  25   0   0   0   1  0  0
  276 262   1   0   0   2  0  0
  277 763   0   5   4   3  0  0
  278 212   2   0   0   6  0  0
  279 564   0   7  40   9  0  0
  280 660   0  10   0   0  1  0
  281 564   0  11  41  12  0  0
  282 212   2   0   0   6  0  0
  283 564   0   7  42   9  0  0
  284 660   0  10   0   0  1  0
  285 564   0  11  43  12  0  0
  286 212   0   0   0   6  0  0
  287 564   0   0   0   9  0  0
  288 94164   0   0   0   0  0  0
  289   0   0   0   0   0  0  3
  290   0   0   0   0   0  0  1
  291  10   0   0   0   0  0  2
  292  25   0   0   0   1  0  0
  293 262   1   0   0   2  0  0
  294 763   0   5  13   3  0  0
  295 212   2   0   0   6  0  0
  296 564   0   7  40   9  0  0
  297 660   0  10   0   0  1  0
  298 564   0  11  41  12  0  0
  299 212   2   0   0   6  0  0
  300 564   0   7  42   9  0  0
  301 660   0  10   0   0  1  0
  302 564   0  11  43  12  0  0
  303 212   0   0   0   6  0  0
  304 564   0   0   0   9  0  0
  305 94164   0   0   0   0  0  0
  306   0   0   0   0   0  0  3
  307   0   0   0   0   0  0  1
  308  10   0   0   0   0  0  2
  309  25   0   0   0   1  0  0
  310 262   1   0   0   2  0  0
  311 763   0   5   4   3  0  0
  312 212   2   0   0   6  0  0
  313 564   0   7  44   9  0  0
  314 660   0  10   0   0  1  0
  315 564   0  11  45  12  0  0
  316 212   2   0   0   6  0  0
  317 564   0   7  46   9  0  0
  318 660   0  10   0   0  1  0
  319 564   0  11  47  12  0  0
  320 212   0   0   0   6  0  0
  321 564   0   0   0   9  0  0
  322 94164   0   0   0   0  0  0
  323   0   0   0   0   0  0  3
  324   0   0   0   0   0  0  1
  325  10   0   0   0   0  0  2
  326  25   0   0   0   1  0  0
  327 262   1   0   0   2  0  0
  328 763   0   5  13   3  0  0
  329 212   2   0   0   6  0  0
  330 564   0   7  44   9  0  0
  331 660   0  10   0   0  1  0
  332 564   0  11  45  12  0  0
  333 212   2   0   0   6  0  0
  334 564   0   7  46   9  0  0
  335 660   0  10   0   0  1  0
  336 564   0  11  47  12  0  0
  337 212   0   0   0   6  0  0
  338 564   0   0   0   9  0  0
  339 94164   0   0   0   0  0  0
  340   0   0   0   0   0  0  3
  341   0   0   0   0   0  0  1
  342  10   0   0   0   0  0  2
  343  25   0   0   0   1  0  0
  344 262   1   0   0   2  0  0
  345 763   0   5   4   3  0  0
  346 212   2   0   0   6  0  0
  347 564   0   7  48   9  0  0
  348 660   0  10   0   0  1  0
  349 564   0  11  49  12  0  0
  350 212   2   0   0   6  0  0
  351 564   0   7  50   9  0  0
  352 660   0  10   0   0  1  0
  353 564   0  11  51  12  0  0
  354 212   0   0   0   6  0  0
  355 564   0   0   0   9  0  0
  356 94164   0   0   0   0  0  0
  357   0   0   0   0   0  0  3
  358   0   0   0   0   0  0  1
  359  10   0   0   0   0  0  2
  360  25   0   0   0   1  0  0
  361 262   1   0   0   2  0  0
  362 763   0   5  13   3  0  0
  363 212   2   0   0   6  0  0
  364 564   0   7  48   9  0  0
  365 660   0  10   0   0  1  0
  366 564   0  11  49  12  0  0
  367 212   2   0   0   6  0  0
  368 564   0   7  50   9  0  0
  369 660   0  10   0   0  1  0
  370 564   0  11  51  12  0  0
  371 212   0   0   0   6  0  0
  372 564   0   0   0   9  0  0
  373 94164   0   0   0   0  0  0
  374   0   0   0   0   0  0  3
  375   0   0   0   0   0  0  1
  376  10   0   0   0   0  0  2
  377  25   0   0   0   1  0  0
  378 262   1   0   0   2  0  0
  379 763   0   5   4   3  0  0
  380 212   2   0   0   6  0  0
  381 564   0   7  52   9  0  0
  382 660   0  10   0   0  1  0
  383 564   0  11  53  12  0  0
  384 212   2   0   0   6  0  0
  385 564   0   7  54   9  0  0
  386 660   0  10   0   0  1  0
  387 564   0  11  55  12  0  0
  388 212   0   0   0   6  0  0
  389 564   0   0   0   9  0  0
  390 94164   0   0   0   0  0  0
  391   0   0   0   0   0  0  3
  392   0   0   0   0   0  0  1
  393  10   0   0   0   0  0  2
  394  25   0   0   0   1  0  0
  395 262   1   0   0   2  0  0
  396 763   0   5  13   3  0  0
  397 212   2   0   0   6  0  0
  398 564   0   7  52   9  0  0
  399 660   0  10   0   0  1  0
  400 564   0  11  53  12  0  0
  401 212   2   0   0   6  0  0
  402 564   0   7  54   9  0  0
  403 660   0  10   0   0  1  0
  404 564   0  11  55  12  0  0
  405 212   0   0   0   6  0  0
  406 564   0   0   0   9  0  0
  407 94164   0   0   0   0  0  0
  408   0   0   0   0   0  0  3
  409   0   0   0   0   0  0  1
  410  10   0   0   0   0  0  2
  411  25   0   0   0   1  0  0
  412 262   1   0   0   2  0  0
  413 763   0   5   4   3  0  0
  414 212   2   0   0   6  0  0
  415 564   0   7  56   9  0  0
  416 660   0  10   0   0  1  0
  417 564   0  11  57  12  0  0
  418 212   2   0   0   6  0  0
  419 564   0   7  58   9  0  0
  420 660   0  10   0   0  1  0
  421 564   0  11  59  12  0  0
  422 212   0   0   0   6  0  0
  423 564   0   0   0   9  0  0
  424 94164   0   0   0   0  0  0
  425   0   0   0   0   0  0  3
  426   0   0   0   0   0  0  1
  427  10   0   0   0   0  0  2
  428  25   0   0   0   1  0  0
  429 262   1   0   0   2  0  0
  430 763   0   5  13   3  0  0
  431 212   2   0   0   6  0  0
  432 564   0   7  56   9  0  0
  433 660   0  10   0   0  1  0
  434 564   0  11  57  12  0  0
  435 212   2   0   0   6  0  0
  436 564   0   7  58   9  0  0
  437 660   0  10   0   0  1  0
  438 564   0  11  59  12  0  0
  439 212   0   0   0   6  0  0
  440 564   0   0   0   9  0  0
  441 94164   0   0   0   0  0  0
  442   0   0   0   0   0  0  3
  443   0   0   0   0   0  0  1
  444  10   0   0   0   0  0  2
  445  25   0   0   0   1  0  0
  446 262   1   0   0   2  0  0
  447 763   0   5   4   3  0  0
  448 212   2   0   0   6  0  0
  449 564   0   7  60   9  0  0
  450 660   0  10   0   0  1  0
  451 564   0  11  61  12  0  0
  452 212   2   0   0   6  0  0
  453 564   0   7  62   9  0  0
  454 660   0  10   0   0  1  0
  455 564   0  11  63  12  0  0
  456 212   0   0   0   6  0  0
  457 564   0   0   0   9  0  0
  458 94164   0   0   0   0  0  0
  459   0   0   0   0   0  0  3
  460   0   0   0   0   0  0  1
  461  10   0   0   0   0  0  2
  462  25   0   0   0   1  0  0
  463 262   1   0   0   2  0  0
  464 763   0   5  13   3  0  0
  465 212   2   0   0   6  0  0
  466 564   0   7  60   9  0  0
  467 660   0  10   0   0  1  0
  468 564   0  11  61  12  0  0
  469 212   2   0   0   6  0  0
  470 564   0   7  62   9  0  0
  471 660   0  10   0   0  1  0
  472 564   0  11  63  12  0  0
  473 212   0   0   0   6  0  0
  474 564   0   0   0   9  0  0
  475 94164   0   0   0   0  0  0
  476   0   0   0   0   0  0  3
  477   0   0   0   0   0  0  1
  478  10   0   0   0   0  0  2
  479  25   0   0   0   1  0  0
  480 262   1   0   0   2  0  0
  481 763   0   5   4   3  0  0
  482 212   2   0   0   6  0  0
  483 564   0   7  64   9  0  0
  484 660   0  10   0   0  1  0
  485 564   0  11  65  12  0  0
  486 212   2   0   0   6  0  0
  487 564   0   7  66   9  0  0
  488 660   0  10   0   0  1  0
  489 564   0  11  67  12  0  0
  490 212   0   0   0   6  0  0
  491 564   0   0   0   9  0  0
  492 94164   0   0   0   0  0  0
  493   0   0   0   0   0  0  3
  494   0   0   0   0   0  0  1
  495  10   0   0   0   0  0  2
  496  25   0   0   0   1  0  0
  497 262   1   0   0   2  0  0
  498 763   0   5  13   3  0  0
  499 212   2   0   0   6  0  0
  500 564   0   7  64   9  0  0
  501 660   0  10   0   0  1  0
  502 564   0  11  65  12  0  0
  503 212   2   0   0   6  0  0
  504 564   0   7  66   9  0  0
  505 660   0  10   0   0  1  0
  506 564   0  11  67  12  0  0
  507 212   0   0   0   6  0  0
  508 564   0   0   0   9  0  0
  509 94164   0   0   0   0  0  0
  510   0   0   0   0   0  0  3
  511   0   0   0   0   0  0  1
  512  10   0   0   0   0  0  2
  513  25   0   0   0   1  0  0
  514 262   1   0   0   2  0  0
  515 763   0   5   4   3  0  0
  516 212   2   0   0   6  0  0
  517 564   0   7  68   9  0  0
  518 660   0  10   0   0  1  0
  519 564   0  11  69  12  0  0
  520 212   2   0   0   6  0  0
  521 564   0   7  70   9  0  0
  522 660   0  10   0   0  1  0
  523 564   0  11  71  12  0  0
  524 212   0   0   0   6  0  0
  525 564   0   0   0   9  0  0
  526 94164   0   0   0   0  0  0
  527   0   0   0   0   0  0  3
  528   0   0   0   0   0  0  1
  529  10   0   0   0   0  0  2
  530  25   0   0   0   1  0  0
  531 262   1   0   0   2  0  0
  532 763   0   5  13   3  0  0
  533 212   2   0   0   6  0  0
  534 564   0   7  68   9  0  0
  535 660   0  10   0   0  1  0
  536 564   0  11  69  12  0  0
  537 212   2   0   0   6  0  0
  538 564   0   7  70   9  0  0
  539 660   0  10   0   0  1  0
  540 564   0  11  71  12  0  0
  541 212   0   0   0   6  0  0
  542 564   0   0   0   9  0  0
  543 94164   0   0   0   0  0  0
  544   0   0   0   0   0  0  3
  545   0   0   0   0   0  0  1
  546  10   0   0   0   0  0  2
  547  25   0   0   0   1  0  0
  548 262   1   0   0   2  0  0
  549 763   0   5   4   3  0  0
  550 212   2   0   0   6  0  0
  551 564   0   7  72   9  0  0
  552 660   0  10   0   0  1  0
  553 564   0  11  73  12  0  0
  554 212   2   0   0   6  0  0
  555 564   0   7  74   9  0  0
  556 660   0  10   0   0  1  0
  557 564   0  11  75  12  0  0
  558 212   0   0   0   6  0  0
  559 564   0   0   0   9  0  0
  560 94164   0   0   0   0  0  0
  561   0   0   0   0   0  0  3
  562   0   0   0   0   0  0  1
  563  10   0   0   0   0  0  2
  564  25   0   0   0   1  0  0
  565 262   1   0   0   2  0  0
  566 763   0   5  13   3  0  0
  567 212   2   0   0   6  0  0
  568 564   0   7  72   9  0  0
  569 660   0  10   0   0  1  0
  570 564   0  11  73  12  0  0
  571 212   2   0   0   6  0  0
  572 564   0   7  74   9  0  0
  573 660   0  10   0   0  1  0
  574 564   0  11  75  12  0  0
  575 212   0   0   0   6  0  0
  576 564   0   0   0   9  0  0
  577 94164   0   0   0   0  0  0
  578   0   0   0   0   0  0  3
  579   0   0   0   0   0  0  1
  580  10   0   0   0   0  0  2
  581  25   0   0   0   1  0  0
  582 262   1   0   0   2  0  0
  583 763   0   5   4   3  0  0
  584 212   2   0   0   6  0  0
  585 564   0   7  76   9  0  0
  586 660   0  10   0   0  1  0
  587 564   0  11  77  12  0  0
  588 212   2   0   0   6  0  0
  589 564   0   7  78   9  0  0
  590 660   0  10   0   0  1  0
  591 564   0  11  79  12  0  0
  592 212   0   0   0   6  0  0
  593 564   0   0   0   9  0  0
  594 94164   0   0   0   0  0  0
  595   0   0   0   0   0  0  3
  596   0   0   0   0   0  0  1
  597  10   0   0   0   0  0  2
  598  25   0   0   0   1  0  0
  599 262   1   0   0   2  0  0
  600 763   0   5  13   3  0  0
  601 212   2   0   0   6  0  0
  602 564   0   7  76   9  0  0
  603 660   0  10   0   0  1  0
  604 564   0  11  77  12  0  0
  605 212   2   0   0   6  0  0
  606 564   0   7  78   9  0  0
  607 660   0  10   0   0  1  0
  608 564   0  11  79  12  0  0
  609 212   0   0   0   6  0  0
  610 564   0   0   0   9  0  0
  611 94164   0   0   0   0  0  0
  612   0   0   0   0   0  0  3
  613   0   0   0   0   0  0  1
  614  10   0   0   0   0  0  2
  615  25   0   0   0   1  0  0
  616 262   1   0   0   2  0  0
  617 763   0   5   4   3  0  0
  618 212   2   0   0   6  0  0
  619 564   0   7  80   9  0  0
  620 660   0  10   0   0  1  0
  621 564   0  11  81  12  0  0
  622 212   2   0   0   6  0  0
  623 564   0   7  82   9  0  0
  624 660   0  10   0   0  1  0
  625 564   0  11  83  12  0  0
  626 212   0   0   0   6  0  0
  627 564   0   0   0   9  0  0
  628 94164   0   0   0   0  0  0
  629   0   0   0   0   0  0  3
  630   0   0   0   0   0  0  1
  631  10   0   0   0   0  0  2
  632  25   0   0   0   1  0  0
  633 262   1   0   0   2  0  0
  634 763   0   5  13   3  0  0
  635 212   2   0   0   6  0  0
  636 564   0   7  80   9  0  0
  637 660   0  10   0   0  1  0
  638 564   0  11  81  12  0  0
  639 212   2   0   0   6  0  0
  640 564   0   7  82   9  0  0
  641 660   0  10   0   0  1  0
  642 564   0  11  83  12  0  0
  643 212   0   0   0   6  0  0
  644 564   0   0   0   9  0  0
  645 94164   0   0   0   0  0  0
  646   0   0   0   0   0  0  3
  647   0   0   0   0   0  0  1
  648  10   0   0   0   0  0  2
  649  25   0   0   0   1  0  0
  650 262   1   0   0   2  0  0
  651 763   0   5   4   3  0  0
  652 212   2   0   0   6  0  0
  653 564   0   7  84   9  0  0
  654 660   0  10   0   0  1  0
  655 564   0  11  85  12  0  0
  656 212   2   0   0   6  0  0
  657 564   0   7  86   9  0  0
  658 660   0  10   0   0  1  0
  659 564   0  11  87  12  0  0
  660 212   0   0   0   6  0  0
  661 564   0   0   0   9  0  0
  662 94164   0   0   0   0  0  0
  663   0   0   0   0   0  0  3
  664   0   0   0   0   0  0  1
  665  10   0   0   0   0  0  2
  666  25   0   0   0   1  0  0
  667 262   1   0   0   2  0  0
  668 763   0   5  13   3  0  0
  669 212   2   0   0   6  0  0
  670 564   0   7  84   9  0  0
  671 660   0  10   0   0  1  0
  672 564   0  11  85  12  0  0
  673 212   2   0   0   6  0  0
  674 564   0   7  86   9  0  0
  675 660   0  10   0   0  1  0
  676 564   0  11  87  12  0  0
  677 212   0   0   0   6  0  0
  678 564   0   0   0   9  0  0
  679 94164   0   0   0   0  0  0
  680   0   0   0   0   0  0  3
  681   0   0   0   0   0  0  1
  682  10   0   0   0   0  0  2
  683  25   0   0   0   1  0  0
  684 262   1   0   0   2  0  0
  685 763   0   5   4   3  0  0
  686 212   2   0   0   6  0  0
  687 564   0   7  88   9  0  0
  688 660   0  10   0   0  1  0
  689 564   0  11  89  12  0  0
  690 212   2   0   0   6  0  0
  691 564   0   7  90   9  0  0
  692 660   0  10   0   0  1  0
  693 564   0  11  91  12  0  0
  694 212   0   0   0   6  0  0
  695 564   0   0   0   9  0  0
  696 94164   0   0   0   0  0  0
  697   0   0   0   0   0  0  3
  698   0   0   0   0   0  0  1
  699  10   0   0   0   0  0  2
  700  25   0   0   0   1  0  0
  701 262   1   0   0   2  0  0
  702 763   0   5  13   3  0  0
  703 212   2   0   0   6  0  0
  704 564   0   7  88   9  0  0
  705 660   0  10   0   0  1  0
  706 564   0  11  89  12  0  0
  707 212   2   0   0   6  0  0
  708 564   0   7  90   9  0  0
  709 660   0  10   0   0  1  0
  710 564   0  11  91  12  0  0
  711 212   0   0   0   6  0  0
  712 564   0   0   0   9  0  0
  713 94164   0   0   0   0  0  0
  714   0   0   0   0   0  0  3
  715   0   0   0   0   0  0  1
  716  10   0   0   0   0  0  2
  717  25   0   0   0   1  0  0
  718 262   1   0   0   2  0  0
  719 763   0   5   4   3  0  0
  720 212   2   0   0   6  0  0
  721 564   0   7  92   9  0  0
  722 660   0  10   0   0  1  0
  723 564   0  11  93  12  0  0
  724 212   2   0   0   6  0  0
  725 564   0   7  94   9  0  0
  726 660   0  10   0   0  1  0
  727 564   0  11  95  12  0  0
  728 212   0   0   0   6  0  0
  729 564   0   0   0   9  0  0
  730 94164   0   0   0   0  0  0
  731   0   0   0   0   0  0  3
  732   0   0   0   0   0  0  1
  733  10   0   0   0   0  0  2
  734  25   0   0   0   1  0  0
  735 262   1   0   0   2  0  0
  736 763   0   5  13   3  0  0
  737 212   2   0   0   6  0  0
  738 564   0   7  92   9  0  0
  739 660   0  10   0   0  1  0
  740 564   0  11  93  12  0  0
  741 212   2   0   0   6  0  0
  742 564   0   7  94   9  0  0
  743 660   0  10   0   0  1  0
  744 564   0  11  95  12  0  0
  745 212   0   0   0   6  0  0
  746 564   0   0   0   9  0  0
  747 94164   0   0   0   0  0  0
  748   0   0   0   0   0  0  3
  749   0   0   0   0   0  0  1
  750  10   0   0   0   0  0  2
  751  25   0   0   0   1  0  0
  752 262   1   0   0   2  0  0
  753 763   0   5   4   3  0  0
  754 212   2   0   0   6  0  0
  755 564   0   7  96   9  0  0
  756 660   0  10   0   0  1  0
  757 564   0  11  97  12  0  0
  758 212   2   0   0   6  0  0
  759 564   0   7  98   9  0  0
  760 660   0  10   0   0  1  0
  761 564   0  11  99  12  0  0
  762 212   0   0   0   6  0  0
  763 564   0   0   0   9  0  0
  764 94164   0   0   0   0  0  0
  765   0   0   0   0   0  0  3
  766   0   0   0   0   0  0  1
  767  10   0   0   0   0  0  2
  768  25   0   0   0   1  0  0
  769 262   1   0   0   2  0  0
  770 763   0   5  13   3  0  0
  771 212   2   0   0   6  0  0
  772 564   0   7  96   9  0  0
  773 660   0  10   0   0  1  0
  774 564   0  11  97  12  0  0
  775 212   2   0   0   6  0  0
  776 564   0   7  98   9  0  0
  777 660   0  10   0   0  1  0
  778 564   0  11  99  12  0  0
  779 212   0   0   0   6  0  0
  780 564   0   0   0   9  0  0
  781 94164   0   0   0   0  0  0
  782   0   0   0   0   0  0  3
  783   0   0   0   0   0  0  1
  784  10   0   0   0   0  0  2
  785  25   0   0   0   1  0  0
  786 262   1   0   0   2  0  0
  787 763   0   5   4   3  0  0
  788 212   2   0   0   6  0  0
  789 564   0   7 100   9  0  0
  790 660   0  10   0   0  1  0
  791 564   0  11 101  12  0  0
  792 212   2   0   0   6  0  0
  793 564   0   7 102   9  0  0
  794 660   0  10   0   0  1  0
  795 564   0  11 103  12  0  0
  796 212   0   0   0   6  0  0
  797 564   0   0   0   9  0  0
  798 94164   0   0   0   0  0  0
  799   0   0   0   0   0  0  3
  800   0   0   0   0   0  0  1
  801  10   0   0   0   0  0  2
  802  25   0   0   0   1  0  0
  803 262   1   0   0   2  0  0
  804 763   0   5  13   3  0  0
  805 212   2   0   0   6  0  0
  806 564   0   7 100   9  0  0
  807 660   0  10   0   0  1  0
  808 564   0  11 101  12  0  0
  809 212   2   0   0   6  0  0
  810 564   0   7 102   9  0  0
  811 660   0  10   0   0  1  0
  812 564   0  11 103  12  0  0
  813 212   0   0   0   6  0  0
  814 564   0   0   0   9  0  0
  815 94164   0   0   0   0  0  0
  816   0   0   0   0   0  0  3
  817   0   0   0   0   0  0  1
  818  10   0   0   0   0  0  2
  819  25   0   0   0   1  0  0
  820 262   1   0   0   2  0  0
  821 763   0   5   4   3  0  0
  822 212   2   0   0   6  0  0
  823 564   0   7 104   9  0  0
  824 660   0  10   0   0  1  0
  825 564   0  11 105  12  0  0
  826 212   2   0   0   6  0  0
  827 564   0   7 106   9  0  0
  828 660   0  10   0   0  1  0
  829 564   0  11 107  12  0  0
  830 212   0   0   0   6  0  0
  831 564   0   0   0   9  0  0
  832 94164   0   0   0   0  0  0
  833   0   0   0   0   0  0  3
  834   0   0   0   0   0  0  1
  835  10   0   0   0   0  0  2
  836  25   0   0   0   1  0  0
  837 262   1   0   0   2  0  0
  838 763   0   5  13   3  0  0
  839 212   2   0   0   6  0  0
  840 564   0   7 104   9  0  0
  841 660   0  10   0   0  1  0
  842 564   0  11 105  12  0  0
  843 212   2   0   0   6  0  0
  844 564   0   7 106   9  0  0
  845 660   0  10   0   0  1  0
  846 564   0  11 107  12  0  0
  847 212   0   0   0   6  0  0
  848 564   0   0   0   9  0  0
  849 94164   0   0   0   0  0  0
  850   0   0   0   0   0  0  3
  851   0   0   0   0   0  0  1
  852  10   0   0   0   0  0  2
  853  25   0   0   0   1  0  0
  854 262   1   0   0   2  0  0
  855 763   0   5   4   3  0  0
  856 212   2   0   0   6  0  0
  857 564   0   7 108   9  0  0
  858 660   0  10   0   0  1  0
  859 564   0  11 109  12  0  0
  860 212   2   0   0   6  0  0
  861 564   0   7 110   9  0  0
  862 660   0  10   0   0  1  0
  863 564   0  11 111  12  0  0
  864 212   0   0   0   6  0  0
  865 564   0   0   0   9  0  0
  866 94164   0   0   0   0  0  0
  867   0   0   0   0   0  0  3
  868   0   0   0   0   0  0  1
  869  10   0   0   0   0  0  2
  870  25   0   0   0   1  0  0
  871 262   1   0   0   2  0  0
  872 763   0   5  13   3  0  0
  873 212   2   0   0   6  0  0
  874 564   0   7 108   9  0  0
  875 660   0  10   0   0  1  0
  876 564   0  11 109  12  0  0
  877 212   2   0   0   6  0  0
  878 564   0   7 110   9  0  0
  879 660   0  10   0   0  1  0
  880 564   0  11 111  12  0  0
  881 212   0   0   0   6  0  0
  882 564   0   0   0   9  0  0
  883 94164   0   0   0   0  0  0
  884   0   0   0   0   0  0  3
  885   0   0   0   0   0  0  1
  886  10   0   0   0   0  0  2
  887  25   0   0   0   1  0  0
  888 262   1   0   0   2  0  0
  889 763   0   5   4   3  0  0
  890 212   2   0   0   6  0  0
  891 564   0   7 112   9  0  0
  892 660   0  10   0   0  1  0
  893 564   0  11 113  12  0  0
  894 212   2   0   0   6  0  0
  895 564   0   7 114   9  0  0
  896 660   0  10   0   0  1  0
  897 564   0  11 115  12  0  0
  898 212   0   0   0   6  0  0
  899 564   0   0   0   9  0  0
  900 94164   0   0   0   0  0  0
  901   0   0   0   0   0  0  3
  902   0   0   0   0   0  0  1
  903  10   0   0   0   0  0  2
  904  25   0   0   0   1  0  0
  905 262   1   0   0   2  0  0
  906 763   0   5  13   3  0  0
  907 212   2   0   0   6  0  0
  908 564   0   7 112   9  0  0
  909 660   0  10   0   0  1  0
  910 564   0  11 113  12  0  0
  911 212   2   0   0   6  0  0
  912 564   0   7 114   9  0  0
  913 660   0  10   0   0  1  0
  914 564   0  11 115  12  0  0
  915 212   0   0   0   6  0  0
  916 564   0   0   0   9  0  0
  917 94164   0   0   0   0  0  0
  918   0   0   0   0   0  0  3
  919   0   0   0   0   0  0  1
  920  10   0   0   0   0  0  2
  921  25   0   0   0   1  0  0
  922 262   1   0   0   2  0  0
  923 763   0   5   4   3  0  0
  924 212   2   0   0   6  0  0
  925 564   0   7 116   9  0  0
  926 660   0  10   0   0  1  0
  927 564   0  11 117  12  0  0
  928 212   2   0   0   6  0  0
  929 564   0   7 118   9  0  0
  930 660   0  10   0   0  1  0
  931 564   0  11 119  12  0  0
  932 212   0   0   0   6  0  0
  933 564   0   0   0   9  0  0
  934 94164   0   0   0   0  0  0
  935   0   0   0   0   0  0  3
  936   0   0   0   0   0  0  1
  937  10   0   0   0   0  0  2
  938  25   0   0   0   1  0  0
  939 262   1   0   0   2  0  0
  940 763   0   5  13   3  0  0
  941 212   2   0   0   6  0  0
  942 564   0   7 116   9  0  0
  943 660   0  10   0   0  1  0
  944 564   0  11 117  12  0  0
  945 212   2   0   0   6  0  0
  946 564   0   7 118   9  0  0
  947 660   0  10   0   0  1  0
  948 564   0  11 119  12  0  0
  949 212   0   0   0   6  0  0
  950 564   0   0   0   9  0  0
  951 94164   0   0   0   0  0  0
  952   0   0   0   0   0  0  3
  953   0   0   0   0   0  0  1
  954  10   0   0   0   0  0  2
  955  25   0   0   0   1  0  0
  956 262   1   0   0   2  0  0
  957 763   0   5   4   3  0  0
  958 212   2   0   0   6  0  0
  959 564   0   7 120   9  0  0
  960 660   0  10   0   0  1  0
  961 564   0  11 121  12  0  0
  962 212   2   0   0   6  0  0
  963 564   0   7 122   9  0  0
  964 660   0  10   0   0  1  0
  965 564   0  11 123  12  0  0
  966 212   0   0   0   6  0  0
  967 564   0   0   0   9  0  0
  968 94164   0   0   0   0  0  0
  969   0   0   0   0   0  0  3
  970   0   0   0   0   0  0  1
  971  10   0   0   0   0  0  2
  972  25   0   0   0   1  0  0
  973 262   1   0   0   2  0  0
  974 763   0   5  13   3  0  0
  975 212   2   0   0   6  0  0
  976 564   0   7 120   9  0  0
  977 660   0  10   0   0  1  0
  978 564   0  11 121  12  0  0
  979 212   2   0   0   6  0  0
  980 564   0   7 122   9  0  0
  981 660   0  10   0   0  1  0
  982 564   0  11 123  12  0  0
  983 212   0   0   0   6  0  0
  984 564   0   0   0   9  0  0
  985 94164   0   0   0   0  0  0
  986   0   0   0   0   0  0  3
  987   0   0   0   0   0  0  1
  988  10   0   0   0   0  0  2
  989  25   0   0   0   1  0  0
  990 262   1   0   0   2  0  0
  991 763   0   5   4   3  0  0
  992 212   2   0   0   6  0  0
  993 564   0   7 124   9  0  0
  994 660   0  10   0   0  1  0
  995 564   0  11 125  12  0  0
  996 212   2   0   0   6  0  0
  997 564   0   7 126   9  0  0
  998 660   0  10   0   0  1  0
  999 564   0  11 127  12  0  0
 1000 212   0   0   0   6  0  0
 1001 564   0   0   0   9  0  0
 1002 94164   0   0   0   0  0  0
 1003   0   0   0   0   0  0  3
 1004   0   0   0   0   0  0  1
 1005  10   0   0   0   0  0  2
 1006  25   0   0   0   1  0  0
 1007 262   1   0   0   2  0  0
 1008 763   0   5  13   3  0  0
 1009 212   2   0   0   6  0  0
 1010 564   0   7 124   9  0  0
 1011 660   0  10   0   0  1  0
 1012 564   0  11 125  12  0  0
 1013 212   2   0   0   6  0  0
 1014 564   0   7 126   9  0  0
 1015 660   0  10   0   0  1  0
 1016 564   0  11 127  12  0  0
 1017 212   0   0   0   6  0  0
 1018 564   0   0   0   9  0  0
 1019 94164   0   0   0   0  0  0
 1020   0   0   0   0   0  0  3
 1021   0   0   0   0   0  0  1
 1022  10   0   0   0   0  0  2
 1023  25   0   0   0   1  0  0
 1024 262   1   0   0   2  0  0
 1025 763   0   5   4   3  0  0
 1026 212   2   0   0   6  0  0
 1027 564   0   7 128   9  0  0
 1028 660   0  10   0   0  1  0
 1029 564   0  11 129  12  0  0
 1030 212   2   0   0   6  0  0
 1031 564   0   7 130   9  0  0
 1032 660   0  10   0   0  1  0
 1033 564   0  11 131  12  0  0
 1034 212   0   0   0   6  0  0
 1035 564   0   0   0   9  0  0
 1036 94164   0   0   0   0  0  0
 1037   0   0   0   0   0  0  3
 1038   0   0   0   0   0  0  1
 1039  10   0   0   0   0  0  2
 1040  25   0   0   0   1  0  0
 1041 262   1   0   0   2  0  0
 1042 763   0   5  13   3  0  0
 1043 212   2   0   0   6  0  0
 1044 564   0   7 128   9  0  0
 1045 660   0  10   0   0  1  0
 1046 564   0  11 129  12  0  0
 1047 212   2   0   0   6  0  0
 1048 564   0   7 130   9  0  0
 1049 660   0  10   0   0  1  0
 1050 564   0  11 131  12  0  0
 1051 212   0   0   0   6  0  0
 1052 564   0   0   0   9  0  0
 1053 94164   0   0   0   0  0  0
 1054   0   0   0   0   0  0  3
 1055   0   0   0   0   0  0  1
 1056  10   0   0   0   0  0  2
 1057  25   0   0   0   1  0  0
 1058 262   1   0   0   2  0  0
 1059 763   0   5   4   3  0  0
 1060 212   2   0   0   6  0  0
 1061 564   0   7 132   9  0  0
 1062 660   0  10   0   0  1  0
 1063 564   0  11 133  12  0  0
 1064 212   2   0   0   6  0  0
 1065 564   0   7 134   9  0  0
 1066 660   0  10   0   0  1  0
 1067 564   0  11 135  12  0  0
 1068 212   0   0   0   6  0  0
 1069 564   0   0   0   9  0  0
 1070 94164   0   0   0   0  0  0
 1071   0   0   0   0   0  0  3
 1072   0   0   0   0   0  0  1
 1073  10   0   0   0   0  0  2
 1074  25   0   0   0   1  0  0
 1075 262   1   0   0   2  0  0
 1076 763   0   5  13   3  0  0
 1077 212   2   0   0   6  0  0
 1078 564   0   7 132   9  0  0
 1079 660   0  10   0   0  1  0
 1080 564   0  11 133  12  0  0
 1081 212   2   0   0   6  0  0
 1082 564   0   7 134   9  0  0
 1083 660   0  10   0   0  1  0
 1084 564   0  11 135  12  0  0
 1085 212   0   0   0   6  0  0
 1086 564   0   0   0   9  0  0
 1087 94164   0   0   0   0  0  0
 1088   0   0   0   0   0  0  3
 1089   0   0   0   0   0  0  1
 1090  10   0   0   0   0  0  2
 1091  25   0   0   0   1  0  0
 1092 262   1   0   0   2  0  0
 1093 763   0   5   4   3  0  0
 1094 212   2   0   0   6  0  0
 1095 564   0   7 136   9  0  0
 1096 660   0  10   0   0  1  0
 1097 564   0  11 137  12  0  0
 1098 212   2   0   0   6  0  0
 1099 564   0   7 138   9  0  0
 1100 660   0  10   0   0  1  0
 1101 564   0  11 139  12  0  0
 1102 212   0   0   0   6  0  0
 1103 564   0   0   0   9  0  0
 1104 94164   0   0   0   0  0  0
 1105   0   0   0   0   0  0  3
 1106   0   0   0   0   0  0  1
 1107  10   0   0   0   0  0  2
 1108  25   0   0   0   1  0  0
 1109 262   1   0   0   2  0  0
 1110 763   0   5  13   3  0  0
 1111 212   2   0   0   6  0  0
 1112 564   0   7 136   9  0  0
 1113 660   0  10   0   0  1  0
 1114 564   0  11 137  12  0  0
 1115 212   2   0   0   6  0  0
 1116 564   0   7 138   9  0  0
 1117 660   0  10   0   0  1  0
 1118 564   0  11 139  12  0  0
 1119 212   0   0   0   6  0  0
 1120 564   0   0   0   9  0  0
 1121 94164   0   0   0   0  0  0
 1122   0   0   0   0   0  0  3
 1123   0   0   0   0   0  0  1
 1124  10   0   0   0   0  0  2
 1125  25   0   0   0   1  0  0
 1126 262   1   0   0   2  0  0
 1127 763   0   5   4   3  0  0
 1128 212   2   0   0   6  0  0
 1129 564   0   7   8   9  0  0
 1130 660   0  10   0   0  1  0
 1131 564   0  11   8  12  0  0
 1132 212   2   0   0   6  0  0
 1133 564   0   7 140   9  0  0
 1134 660   0  10   0   0  1  0
 1135 564   0  11 141  12  0  0
 1136 212   0   0   0   6  0  0
 1137 564   0   0   0   9  0  0
 1138 94164   0   0   0   0  0  0
 1139   0   0   0   0   0  0  3
 1140   0   0   0   0   0  0  1
 1141  10   0   0   0   0  0  2
 1142  25   0   0   0   1  0  0
 1143 262   1   0   0   2  0  0
 1144 763   0   5  13   3  0  0
 1145 212   2   0   0   6  0  0
 1146 564   0   7   8   9  0  0
 1147 660   0  10   0   0  1  0
 1148 564   0  11   8  12  0  0
 1149 212   2   0   0   6  0  0
 1150 564   0   7 140   9  0  0
 1151 660   0  10   0   0  1  0
 1152 564   0  11 141  12  0  0
 1153 212   0   0   0   6  0  0
 1154 564   0   0   0   9  0  0
 1155 94164   0   0   0   0  0  0
 1156   0   0   0   0   0  0  3
 1157   0   0   0   0   0  0  1
 1158  10   0   0   0   0  0  2
 1159  25   0   0   0   1  0  0
 1160 262   1   0   0   2  0  0
 1161 763   0   5   4   3  0  0
 1162 212   2   0   0   6  0  0
 1163 564   0   7 137   9  0  0
 1164 660   0  10   0   0  1  0
 1165 564   0  11 136  12  0  0
 1166 212   2   0   0   6  0  0
 1167 564   0   7 139   9  0  0
 1168 660   0  10   0   0  1  0
 1169 564   0  11 138  12  0  0
 1170 212   0   0   0   6  0  0
 1171 564   0   0   0   9  0  0
 1172 94164   0   0   0   0  0  0
 1173   0   0   0   0   0  0  3
 1174   0   0   0   0   0  0  1
 1175  10   0   0   0   0  0  2
 1176  25   0   0   0   1  0  0
 1177 262   1   0   0   2  0  0
 1178 763   0   5  13   3  0  0
 1179 212   2   0   0   6  0  0
 1180 564   0   7 137   9  0  0
 1181 660   0  10   0   0  1  0
 1182 564   0  11 136  12  0  0
 1183 212   2   0   0   6  0  0
 1184 564   0   7 139   9  0  0
 1185 660   0  10   0   0  1  0
 1186 564   0  11 138  12  0  0
 1187 212   0   0   0   6  0  0
 1188 564   0   0   0   9  0  0
 1189 94164   0   0   0   0  0  0
 1190   0   0   0   0   0  0  3
 1191   0   0   0   0   0  0  1
 1192  10   0   0   0   0  0  2
 1193  25   0   0   0   1  0  0
 1194 262   1   0   0   2  0  0
 1195 763   0   5   4   3  0  0
 1196 212   2   0   0   6  0  0
 1197 564   0   7 133   9  0  0
 1198 660   0  10   0   0  1  0
 1199 564   0  11 132  12  0  0
 1200 212   2   0   0   6  0  0
 1201 564   0   7 135   9  0  0
 1202 660   0  10   0   0  1  0
 1203 564   0  11 134  12  0  0
 1204 212   0   0   0   6  0  0
 1205 564   0   0   0   9  0  0
 1206 94164   0   0   0   0  0  0
 1207   0   0   0   0   0  0  3
 1208   0   0   0   0   0  0  1
 1209  10   0   0   0   0  0  2
 1210  25   0   0   0   1  0  0
 1211 262   1   0   0   2  0  0
 1212 763   0   5  13   3  0  0
 1213 212   2   0   0   6  0  0
 1214 564   0   7 133   9  0  0
 1215 660   0  10   0   0  1  0
 1216 564   0  11 132  12  0  0
 1217 212   2   0   0   6  0  0
 1218 564   0   7 135   9  0  0
 1219 660   0  10   0   0  1  0
 1220 564   0  11 134  12  0  0
 1221 212   0   0   0   6  0  0
 1222 564   0   0   0   9  0  0
 1223 94164   0   0   0   0  0  0
 1224   0   0   0   0   0  0  3
 1225   0   0   0   0   0  0  1
 1226  10   0   0   0   0  0  2
 1227  25   0   0   0   1  0  0
 1228 262   1   0   0   2  0  0
 1229 763   0   5   4   3  0  0
 1230 212   2   0   0   6  0  0
 1231 564   0   7 129   9  0  0
 1232 660   0  10   0   0  1  0
 1233 564   0  11 128  12  0  0
 1234 212   2   0   0   6  0  0
 1235 564   0   7 131   9  0  0
 1236 660   0  10   0   0  1  0
 1237 564   0  11 130  12  0  0
 1238 212   0   0   0   6  0  0
 1239 564   0   0   0   9  0  0
 1240 94164   0   0   0   0  0  0
 1241   0   0   0   0   0  0  3
 1242   0   0   0   0   0  0  1
 1243  10   0   0   0   0  0  2
 1244  25   0   0   0   1  0  0
 1245 262   1   0   0   2  0  0
 1246 763   0   5  13   3  0  0
 1247 212   2   0   0   6  0  0
 1248 564   0   7 129   9  0  0
 1249 660   0  10   0   0  1  0
 1250 564   0  11 128  12  0  0
 1251 212   2   0   0   6  0  0
 1252 564   0   7 131   9  0  0
 1253 660   0  10   0   0  1  0
 1254 564   0  11 130  12  0  0
 1255 212   0   0   0   6  0  0
 1256 564   0   0   0   9  0  0
 1257 94164   0   0   0   0  0  0
 1258   0   0   0   0   0  0  3
 1259   0   0   0   0   0  0  1
 1260  10   0   0   0   0  0  2
 1261  25   0   0   0   1  0  0
 1262 262   1   0   0   2  0  0
 1263 763   0   5   4   3  0  0
 1264 212   2   0   0   6  0  0
 1265 564   0   7 125   9  0  0
 1266 660   0  10   0   0  1  0
 1267 564   0  11 124  12  0  0
 1268 212   2   0   0   6  0  0
 1269 564   0   7 127   9  0  0
 1270 660   0  10   0   0  1  0
 1271 564   0  11 126  12  0  0
 1272 212   0   0   0   6  0  0
 1273 564   0   0   0   9  0  0
 1274 94164   0   0   0   0  0  0
 1275   0   0   0   0   0  0  3
 1276   0   0   0   0   0  0  1
 1277  10   0   0   0   0  0  2
 1278  25   0   0   0   1  0  0
 1279 262   1   0   0   2  0  0
 1280 763   0   5  13   3  0  0
 1281 212   2   0   0   6  0  0
 1282 564   0   7 125   9  0  0
 1283 660   0  10   0   0  1  0
 1284 564   0  11 124  12  0  0
 1285 212   2   0   0   6  0  0
 1286 564   0   7 127   9  0  0
 1287 660   0  10   0   0  1  0
 1288 564   0  11 126  12  0  0
 1289 212   0   0   0   6  0  0
 1290 564   0   0   0   9  0  0
 1291 94164   0   0   0   0  0  0
 1292   0   0   0   0   0  0  3
 1293   0   0   0   0   0  0  1
 1294  10   0   0   0   0  0  2
 1295  25   0   0   0   1  0  0
 1296 262   1   0   0   2  0  0
 1297 763   0   5   4   3  0  0
 1298 212   2   0   0   6  0  0
 1299 564   0   7 121   9  0  0
 1300 660   0  10   0   0  1  0
 1301 564   0  11 120  12  0  0
 1302 212   2   0   0   6  0  0
 1303 564   0   7 123   9  0  0
 1304 660   0  10   0   0  1  0
 1305 564   0  11 122  12  0  0
 1306 212   0   0   0   6  0  0
 1307 564   0   0   0   9  0  0
 1308 94164   0   0   0   0  0  0
 1309   0   0   0   0   0  0  3
 1310   0   0   0   0   0  0  1
 1311  10   0   0   0   0  0  2
 1312  25   0   0   0   1  0  0
 1313 262   1   0   0   2  0  0
 1314 763   0   5  13   3  0  0
 1315 212   2   0   0   6  0  0
 1316 564   0   7 121   9  0  0
 1317 660   0  10   0   0  1  0
 1318 564   0  11 120  12  0  0
 1319 212   2   0   0   6  0  0
 1320 564   0   7 123   9  0  0
 1321 660   0  10   0   0  1  0
 1322 564   0  11 122  12  0  0
 1323 212   0   0   0   6  0  0
 1324 564   0   0   0   9  0  0
 1325 94164   0   0   0   0  0  0
 1326   0   0   0   0   0  0  3
 1327   0   0   0   0   0  0  1
 1328  10   0   0   0   0  0  2
 1329  25   0   0   0   1  0  0
 1330 262   1   0   0   2  0  0
 1331 763   0   5   4   3  0  0
 1332 212   2   0   0   6  0  0
 1333 564   0   7 117   9  0  0
 1334 660   0  10   0   0  1  0
 1335 564   0  11 116  12  0  0
 1336 212   2   0   0   6  0  0
 1337 564   0   7 119   9  0  0
 1338 660   0  10   0   0  1  0
 1339 564   0  11 118  12  0  0
 1340 212   0   0   0   6  0  0
 1341 564   0   0   0   9  0  0
 1342 94164   0   0   0   0  0  0
 1343   0   0   0   0   0  0  3
 1344   0   0   0   0   0  0  1
 1345  10   0   0   0   0  0  2
 1346  25   0   0   0   1  0  0
 1347 262   1   0   0   2  0  0
 1348 763   0   5  13   3  0  0
 1349 212   2   0   0   6  0  0
 1350 564   0   7 117   9  0  0
 1351 660   0  10   0   0  1  0
 1352 564   0  11 116  12  0  0
 1353 212   2   0   0   6  0  0
 1354 564   0   7 119   9  0  0
 1355 660   0  10   0   0  1  0
 1356 564   0  11 118  12  0  0
 1357 212   0   0   0   6  0  0
 1358 564   0   0   0   9  0  0
 1359 94164   0   0   0   0  0  0
 1360   0   0   0   0   0  0  3
 1361   0   0   0   0   0  0  1
 1362  10   0   0   0   0  0  2
 1363  25   0   0   0   1  0  0
 1364 262   1   0   0   2  0  0
 1365 763   0   5   4   3  0  0
 1366 212   2   0   0   6  0  0
 1367 564   0   7 113   9  0  0
 1368 660   0  10   0   0  1  0
 1369 564   0  11 112  12  0  0
 1370 212   2   0   0   6  0  0
 1371 564   0   7 115   9  0  0
 1372 660   0  10   0   0  1  0
 1373 564   0  11 114  12  0  0
 1374 212   0   0   0   6  0  0
 1375 564   0   0   0   9  0  0
 1376 94164   0   0   0   0  0  0
 1377   0   0   0   0   0  0  3
 1378   0   0   0   0   0  0  1
 1379  10   0   0   0   0  0  2
 1380  25   0   0   0   1  0  0
 1381 262   1   0   0   2  0  0
 1382 763   0   5  13   3  0  0
 1383 212   2   0   0   6  0  0
 1384 564   0   7 113   9  0  0
 1385 660   0  10   0   0  1  0
 1386 564   0  11 112  12  0  0
 1387 212   2   0   0   6  0  0
 1388 564   0   7 115   9  0  0
 1389 660   0  10   0   0  1  0
 1390 564   0  11 114  12  0  0
 1391 212   0   0   0   6  0  0
 1392 564   0   0   0   9  0  0
 1393 94164   0   0   0   0  0  0
 1394   0   0   0   0   0  0  3
 1395   0   0   0   0   0  0  1
 1396  10   0   0   0   0  0  2
 1397  25   0   0   0   1  0  0
 1398 262   1   0   0   2  0  0
 1399 763   0   5   4   3  0  0
 1400 212   2   0   0   6  0  0
 1401 564   0   7 109   9  0  0
 1402 660   0  10   0   0  1  0
 1403 564   0  11 108  12  0  0
 1404 212   2   0   0   6  0  0
 1405 564   0   7 111   9  0  0
 1406 660   0  10   0   0  1  0
 1407 564   0  11 110  12  0  0
 1408 212   0   0   0   6  0  0
 1409 564   0   0   0   9  0  0
 1410 94164   0   0   0   0  0  0
 1411   0   0   0   0   0  0  3
 1412   0   0   0   0   0  0  1
 1413  10   0   0   0   0  0  2
 1414  25   0   0   0   1  0  0
 1415 262   1   0   0   2  0  0
 1416 763   0   5  13   3  0  0
 1417 212   2   0   0   6  0  0
 1418 564   0   7 109   9  0  0
 1419 660   0  10   0   0  1  0
 1420 564   0  11 108  12  0  0
 1421 212   2   0   0   6  0  0
 1422 564   0   7 111   9  0  0
 1423 660   0  10   0   0  1  0
 1424 564   0  11 110  12  0  0
 1425 212   0   0   0   6  0  0
 1426 564   0   0   0   9  0  0
 1427 94164   0   0   0   0  0  0
 1428   0   0   0   0   0  0  3
 1429   0   0   0   0   0  0  1
 1430  10   0   0   0   0  0  2
 1431  25   0   0   0   1  0  0
 1432 262   1   0   0   2  0  0
 1433 763   0   5   4   3  0  0
 1434 212   2   0   0   6  0  0
 1435 564   0   7 105   9  0  0
 1436 660   0  10   0   0  1  0
 1437 564   0  11 104  12  0  0
 1438 212   2   0   0   6  0  0
 1439 564   0   7 107   9  0  0
 1440 660   0  10   0   0  1  0
 1441 564   0  11 106  12  0  0
 1442 212   0   0   0   6  0  0
 1443 564   0   0   0   9  0  0
 1444 94164   0   0   0   0  0  0
 1445   0   0   0   0   0  0  3
 1446   0   0   0   0   0  0  1
 1447  10   0   0   0   0  0  2
 1448  25   0   0   0   1  0  0
 1449 262   1   0   0   2  0  0
 1450 763   0   5  13   3  0  0
 1451 212   2   0   0   6  0  0
 1452 564   0   7 105   9  0  0
 1453 660   0  10   0   0  1  0
 1454 564   0  11 104  12  0  0
 1455 212   2   0   0   6  0  0
 1456 564   0   7 107   9  0  0
 1457 660   0  10   0   0  1  0
 1458 564   0  11 106  12  0  0
 1459 212   0   0   0   6  0  0
 1460 564   0   0   0   9  0  0
 1461 94164   0   0   0   0  0  0
 1462   0   0   0   0   0  0  3
 1463   0   0   0   0   0  0  1
 1464  10   0   0   0   0  0  2
 1465  25   0   0   0   1  0  0
 1466 262   1   0   0   2  0  0
 1467 763   0   5   4   3  0  0
 1468 212   2   0   0   6  0  0
 1469 564   0   7 101   9  0  0
 1470 660   0  10   0   0  1  0
 1471 564   0  11 100  12  0  0
 1472 212   2   0   0   6  0  0
 1473 564   0   7 103   9  0  0
 1474 660   0  10   0   0  1  0
 1475 564   0  11 102  12  0  0
 1476 212   0   0   0   6  0  0
 1477 564   0   0   0   9  0  0
 1478 94164   0   0   0   0  0  0
 1479   0   0   0   0   0  0  3
 1480   0   0   0   0   0  0  1
 1481  10   0   0   0   0  0  2
 1482  25   0   0   0   1  0  0
 1483 262   1   0   0   2  0  0
 1484 763   0   5  13   3  0  0
 1485 212   2   0   0   6  0  0
 1486 564   0   7 101   9  0  0
 1487 660   0  10   0   0  1  0
 1488 564   0  11 100  12  0  0
 1489 212   2   0   0   6  0  0
 1490 564   0   7 103   9  0  0
 1491 660   0  10   0   0  1  0
 1492 564   0  11 102  12  0  0
 1493 212   0   0   0   6  0  0
 1494 564   0   0   0   9  0  0
 1495 94164   0   0   0   0  0  0
 1496   0   0   0   0   0  0  3
 1497   0   0   0   0   0  0  1
 1498  10   0   0   0   0  0  2
 1499  25   0   0   0   1  0  0
 1500 262   1   0   0   2  0  0
 1501 763   0   5   4   3  0  0
 1502 212   2   0   0   6  0  0
 1503 564   0   7  97   9  0  0
 1504 660   0  10   0   0  1  0
 1505 564   0  11  96  12  0  0
 1506 212   2   0   0   6  0  0
 1507 564   0   7  99   9  0  0
 1508 660   0  10   0   0  1  0
 1509 564   0  11  98  12  0  0
 1510 212   0   0   0   6  0  0
 1511 564   0   0   0   9  0  0
 1512 94164   0   0   0   0  0  0
 1513   0   0   0   0   0  0  3
 1514   0   0   0   0   0  0  1
 1515  10   0   0   0   0  0  2
 1516  25   0   0   0   1  0  0
 1517 262   1   0   0   2  0  0
 1518 763   0   5  13   3  0  0
 1519 212   2   0   0   6  0  0
 1520 564   0   7  97   9  0  0
 1521 660   0  10   0   0  1  0
 1522 564   0  11  96  12  0  0
 1523 212   2   0   0   6  0  0
 1524 564   0   7  99   9  0  0
 1525 660   0  10   0   0  1  0
 1526 564   0  11  98  12  0  0
 1527 212   0   0   0   6  0  0
 1528 564   0   0   0   9  0  0
 1529 94164   0   0   0   0  0  0
 1530   0   0   0   0   0  0  3
 1531   0   0   0   0   0  0  1
 1532  10   0   0   0   0  0  2
 1533  25   0   0   0   1  0  0
 1534 262   1   0   0   2  0  0
 1535 763   0   5   4   3  0  0
 1536 212   2   0   0   6  0  0
 1537 564   0   7  93   9  0  0
 1538 660   0  10   0   0  1  0
 1539 564   0  11  92  12  0  0
 1540 212   2   0   0   6  0  0
 1541 564   0   7  95   9  0  0
 1542 660   0  10   0   0  1  0
 1543 564   0  11  94  12  0  0
 1544 212   0   0   0   6  0  0
 1545 564   0   0   0   9  0  0
 1546 94164   0   0   0   0  0  0
 1547   0   0   0   0   0  0  3
 1548   0   0   0   0   0  0  1
 1549  10   0   0   0   0  0  2
 1550  25   0   0   0   1  0  0
 1551 262   1   0   0   2  0  0
 1552 763   0   5  13   3  0  0
 1553 212   2   0   0   6  0  0
 1554 564   0   7  93   9  0  0
 1555 660   0  10   0   0  1  0
 1556 564   0  11  92  12  0  0
 1557 212   2   0   0   6  0  0
 1558 564   0   7  95   9  0  0
 1559 660   0  10   0   0  1  0
 1560 564   0  11  94  12  0  0
 1561 212   0   0   0   6  0  0
 1562 564   0   0   0   9  0  0
 1563 94164   0   0   0   0  0  0
 1564   0   0   0   0   0  0  3
 1565   0   0   0   0   0  0  1
 1566  10   0   0   0   0  0  2
 1567  25   0   0   0   1  0  0
 1568 262   1   0   0   2  0  0
 1569 763   0   5   4   3  0  0
 1570 212   2   0   0   6  0  0
 1571 564   0   7  89   9  0  0
 1572 660   0  10   0   0  1  0
 1573 564   0  11  88  12  0  0
 1574 212   2   0   0   6  0  0
 1575 564   0   7  91   9  0  0
 1576 660   0  10   0   0  1  0
 1577 564   0  11  90  12  0  0
 1578 212   0   0   0   6  0  0
 1579 564   0   0   0   9  0  0
 1580 94164   0   0   0   0  0  0
 1581   0   0   0   0   0  0  3
 1582   0   0   0   0   0  0  1
 1583  10   0   0   0   0  0  2
 1584  25   0   0   0   1  0  0
 1585 262   1   0   0   2  0  0
 1586 763   0   5  13   3  0  0
 1587 212   2   0   0   6  0  0
 1588 564   0   7  89   9  0  0
 1589 660   0  10   0   0  1  0
 1590 564   0  11  88  12  0  0
 1591 212   2   0   0   6  0  0
 1592 564   0   7  91   9  0  0
 1593 660   0  10   0   0  1  0
 1594 564   0  11  90  12  0  0
 1595 212   0   0   0   6  0  0
 1596 564   0   0   0   9  0  0
 1597 94164   0   0   0   0  0  0
 1598   0   0   0   0   0  0  3
 1599   0   0   0   0   0  0  1
 1600  10   0   0   0   0  0  2
 1601  25   0   0   0   1  0  0
 1602 262   1   0   0   2  0  0
 1603 763   0   5   4   3  0  0
 1604 212   2   0   0   6  0  0
 1605 564   0   7  85   9  0  0
 1606 660   0  10   0   0  1  0
 1607 564   0  11  84  12  0  0
 1608 212   2   0   0   6  0  0
 1609 564   0   7  87   9  0  0
 1610 660   0  10   0   0  1  0
 1611 564   0  11  86  12  0  0
 1612 212   0   0   0   6  0  0
 1613 564   0   0   0   9  0  0
 1614 94164   0   0   0   0  0  0
 1615   0   0   0   0   0  0  3
 1616   0   0   0   0   0  0  1
 1617  10   0   0   0   0  0  2
 1618  25   0   0   0   1  0  0
 1619 262   1   0   0   2  0  0
 1620 763   0   5  13   3  0  0
 1621 212   2   0   0   6  0  0
 1622 564   0   7  85   9  0  0
 1623 660   0  10   0   0  1  0
 1624 564   0  11  84  12  0  0
 1625 212   2   0   0   6  0  0
 1626 564   0   7  87   9  0  0
 1627 660   0  10   0   0  1  0
 1628 564   0  11  86  12  0  0
 1629 212   0   0   0   6  0  0
 1630 564   0   0   0   9  0  0
 1631 94164   0   0   0   0  0  0
 1632   0   0   0   0   0  0  3
 1633   0   0   0   0   0  0  1
 1634  10   0   0   0   0  0  2
 1635  25   0   0   0   1  0  0
 1636 262   1   0   0   2  0  0
 1637 763   0   5   4   3  0  0
 1638 212   2   0   0   6  0  0
 1639 564   0   7  81   9  0  0
 1640 660   0  10   0   0  1  0
 1641 564   0  11  80  12  0  0
 1642 212   2   0   0   6  0  0
 1643 564   0   7  83   9  0  0
 1644 660   0  10   0   0  1  0
 1645 564   0  11  82  12  0  0
 1646 212   0   0   0   6  0  0
 1647 564   0   0   0   9  0  0
 1648 94164   0   0   0   0  0  0
 1649   0   0   0   0   0  0  3
 1650   0   0   0   0   0  0  1
 1651  10   0   0   0   0  0  2
 1652  25   0   0   0   1  0  0
 1653 262   1   0   0   2  0  0
 1654 763   0   5  13   3  0  0
 1655 212   2   0   0   6  0  0
 1656 564   0   7  81   9  0  0
 1657 660   0  10   0   0  1  0
 1658 564   0  11  80  12  0  0
 1659 212   2   0   0   6  0  0
 1660 564   0   7  83   9  0  0
 1661 660   0  10   0   0  1  0
 1662 564   0  11  82  12  0  0
 1663 212   0   0   0   6  0  0
 1664 564   0   0   0   9  0  0
 1665 94164   0   0   0   0  0  0
 1666   0   0   0   0   0  0  3
 1667   0   0   0   0   0  0  1
 1668  10   0   0   0   0  0  2
 1669  25   0   0   0   1  0  0
 1670 262   1   0   0   2  0  0
 1671 763   0   5   4   3  0  0
 1672 212   2   0   0   6  0  0
 1673 564   0   7  77   9  0  0
 1674 660   0  10   0   0  1  0
 1675 564   0  11  76  12  0  0
 1676 212   2   0   0   6  0  0
 1677 564   0   7  79   9  0  0
 1678 660   0  10   0   0  1  0
 1679 564   0  11  78  12  0  0
 1680 212   0   0   0   6  0  0
 1681 564   0   0   0   9  0  0
 1682 94164   0   0   0   0  0  0
 1683   0   0   0   0   0  0  3
 1684   0   0   0   0   0  0  1
 1685  10   0   0   0   0  0  2
 1686  25   0   0   0   1  0  0
 1687 262   1   0   0   2  0  0
 1688 763   0   5  13   3  0  0
 1689 212   2   0   0   6  0  0
 1690 564   0   7  77   9  0  0
 1691 660   0  10   0   0  1  0
 1692 564   0  11  76  12  0  0
 1693 212   2   0   0   6  0  0
 1694 564   0   7  79   9  0  0
 1695 660   0  10   0   0  1  0
 1696 564   0  11  78  12  0  0
 1697 212   0   0   0   6  0  0
 1698 564   0   0   0   9  0  0
 1699 94164   0   0   0   0  0  0
 1700   0   0   0   0   0  0  3
 1701   0   0   0   0   0  0  1
 1702  10   0   0   0   0  0  2
 1703  25   0   0   0   1  0  0
 1704 262   1   0   0   2  0  0
 1705 763   0   5   4   3  0  0
 1706 212   2   0   0   6  0  0
 1707 564   0   7  73   9  0  0
 1708 660   0  10   0   0  1  0
 1709 564   0  11  72  12  0  0
 1710 212   2   0   0   6  0  0
 1711 564   0   7  75   9  0  0
 1712 660   0  10   0   0  1  0
 1713 564   0  11  74  12  0  0
 1714 212   0   0   0   6  0  0
 1715 564   0   0   0   9  0  0
 1716 94164   0   0   0   0  0  0
 1717   0   0   0   0   0  0  3
 1718   0   0   0   0   0  0  1
 1719  10   0   0   0   0  0  2
 1720  25   0   0   0   1  0  0
 1721 262   1   0   0   2  0  0
 1722 763   0   5  13   3  0  0
 1723 212   2   0   0   6  0  0
 1724 564   0   7  73   9  0  0
 1725 660   0  10   0   0  1  0
 1726 564   0  11  72  12  0  0
 1727 212   2   0   0   6  0  0
 1728 564   0   7  75   9  0  0
 1729 660   0  10   0   0  1  0
 1730 564   0  11  74  12  0  0
 1731 212   0   0   0   6  0  0
 1732 564   0   0   0   9  0  0
 1733 94164   0   0   0   0  0  0
 1734   0   0   0   0   0  0  3
 1735   0   0   0   0   0  0  1
 1736  10   0   0   0   0  0  2
 1737  25   0   0   0   1  0  0
 1738 262   1   0   0   2  0  0
 1739 763   0   5   4   3  0  0
 1740 212   2   0   0   6  0  0
 1741 564   0   7  69   9  0  0
 1742 660   0  10   0   0  1  0
 1743 564   0  11  68  12  0  0
 1744 212   2   0   0   6  0  0
 1745 564   0   7  71   9  0  0
 1746 660   0  10   0   0  1  0
 1747 564   0  11  70  12  0  0
 1748 212   0   0   0   6  0  0
 1749 564   0   0   0   9  0  0
 1750 94164   0   0   0   0  0  0
 1751   0   0   0   0   0  0  3
 1752   0   0   0   0   0  0  1
 1753  10   0   0   0   0  0  2
 1754  25   0   0   0   1  0  0
 1755 262   1   0   0   2  0  0
 1756 763   0   5  13   3  0  0
 1757 212   2   0   0   6  0  0
 1758 564   0   7  69   9  0  0
 1759 660   0  10   0   0  1  0
 1760 564   0  11  68  12  0  0
 1761 212   2   0   0   6  0  0
 1762 564   0   7  71   9  0  0
 1763 660   0  10   0   0  1  0
 1764 564   0  11  70  12  0  0
 1765 212   0   0   0   6  0  0
 1766 564   0   0   0   9  0  0
 1767 94164   0   0   0   0  0  0
 1768   0   0   0   0   0  0  3
 1769   0   0   0   0   0  0  1
 1770  10   0   0   0   0  0  2
 1771  25   0   0   0   1  0  0
 1772 262   1   0   0   2  0  0
 1773 763   0   5   4   3  0  0
 1774 212   2   0   0   6  0  0
 1775 564   0   7  65   9  0  0
 1776 660   0  10   0   0  1  0
 1777 564   0  11  64  12  0  0
 1778 212   2   0   0   6  0  0
 1779 564   0   7  67   9  0  0
 1780 660   0  10   0   0  1  0
 1781 564   0  11  66  12  0  0
 1782 212   0   0   0   6  0  0
 1783 564   0   0   0   9  0  0
 1784 94164   0   0   0   0  0  0
 1785   0   0   0   0   0  0  3
 1786   0   0   0   0   0  0  1
 1787  10   0   0   0   0  0  2
 1788  25   0   0   0   1  0  0
 1789 262   1   0   0   2  0  0
 1790 763   0   5  13   3  0  0
 1791 212   2   0   0   6  0  0
 1792 564   0   7  65   9  0  0
 1793 660   0  10   0   0  1  0
 1794 564   0  11  64  12  0  0
 1795 212   2   0   0   6  0  0
 1796 564   0   7  67   9  0  0
 1797 660   0  10   0   0  1  0
 1798 564   0  11  66  12  0  0
 1799 212   0   0   0   6  0  0
 1800 564   0   0   0   9  0  0
 1801 94164   0   0   0   0  0  0
 1802   0   0   0   0   0  0  3
 1803   0   0   0   0   0  0  1
 1804  10   0   0   0   0  0  2
 1805  25   0   0   0   1  0  0
 1806 262   1   0   0   2  0  0
 1807 763   0   5   4   3  0  0
 1808 212   2   0   0   6  0  0
 1809 564   0   7  61   9  0  0
 1810 660   0  10   0   0  1  0
 1811 564   0  11  60  12  0  0
 1812 212   2   0   0   6  0  0
 1813 564   0   7  63   9  0  0
 1814 660   0  10   0   0  1  0
 1815 564   0  11  62  12  0  0
 1816 212   0   0   0   6  0  0
 1817 564   0   0   0   9  0  0
 1818 94164   0   0   0   0  0  0
 1819   0   0   0   0   0  0  3
 1820   0   0   0   0   0  0  1
 1821  10   0   0   0   0  0  2
 1822  25   0   0   0   1  0  0
 1823 262   1   0   0   2  0  0
 1824 763   0   5  13   3  0  0
 1825 212   2   0   0   6  0  0
 1826 564   0   7  61   9  0  0
 1827 660   0  10   0   0  1  0
 1828 564   0  11  60  12  0  0
 1829 212   2   0   0   6  0  0
 1830 564   0   7  63   9  0  0
 1831 660   0  10   0   0  1  0
 1832 564   0  11  62  12  0  0
 1833 212   0   0   0   6  0  0
 1834 564   0   0   0   9  0  0
 1835 94164   0   0   0   0  0  0
 1836   0   0   0   0   0  0  3
 1837   0   0   0   0   0  0  1
 1838  10   0   0   0   0  0  2
 1839  25   0   0   0   1  0  0
 1840 262   1   0   0   2  0  0
 1841 763   0   5   4   3  0  0
 1842 212   2   0   0   6  0  0
 1843 564   0   7  57   9  0  0
 1844 660   0  10   0   0  1  0
 1845 564   0  11  56  12  0  0
 1846 212   2   0   0   6  0  0
 1847 564   0   7  59   9  0  0
 1848 660   0  10   0   0  1  0
 1849 564   0  11  58  12  0  0
 1850 212   0   0   0   6  0  0
 1851 564   0   0   0   9  0  0
 1852 94164   0   0   0   0  0  0
 1853   0   0   0   0   0  0  3
 1854   0   0   0   0   0  0  1
 1855  10   0   0   0   0  0  2
 1856  25   0   0   0   1  0  0
 1857 262   1   0   0   2  0  0
 1858 763   0   5  13   3  0  0
 1859 212   2   0   0   6  0  0
 1860 564   0   7  57   9  0  0
 1861 660   0  10   0   0  1  0
 1862 564   0  11  56  12  0  0
 1863 212   2   0   0   6  0  0
 1864 564   0   7  59   9  0  0
 1865 660   0  10   0   0  1  0
 1866 564   0  11  58  12  0  0
 1867 212   0   0   0   6  0  0
 1868 564   0   0   0   9  0  0
 1869 94164   0   0   0   0  0  0
 1870   0   0   0   0   0  0  3
 1871   0   0   0   0   0  0  1
 1872  10   0   0   0   0  0  2
 1873  25   0   0   0   1  0  0
 1874 262   1   0   0   2  0  0
 1875 763   0   5   4   3  0  0
 1876 212   2   0   0   6  0  0
 1877 564   0   7  53   9  0  0
 1878 660   0  10   0   0  1  0
 1879 564   0  11  52  12  0  0
 1880 212   2   0   0   6  0  0
 1881 564   0   7  55   9  0  0
 1882 660   0  10   0   0  1  0
 1883 564   0  11  54  12  0  0
 1884 212   0   0   0   6  0  0
 1885 564   0   0   0   9  0  0
 1886 94164   0   0   0   0  0  0
 1887   0   0   0   0   0  0  3
 1888   0   0   0   0   0  0  1
 1889  10   0   0   0   0  0  2
 1890  25   0   0   0   1  0  0
 1891 262   1   0   0   2  0  0
 1892 763   0   5  13   3  0  0
 1893 212   2   0   0   6  0  0
 1894 564   0   7  53   9  0  0
 1895 660   0  10   0   0  1  0
 1896 564   0  11  52  12  0  0
 1897 212   2   0   0   6  0  0
 1898 564   0   7  55   9  0  0
 1899 660   0  10   0   0  1  0
 1900 564   0  11  54  12  0  0
 1901 212   0   0   0   6  0  0
 1902 564   0   0   0   9  0  0
 1903 94164   0   0   0   0  0  0
 1904   0   0   0   0   0  0  3
 1905   0   0   0   0   0  0  1
 1906  10   0   0   0   0  0  2
 1907  25   0   0   0   1  0  0
 1908 262   1   0   0   2  0  0
 1909 763   0   5   4   3  0  0
 1910 212   2   0   0   6  0  0
 1911 564   0   7  49   9  0  0
 1912 660   0  10   0   0  1  0
 1913 564   0  11  48  12  0  0
 1914 212   2   0   0   6  0  0
 1915 564   0   7  51   9  0  0
 1916 660   0  10   0   0  1  0
 1917 564   0  11  50  12  0  0
 1918 212   0   0   0   6  0  0
 1919 564   0   0   0   9  0  0
 1920 94164   0   0   0   0  0  0
 1921   0   0   0   0   0  0  3
 1922   0   0   0   0   0  0  1
 1923  10   0   0   0   0  0  2
 1924  25   0   0   0   1  0  0
 1925 262   1   0   0   2  0  0
 1926 763   0   5  13   3  0  0
 1927 212   2   0   0   6  0  0
 1928 564   0   7  49   9  0  0
 1929 660   0  10   0   0  1  0
 1930 564   0  11  48  12  0  0
 1931 212   2   0   0   6  0  0
 1932 564   0   7  51   9  0  0
 1933 660   0  10   0   0  1  0
 1934 564   0  11  50  12  0  0
 1935 212   0   0   0   6  0  0
 1936 564   0   0   0   9  0  0
 1937 94164   0   0   0   0  0  0
 1938   0   0   0   0   0  0  3
 1939   0   0   0   0   0  0  1
 1940  10   0   0   0   0  0  2
 1941  25   0   0   0   1  0  0
 1942 262   1   0   0   2  0  0
 1943 763   0   5   4   3  0  0
 1944 212   2   0   0   6  0  0
 1945 564   0   7  45   9  0  0
 1946 660   0  10   0   0  1  0
 1947 564   0  11  44  12  0  0
 1948 212   2   0   0   6  0  0
 1949 564   0   7  47   9  0  0
 1950 660   0  10   0   0  1  0
 1951 564   0  11  46  12  0  0
 1952 212   0   0   0   6  0  0
 1953 564   0   0   0   9  0  0
 1954 94164   0   0   0   0  0  0
 1955   0   0   0   0   0  0  3
 1956   0   0   0   0   0  0  1
 1957  10   0   0   0   0  0  2
 1958  25   0   0   0   1  0  0
 1959 262   1   0   0   2  0  0
 1960 763   0   5  13   3  0  0
 1961 212   2   0   0   6  0  0
 1962 564   0   7  45   9  0  0
 1963 660   0  10   0   0  1  0
 1964 564   0  11  44  12  0  0
 1965 212   2   0   0   6  0  0
 1966 564   0   7  47   9  0  0
 1967 660   0  10   0   0  1  0
 1968 564   0  11  46  12  0  0
 1969 212   0   0   0   6  0  0
 1970 564   0   0   0   9  0  0
 1971 94164   0   0   0   0  0  0
 1972   0   0   0   0   0  0  3
 1973   0   0   0   0   0  0  1
 1974  10   0   0   0   0  0  2
 1975  25   0   0   0   1  0  0
 1976 262   1   0   0   2  0  0
 1977 763   0   5   4   3  0  0
 1978 212   2   0   0   6  0  0
 1979 564   0   7  41   9  0  0
 1980 660   0  10   0   0  1  0
 1981 564   0  11  40  12  0  0
 1982 212   2   0   0   6  0  0
 1983 564   0   7  43   9  0  0
 1984 660   0  10   0   0  1  0
 1985 564   0  11  42  12  0  0
 1986 212   0   0   0   6  0  0
 1987 564   0   0   0   9  0  0
 1988 94164   0   0   0   0  0  0
 1989   0   0   0   0   0  0  3
 1990   0   0   0   0   0  0  1
 1991  10   0   0   0   0  0  2
 1992  25   0   0   0   1  0  0
 1993 262   1   0   0   2  0  0
 1994 763   0   5  13   3  0  0
 1995 212   2   0   0   6  0  0
 1996 564   0   7  41   9  0  0
 1997 660   0  10   0   0  1  0
 1998 564   0  11  40  12  0  0
 1999 212   2   0   0   6  0  0
 2000 564   0   7  43   9  0  0
 2001 660   0  10   0   0  1  0
 2002 564   0  11  42  12  0  0
 2003 212   0   0   0   6  0  0
 2004 564   0   0   0   9  0  0
 2005 94164   0   0   0   0  0  0
 2006   0   0   0   0   0  0  3
 2007   0   0   0   0   0  0  1
 2008  10   0   0   0   0  0  2
 2009  25   0   0   0   1  0  0
 2010 262   1   0   0   2  0  0
 2011 763   0   5   4   3  0  0
 2012 212   2   0   0   6  0  0
 2013 564   0   7  37   9  0  0
 2014 660   0  10   0   0  1  0
 2015 564   0  11  36  12  0  0
 2016 212   2   0   0   6  0  0
 2017 564   0   7  39   9  0  0
 2018 660   0  10   0   0  1  0
 2019 564   0  11  38  12  0  0
 2020 212   0   0   0   6  0  0
 2021 564   0   0   0   9  0  0
 2022 94164   0   0   0   0  0  0
 2023   0   0   0   0   0  0  3
 2024   0   0   0   0   0  0  1
 2025  10   0   0   0   0  0  2
 2026  25   0   0   0   1  0  0
 2027 262   1   0   0   2  0  0
 2028 763   0   5  13   3  0  0
 2029 212   2   0   0   6  0  0
 2030 564   0   7  37   9  0  0
 2031 660   0  10   0   0  1  0
 2032 564   0  11  36  12  0  0
 2033 212   2   0   0   6  0  0
 2034 564   0   7  39   9  0  0
 2035 660   0  10   0   0  1  0
 2036 564   0  11  38  12  0  0
 2037 212   0   0   0   6  0  0
 2038 564   0   0   0   9  0  0
 2039 94164   0   0   0   0  0  0
 2040   0   0   0   0   0  0  3
 2041   0   0   0   0   0  0  1
 2042  10   0   0   0   0  0  2
 2043  25   0   0   0   1  0  0
 2044 262   1   0   0   2  0  0
 2045 763   0   5   4   3  0  0
 2046 212   2   0   0   6  0  0
 2047 564   0   7  33   9  0  0
 2048 660   0  10   0   0  1  0
 2049 564   0  11  32  12  0  0
 2050 212   2   0   0   6  0  0
 2051 564   0   7  35   9  0  0
 2052 660   0  10   0   0  1  0
 2053 564   0  11  34  12  0  0
 2054 212   0   0   0   6  0  0
 2055 564   0   0   0   9  0  0
 2056 94164   0   0   0   0  0  0
 2057   0   0   0   0   0  0  3
 2058   0   0   0   0   0  0  1
 2059  10   0   0   0   0  0  2
 2060  25   0   0   0   1  0  0
 2061 262   1   0   0   2  0  0
 2062 763   0   5  13   3  0  0
 2063 212   2   0   0   6  0  0
 2064 564   0   7  33   9  0  0
 2065 660   0  10   0   0  1  0
 2066 564   0  11  32  12  0  0
 2067 212   2   0   0   6  0  0
 2068 564   0   7  35   9  0  0
 2069 660   0  10   0   0  1  0
 2070 564   0  11  34  12  0  0
 2071 212   0   0   0   6  0  0
 2072 564   0   0   0   9  0  0
 2073 94164   0   0   0   0  0  0
 2074   0   0   0   0   0  0  3
 2075   0   0   0   0   0  0  1
 2076  10   0   0   0   0  0  2
 2077  25   0   0   0   1  0  0
 2078 262   1   0   0   2  0  0
 2079 763   0   5   4   3  0  0
 2080 212   2   0   0   6  0  0
 2081 564   0   7  29   9  0  0
 2082 660   0  10   0   0  1  0
 2083 564   0  11  28  12  0  0
 2084 212   2   0   0   6  0  0
 2085 564   0   7  31   9  0  0
 2086 660   0  10   0   0  1  0
 2087 564   0  11  30  12  0  0
 2088 212   0   0   0   6  0  0
 2089 564   0   0   0   9  0  0
 2090 94164   0   0   0   0  0  0
 2091   0   0   0   0   0  0  3
 2092   0   0   0   0   0  0  1
 2093  10   0   0   0   0  0  2
 2094  25   0   0   0   1  0  0
 2095 262   1   0   0   2  0  0
 2096 763   0   5  13   3  0  0
 2097 212   2   0   0   6  0  0
 2098 564   0   7  29   9  0  0
 2099 660   0  10   0   0  1  0
 2100 564   0  11  28  12  0  0
 2101 212   2   0   0   6  0  0
 2102 564   0   7  31   9  0  0
 2103 660   0  10   0   0  1  0
 2104 564   0  11  30  12  0  0
 2105 212   0   0   0   6  0  0
 2106 564   0   0   0   9  0  0
 2107 94164   0   0   0   0  0  0
 2108   0   0   0   0   0  0  3
 2109   0   0   0   0   0  0  1
 2110  10   0   0   0   0  0  2
 2111  25   0   0   0   1  0  0
 2112 262   1   0   0   2  0  0
 2113 763   0   5   4   3  0  0
 2114 212   2   0   0   6  0  0
 2115 564   0   7  25   9  0  0
 2116 660   0  10   0   0  1  0
 2117 564   0  11  24  12  0  0
 2118 212   2   0   0   6  0  0
 2119 564   0   7  27   9  0  0
 2120 660   0  10   0   0  1  0
 2121 564   0  11  26  12  0  0
 2122 212   0   0   0   6  0  0
 2123 564   0   0   0   9  0  0
 2124 94164   0   0   0   0  0  0
 2125   0   0   0   0   0  0  3
 2126   0   0   0   0   0  0  1
 2127  10   0   0   0   0  0  2
 2128  25   0   0   0   1  0  0
 2129 262   1   0   0   2  0  0
 2130 763   0   5  13   3  0  0
 2131 212   2   0   0   6  0  0
 2132 564   0   7  25   9  0  0
 2133 660   0  10   0   0  1  0
 2134 564   0  11  24  12  0  0
 2135 212   2   0   0   6  0  0
 2136 564   0   7  27   9  0  0
 2137 660   0  10   0   0  1  0
 2138 564   0  11  26  12  0  0
 2139 212   0   0   0   6  0  0
 2140 564   0   0   0   9  0  0
 2141 94164   0   0   0   0  0  0
 2142   0   0   0   0   0  0  3
 2143   0   0   0   0   0  0  1
 2144  10   0   0   0   0  0  2
 2145  25   0   0   0   1  0  0
 2146 262   1   0   0   2  0  0
 2147 763   0   5   4   3  0  0
 2148 212   2   0   0   6  0  0
 2149 564   0   7  21   9  0  0
 2150 660   0  10   0   0  1  0
 2151 564   0  11  20  12  0  0
 2152 212   2   0   0   6  0  0
 2153 564   0   7  23   9  0  0
 2154 660   0  10   0   0  1  0
 2155 564   0  11  22  12  0  0
 2156 212   0   0   0   6  0  0
 2157 564   0   0   0   9  0  0
 2158 94164   0   0   0   0  0  0
 2159   0   0   0   0   0  0  3
 2160   0   0   0   0   0  0  1
 2161  10   0   0   0   0  0  2
 2162  25   0   0   0   1  0  0
 2163 262   1   0   0   2  0  0
 2164 763   0   5  13   3  0  0
 2165 212   2   0   0   6  0  0
 2166 564   0   7  21   9  0  0
 2167 660   0  10   0   0  1  0
 2168 564   0  11  20  12  0  0
 2169 212   2   0   0   6  0  0
 2170 564   0   7  23   9  0  0
 2171 660   0  10   0   0  1  0
 2172 564   0  11  22  12  0  0
 2173 212   0   0   0   6  0  0
 2174 564   0   0   0   9  0  0
 2175 94164   0   0   0   0  0  0
 2176   0   0   0   0   0  0  3
 2177   0   0   0   0   0  0  1
 2178  10   0   0   0   0  0  2
 2179  25   0   0   0   1  0  0
 2180 262   1   0   0   2  0  0
 2181 763   0   5   4   3  0  0
 2182 212   2   0   0   6  0  0
 2183 564   0   7  17   9  0  0
 2184 660   0  10   0   0  1  0
 2185 564   0  11  16  12  0  0
 2186 212   2   0   0   6  0  0
 2187 564   0   7  19   9  0  0
 2188 660   0  10   0   0  1  0
 2189 564   0  11  18  12  0  0
 2190 212   0   0   0   6  0  0
 2191 564   0   0   0   9  0  0
 2192 94164   0   0   0   0  0  0
 2193   0   0   0   0   0  0  3
 2194   0   0   0   0   0  0  1
 2195  10   0   0   0   0  0  2
 2196  25   0   0   0   1  0  0
 2197 262   1   0   0   2  0  0
 2198 763   0   5  13   3  0  0
 2199 212   2   0   0   6  0  0
 2200 564   0   7  17   9  0  0
 2201 660   0  10   0   0  1  0
 2202 564   0  11  16  12  0  0
 2203 212   2   0   0   6  0  0
 2204 564   0   7  19   9  0  0
 2205 660   0  10   0   0  1  0
 2206 564   0  11  18  12  0  0
 2207 212   0   0   0   6  0  0
 2208 564   0   0   0   9  0  0
 2209 94164   0   0   0   0  0  0
 2210   0   0   0   0   0  0  3
 2211   0   0   0   0   0  0  1
 2212  10   0   0   0   0  0  2
 2213  25   0   0   0   0  0  0
 2214  25   0   0   0   1  0  0
 2215 262   1   0   0   2  0  0
 2216 763   0   5   4   3  0  0
 2217 212   2   0   0   6  0  0
 2218 564   0   7   8   9  0  0
 2219 660   0  10   0   0  0  0
 2220 564   0  11   8  12  0  0
 2221 212   2   0   0   6  0  0
 2222 564   0   7   8   9  0  0
 2223 660   0  10   0   0  0  0
 2224 564   0  11   8  12  0  0
 2225 212   0   0   0   6  0  0
 2226 564   0   0   0   9  0  0
 2227 94139   0   0   0   0  0  0
 2228   0   0   0   0   0  0  3
 2229   0   0   0   0   0  0  1
 2230  10   0   0   0   0  0  2
 2231  25   0   0   0   0  0  0
 2232  25   0   0   0   1  0  0
 2233 262   1   0   0   2  0  0
 2234 763   0   5  13   3  0  0
 2235 212   2   0   0   6  0  0
 2236 564   0   7   8   9  0  0
 2237 660   0  10   0   0  0  0
 2238 564   0  11   8  12  0  0
 2239 212   2   0   0   6  0  0
 2240 564   0   7   8   9  0  0
 2241 660   0  10   0   0  0  0
 2242 564   0  11   8  12  0  0
 2243 212   0   0   0   6  0  0
 2244 564   0   0   0   9  0  0
 2245 94139   0   0   0   0  0  0
 2246   0   0   0   0   0  0  3
 2247   0   0   0   0   0  0  1
 2248  10   0   0   0   0  0  2
 2249  25   0   0   0   0  0  0
 2250  25   0   0   0   1  0  0
 2251 262   1   0   0   2  0  0
 2252 763   0   5   4   3  0  0
 2253 212   2   0   0   6  0  0
 2254 564   0   7  14   9  0  0
 2255 660   0  10   0   0  1  0
 2256 564   0  11  15  12  0  0
 2257 212   2   0   0   6  0  0
 2258 564   0   7  15   9  0  0
 2259 660   0  10   0   0  1  0
 2260 564   0  11  14  12  0  0
 2261 212   0   0   0   6  0  0
 2262 564   0   0   0   9  0  0
 2263 94139   0   0   0   0  0  0
 2264   0   0   0   0   0  0  3
 2265   0   0   0   0   0  0  1
 2266  10   0   0   0   0  0  2
 2267  25   0   0   0   0  0  0
 2268  25   0   0   0   1  0  0
 2269 262   1   0   0   2  0  0
 2270 763   0   5  13   3  0  0
 2271 212   2   0   0   6  0  0
 2272 564   0   7  14   9  0  0
 2273 660   0  10   0   0  1  0
 2274 564   0  11  15  12  0  0
 2275 212   2   0   0   6  0  0
 2276 564   0   7  15   9  0  0
 2277 660   0  10   0   0  1  0
 2278 564   0  11  14  12  0  0
 2279 212   0   0   0   6  0  0
 2280 564   0   0   0   9  0  0
 2281 94139   0   0   0   0  0  0
 2282   0   0   0   0   0  0  3
 2283   0   0   0   0   0  0  1
 2284  10   0   0   0   0  0  2
 2285  25   0   0   0   0  0  0
 2286  25   0   0   0   1  0  0
 2287 262   1   0   0   2  0  0
 2288 763   0   5   4   3  0  0
 2289 212   2   0   0   6  0  0
 2290 564   0   7  16   9  0  0
 2291 660   0  10   0   0  1  0
 2292 564   0  11  17  12  0  0
 2293 212   2   0   0   6  0  0
 2294 564   0   7  18   9  0  0
 2295 660   0  10   0   0  1  0
 2296 564   0  11  19  12  0  0
 2297 212   0   0   0   6  0  0
 2298 564   0   0   0   9  0  0
 2299 94139   0   0   0   0  0  0
 2300   0   0   0   0   0  0  3
 2301   0   0   0   0   0  0  1
 2302  10   0   0   0   0  0  2
 2303  25   0   0   0   0  0  0
 2304  25   0   0   0   1  0  0
 2305 262   1   0   0   2  0  0
 2306 763   0   5  13   3  0  0
 2307 212   2   0   0   6  0  0
 2308 564   0   7  16   9  0  0
 2309 660   0  10   0   0  1  0
 2310 564   0  11  17  12  0  0
 2311 212   2   0   0   6  0  0
 2312 564   0   7  18   9  0  0
 2313 660   0  10   0   0  1  0
 2314 564   0  11  19  12  0  0
 2315 212   0   0   0   6  0  0
 2316 564   0   0   0   9  0  0
 2317 94139   0   0   0   0  0  0
 2318   0   0   0   0   0  0  3
 2319   0   0   0   0   0  0  1
 2320  10   0   0   0   0  0  2
 2321  25   0   0   0   0  0  0
 2322  25   0   0   0   1  0  0
 2323 262   1   0   0   2  0  0
 2324 763   0   5   4   3  0  0
 2325 212   2   0   0   6  0  0
 2326 564   0   7  20   9  0  0
 2327 660   0  10   0   0  1  0
 2328 564   0  11  21  12  0  0
 2329 212   2   0   0   6  0  0
 2330 564   0   7  22   9  0  0
 2331 660   0  10   0   0  1  0
 2332 564   0  11  23  12  0  0
 2333 212   0   0   0   6  0  0
 2334 564   0   0   0   9  0  0
 2335 94139   0   0   0   0  0  0
 2336   0   0   0   0   0  0  3
 2337   0   0   0   0   0  0  1
 2338  10   0   0   0   0  0  2
 2339  25   0   0   0   0  0  0
 2340  25   0   0   0   1  0  0
 2341 262   1   0   0   2  0  0
 2342 763   0   5  13   3  0  0
 2343 212   2   0   0   6  0  0
 2344 564   0   7  20   9  0  0
 2345 660   0  10   0   0  1  0
 2346 564   0  11  21  12  0  0
 2347 212   2   0   0   6  0  0
 2348 564   0   7  22   9  0  0
 2349 660   0  10   0   0  1  0
 2350 564   0  11  23  12  0  0
 2351 212   0   0   0   6  0  0
 2352 564   0   0   0   9  0  0
 2353 94139   0   0   0   0  0  0
 2354   0   0   0   0   0  0  3
 2355   0   0   0   0   0  0  1
 2356  10   0   0   0   0  0  2
 2357  25   0   0   0   0  0  0
 2358  25   0   0   0   1  0  0
 2359 262   1   0   0   2  0  0
 2360 763   0   5   4   3  0  0
 2361 212   2   0   0   6  0  0
 2362 564   0   7  24   9  0  0
 2363 660   0  10   0   0  1  0
 2364 564   0  11  25  12  0  0
 2365 212   2   0   0   6  0  0
 2366 564   0   7  26   9  0  0
 2367 660   0  10   0   0  1  0
 2368 564   0  11  27  12  0  0
 2369 212   0   0   0   6  0  0
 2370 564   0   0   0   9  0  0
 2371 94139   0   0   0   0  0  0
 2372   0   0   0   0   0  0  3
 2373   0   0   0   0   0  0  1
 2374  10   0   0   0   0  0  2
 2375  25   0   0   0   0  0  0
 2376  25   0   0   0   1  0  0
 2377 262   1   0   0   2  0  0
 2378 763   0   5  13   3  0  0
 2379 212   2   0   0   6  0  0
 2380 564   0   7  24   9  0  0
 2381 660   0  10   0   0  1  0
 2382 564   0  11  25  12  0  0
 2383 212   2   0   0   6  0  0
 2384 564   0   7  26   9  0  0
 2385 660   0  10   0   0  1  0
 2386 564   0  11  27  12  0  0
 2387 212   0   0   0   6  0  0
 2388 564   0   0   0   9  0  0
 2389 94139   0   0   0   0  0  0
 2390   0   0   0   0   0  0  3
 2391   0   0   0   0   0  0  1
 2392  10   0   0   0   0  0  2
 2393  25   0   0   0   0  0  0
 2394  25   0   0   0   1  0  0
 2395 262   1   0   0   2  0  0
 2396 763   0   5   4   3  0  0
 2397 212   2   0   0   6  0  0
 2398 564   0   7  28   9  0  0
 2399 660   0  10   0   0  1  0
 2400 564   0  11  29  12  0  0
 2401 212   2   0   0   6  0  0
 2402 564   0   7  30   9  0  0
 2403 660   0  10   0   0  1  0
 2404 564   0  11  31  12  0  0
 2405 212   0   0   0   6  0  0
 2406 564   0   0   0   9  0  0
 2407 94139   0   0   0   0  0  0
 2408   0   0   0   0   0  0  3
 2409   0   0   0   0   0  0  1
 2410  10   0   0   0   0  0  2
 2411  25   0   0   0   0  0  0
 2412  25   0   0   0   1  0  0
 2413 262   1   0   0   2  0  0
 2414 763   0   5  13   3  0  0
 2415 212   2   0   0   6  0  0
 2416 564   0   7  28   9  0  0
 2417 660   0  10   0   0  1  0
 2418 564   0  11  29  12  0  0
 2419 212   2   0   0   6  0  0
 2420 564   0   7  30   9  0  0
 2421 660   0  10   0   0  1  0
 2422 564   0  11  31  12  0  0
 2423 212   0   0   0   6  0  0
 2424 564   0   0   0   9  0  0
 2425 94139   0   0   0   0  0  0
 2426   0   0   0   0   0  0  3
 2427   0   0   0   0   0  0  1
 2428  10   0   0   0   0  0  2
 2429  25   0   0   0   0  0  0
 2430  25   0   0   0   1  0  0
 2431 262   1   0   0   2  0  0
 2432 763   0   5   4   3  0  0
 2433 212   2   0   0   6  0  0
 2434 564   0   7  32   9  0  0
 2435 660   0  10   0   0  1  0
 2436 564   0  11  33  12  0  0
 2437 212   2   0   0   6  0  0
 2438 564   0   7  34   9  0  0
 2439 660   0  10   0   0  1  0
 2440 564   0  11  35  12  0  0
 2441 212   0   0   0   6  0  0
 2442 564   0   0   0   9  0  0
 2443 94139   0   0   0   0  0  0
 2444   0   0   0   0   0  0  3
 2445   0   0   0   0   0  0  1
 2446  10   0   0   0   0  0  2
 2447  25   0   0   0   0  0  0
 2448  25   0   0   0   1  0  0
 2449 262   1   0   0   2  0  0
 2450 763   0   5  13   3  0  0
 2451 212   2   0   0   6  0  0
 2452 564   0   7  32   9  0  0
 2453 660   0  10   0   0  1  0
 2454 564   0  11  33  12  0  0
 2455 212   2   0   0   6  0  0
 2456 564   0   7  34   9  0  0
 2457 660   0  10   0   0  1  0
 2458 564   0  11  35  12  0  0
 2459 212   0   0   0   6  0  0
 2460 564   0   0   0   9  0  0
 2461 94139   0   0   0   0  0  0
 2462   0   0   0   0   0  0  3
 2463   0   0   0   0   0  0  1
 2464  10   0   0   0   0  0  2
 2465  25   0   0   0   0  0  0
 2466  25   0   0   0   1  0  0
 2467 262   1   0   0   2  0  0
 2468 763   0   5   4   3  0  0
 2469 212   2   0   0   6  0  0
 2470 564   0   7  36   9  0  0
 2471 660   0  10   0   0  1  0
 2472 564   0  11  37  12  0  0
 2473 212   2   0   0   6  0  0
 2474 564   0   7  38   9  0  0
 2475 660   0  10   0   0  1  0
 2476 564   0  11  39  12  0  0
 2477 212   0   0   0   6  0  0
 2478 564   0   0   0   9  0  0
 2479 94139   0   0   0   0  0  0
 2480   0   0   0   0   0  0  3
 2481   0   0   0   0   0  0  1
 2482  10   0   0   0   0  0  2
 2483  25   0   0   0   0  0  0
 2484  25   0   0   0   1  0  0
 2485 262   1   0   0   2  0  0
 2486 763   0   5  13   3  0  0
 2487 212   2   0   0   6  0  0
 2488 564   0   7  36   9  0  0
 2489 660   0  10   0   0  1  0
 2490 564   0  11  37  12  0  0
 2491 212   2   0   0   6  0  0
 2492 564   0   7  38   9  0  0
 2493 660   0  10   0   0  1  0
 2494 564   0  11  39  12  0  0
 2495 212   0   0   0   6  0  0
 2496 564   0   0   0   9  0  0
 2497 94139   0   0   0   0  0  0
 2498   0   0   0   0   0  0  3
 2499   0   0   0   0   0  0  1
 2500  10   0   0   0   0  0  2
 2501  25   0   0   0   0  0  0
 2502  25   0   0   0   1  0  0
 2503 262   1   0   0   2  0  0
 2504 763   0   5   4   3  0  0
 2505 212   2   0   0   6  0  0
 2506 564   0   7  40   9  0  0
 2507 660   0  10   0   0  1  0
 2508 564   0  11  41  12  0  0
 2509 212   2   0   0   6  0  0
 2510 564   0   7  42   9  0  0
 2511 660   0  10   0   0  1  0
 2512 564   0  11  43  12  0  0
 2513 212   0   0   0   6  0  0
 2514 564   0   0   0   9  0  0
 2515 94139   0   0   0   0  0  0
 2516   0   0   0   0   0  0  3
 2517   0   0   0   0   0  0  1
 2518  10   0   0   0   0  0  2
 2519  25   0   0   0   0  0  0
 2520  25   0   0   0   1  0  0
 2521 262   1   0   0   2  0  0
 2522 763   0   5  13   3  0  0
 2523 212   2   0   0   6  0  0
 2524 564   0   7  40   9  0  0
 2525 660   0  10   0   0  1  0
 2526 564   0  11  41  12  0  0
 2527 212   2   0   0   6  0  0
 2528 564   0   7  42   9  0  0
 2529 660   0  10   0   0  1  0
 2530 564   0  11  43  12  0  0
 2531 212   0   0   0   6  0  0
 2532 564   0   0   0   9  0  0
 2533 94139   0   0   0   0  0  0
 2534   0   0   0   0   0  0  3
 2535   0   0   0   0   0  0  1
 2536  10   0   0   0   0  0  2
 2537  25   0   0   0   0  0  0
 2538  25   0   0   0   1  0  0
 2539 262   1   0   0   2  0  0
 2540 763   0   5   4   3  0  0
 2541 212   2   0   0   6  0  0
 2542 564   0   7  44   9  0  0
 2543 660   0  10   0   0  1  0
 2544 564   0  11  45  12  0  0
 2545 212   2   0   0   6  0  0
 2546 564   0   7  46   9  0  0
 2547 660   0  10   0   0  1  0
 2548 564   0  11  47  12  0  0
 2549 212   0   0   0   6  0  0
 2550 564   0   0   0   9  0  0
 2551 94139   0   0   0   0  0  0
 2552   0   0   0   0   0  0  3
 2553   0   0   0   0   0  0  1
 2554  10   0   0   0   0  0  2
 2555  25   0   0   0   0  0  0
 2556  25   0   0   0   1  0  0
 2557 262   1   0   0   2  0  0
 2558 763   0   5  13   3  0  0
 2559 212   2   0   0   6  0  0
 2560 564   0   7  44   9  0  0
 2561 660   0  10   0   0  1  0
 2562 564   0  11  45  12  0  0
 2563 212   2   0   0   6  0  0
 2564 564   0   7  46   9  0  0
 2565 660   0  10   0   0  1  0
 2566 564   0  11  47  12  0  0
 2567 212   0   0   0   6  0  0
 2568 564   0   0   0   9  0  0
 2569 94139   0   0   0   0  0  0
 2570   0   0   0   0   0  0  3
 2571   0   0   0   0   0  0  1
 2572  10   0   0   0   0  0  2
 2573  25   0   0   0   0  0  0
 2574  25   0   0   0   1  0  0
 2575 262   1   0   0   2  0  0
 2576 763   0   5   4   3  0  0
 2577 212   2   0   0   6  0  0
 2578 564   0   7  48   9  0  0
 2579 660   0  10   0   0  1  0
 2580 564   0  11  49  12  0  0
 2581 212   2   0   0   6  0  0
 2582 564   0   7  50   9  0  0
 2583 660   0  10   0   0  1  0
 2584 564   0  11  51  12  0  0
 2585 212   0   0   0   6  0  0
 2586 564   0   0   0   9  0  0
 2587 94139   0   0   0   0  0  0
 2588   0   0   0   0   0  0  3
 2589   0   0   0   0   0  0  1
 2590  10   0   0   0   0  0  2
 2591  25   0   0   0   0  0  0
 2592  25   0   0   0   1  0  0
 2593 262   1   0   0   2  0  0
 2594 763   0   5  13   3  0  0
 2595 212   2   0   0   6  0  0
 2596 564   0   7  48   9  0  0
 2597 660   0  10   0   0  1  0
 2598 564   0  11  49  12  0  0
 2599 212   2   0   0   6  0  0
 2600 564   0   7  50   9  0  0
 2601 660   0  10   0   0  1  0
 2602 564   0  11  51  12  0  0
 2603 212   0   0   0   6  0  0
 2604 564   0   0   0   9  0  0
 2605 94139   0   0   0   0  0  0
 2606   0   0   0   0   0  0  3
 2607   0   0   0   0   0  0  1
 2608  10   0   0   0   0  0  2
 2609  25   0   0   0   0  0  0
 2610  25   0   0   0   1  0  0
 2611 262   1   0   0   2  0  0
 2612 763   0   5   4   3  0  0
 2613 212   2   0   0   6  0  0
 2614 564   0   7  52   9  0  0
 2615 660   0  10   0   0  1  0
 2616 564   0  11  53  12  0  0
 2617 212   2   0   0   6  0  0
 2618 564   0   7  54   9  0  0
 2619 660   0  10   0   0  1  0
 2620 564   0  11  55  12  0  0
 2621 212   0   0   0   6  0  0
 2622 564   0   0   0   9  0  0
 2623 94139   0   0   0   0  0  0
 2624   0   0   0   0   0  0  3
 2625   0   0   0   0   0  0  1
 2626  10   0   0   0   0  0  2
 2627  25   0   0   0   0  0  0
 2628  25   0   0   0   1  0  0
 2629 262   1   0   0   2  0  0
 2630 763   0   5  13   3  0  0
 2631 212   2   0   0   6  0  0
 2632 564   0   7  52   9  0  0
 2633 660   0  10   0   0  1  0
 2634 564   0  11  53  12  0  0
 2635 212   2   0   0   6  0  0
 2636 564   0   7  54   9  0  0
 2637 660   0  10   0   0  1  0
 2638 564   0  11  55  12  0  0
 2639 212   0   0   0   6  0  0
 2640 564   0   0   0   9  0  0
 2641 94139   0   0   0   0  0  0
 2642   0   0   0   0   0  0  3
 2643   0   0   0   0   0  0  1
 2644  10   0   0   0   0  0  2
 2645  25   0   0   0   0  0  0
 2646  25   0   0   0   1  0  0
 2647 262   1   0   0   2  0  0
 2648 763   0   5   4   3  0  0
 2649 212   2   0   0   6  0  0
 2650 564   0   7  56   9  0  0
 2651 660   0  10   0   0  1  0
 2652 564   0  11  57  12  0  0
 2653 212   2   0   0   6  0  0
 2654 564   0   7  58   9  0  0
 2655 660   0  10   0   0  1  0
 2656 564   0  11  59  12  0  0
 2657 212   0   0   0   6  0  0
 2658 564   0   0   0   9  0  0
 2659 94139   0   0   0   0  0  0
 2660   0   0   0   0   0  0  3
 2661   0   0   0   0   0  0  1
 2662  10   0   0   0   0  0  2
 2663  25   0   0   0   0  0  0
 2664  25   0   0   0   1  0  0
 2665 262   1   0   0   2  0  0
 2666 763   0   5  13   3  0  0
 2667 212   2   0   0   6  0  0
 2668 564   0   7  56   9  0  0
 2669 660   0  10   0   0  1  0
 2670 564   0  11  57  12  0  0
 2671 212   2   0   0   6  0  0
 2672 564   0   7  58   9  0  0
 2673 660   0  10   0   0  1  0
 2674 564   0  11  59  12  0  0
 2675 212   0   0   0   6  0  0
 2676 564   0   0   0   9  0  0
 2677 94139   0   0   0   0  0  0
 2678   0   0   0   0   0  0  3
 2679   0   0   0   0   0  0  1
 2680  10   0   0   0   0  0  2
 2681  25   0   0   0   0  0  0
 2682  25   0   0   0   1  0  0
 2683 262   1   0   0   2  0  0
 2684 763   0   5   4   3  0  0
 2685 212   2   0   0   6  0  0
 2686 564   0   7  60   9  0  0
 2687 660   0  10   0   0  1  0
 2688 564   0  11  61  12  0  0
 2689 212   2   0   0   6  0  0
 2690 564   0   7  62   9  0  0
 2691 660   0  10   0   0  1  0
 2692 564   0  11  63  12  0  0
 2693 212   0   0   0   6  0  0
 2694 564   0   0   0   9  0  0
 2695 94139   0   0   0   0  0  0
 2696   0   0   0   0   0  0  3
 2697   0   0   0   0   0  0  1
 2698  10   0   0   0   0  0  2
 2699  25   0   0   0   0  0  0
 2700  25   0   0   0   1  0  0
 2701 262   1   0   0   2  0  0
 2702 763   0   5  13   3  0  0
 2703 212   2   0   0   6  0  0
 2704 564   0   7  60   9  0  0
 2705 660   0  10   0   0  1  0
 2706 564   0  11  61  12  0  0
 2707 212   2   0   0   6  0  0
 2708 564   0   7  62   9  0  0
 2709 660   0  10   0   0  1  0
 2710 564   0  11  63  12  0  0
 2711 212   0   0   0   6  0  0
 2712 564   0   0   0   9  0  0
 2713 94139   0   0   0   0  0  0
 2714   0   0   0   0   0  0  3
 2715   0   0   0   0   0  0  1
 2716  10   0   0   0   0  0  2
 2717  25   0   0   0   0  0  0
 2718  25   0   0   0   1  0  0
 2719 262   1   0   0   2  0  0
 2720 763   0   5   4   3  0  0
 2721 212   2   0   0   6  0  0
 2722 564   0   7  64   9  0  0
 2723 660   0  10   0   0  1  0
 2724 564   0  11  65  12  0  0
 2725 212   2   0   0   6  0  0
 2726 564   0   7  66   9  0  0
 2727 660   0  10   0   0  1  0
 2728 564   0  11  67  12  0  0
 2729 212   0   0   0   6  0  0
 2730 564   0   0   0   9  0  0
 2731 94139   0   0   0   0  0  0
 2732   0   0   0   0   0  0  3
 2733   0   0   0   0   0  0  1
 2734  10   0   0   0   0  0  2
 2735  25   0   0   0   0  0  0
 2736  25   0   0   0   1  0  0
 2737 262   1   0   0   2  0  0
 2738 763   0   5  13   3  0  0
 2739 212   2   0   0   6  0  0
 2740 564   0   7  64   9  0  0
 2741 660   0  10   0   0  1  0
 2742 564   0  11  65  12  0  0
 2743 212   2   0   0   6  0  0
 2744 564   0   7  66   9  0  0
 2745 660   0  10   0   0  1  0
 2746 564   0  11  67  12  0  0
 2747 212   0   0   0   6  0  0
 2748 564   0   0   0   9  0  0
 2749 94139   0   0   0   0  0  0
 2750   0   0   0   0   0  0  3
 2751   0   0   0   0   0  0  1
 2752  10   0   0   0   0  0  2
 2753  25   0   0   0   0  0  0
 2754  25   0   0   0   1  0  0
 2755 262   1   0   0   2  0  0
 2756 763   0   5   4   3  0  0
 2757 212   2   0   0   6  0  0
 2758 564   0   7  68   9  0  0
 2759 660   0  10   0   0  1  0
 2760 564   0  11  69  12  0  0
 2761 212   2   0   0   6  0  0
 2762 564   0   7  70   9  0  0
 2763 660   0  10   0   0  1  0
 2764 564   0  11  71  12  0  0
 2765 212   0   0   0   6  0  0
 2766 564   0   0   0   9  0  0
 2767 94139   0   0   0   0  0  0
 2768   0   0   0   0   0  0  3
 2769   0   0   0   0   0  0  1
 2770  10   0   0   0   0  0  2
 2771  25   0   0   0   0  0  0
 2772  25   0   0   0   1  0  0
 2773 262   1   0   0   2  0  0
 2774 763   0   5  13   3  0  0
 2775 212   2   0   0   6  0  0
 2776 564   0   7  68   9  0  0
 2777 660   0  10   0   0  1  0
 2778 564   0  11  69  12  0  0
 2779 212   2   0   0   6  0  0
 2780 564   0   7  70   9  0  0
 2781 660   0  10   0   0  1  0
 2782 564   0  11  71  12  0  0
 2783 212   0   0   0   6  0  0
 2784 564   0   0   0   9  0  0
 2785 94139   0   0   0   0  0  0
 2786   0   0   0   0   0  0  3
 2787   0   0   0   0   0  0  1
 2788  10   0   0   0   0  0  2
 2789  25   0   0   0   0  0  0
 2790  25   0   0   0   1  0  0
 2791 262   1   0   0   2  0  0
 2792 763   0   5   4   3  0  0
 2793 212   2   0   0   6  0  0
 2794 564   0   7  72   9  0  0
 2795 660   0  10   0   0  1  0
 2796 564   0  11  73  12  0  0
 2797 212   2   0   0   6  0  0
 2798 564   0   7  74   9  0  0
 2799 660   0  10   0   0  1  0
 2800 564   0  11  75  12  0  0
 2801 212   0   0   0   6  0  0
 2802 564   0   0   0   9  0  0
 2803 94139   0   0   0   0  0  0
 2804   0   0   0   0   0  0  3
 2805   0   0   0   0   0  0  1
 2806  10   0   0   0   0  0  2
 2807  25   0   0   0   0  0  0
 2808  25   0   0   0   1  0  0
 2809 262   1   0   0   2  0  0
 2810 763   0   5  13   3  0  0
 2811 212   2   0   0   6  0  0
 2812 564   0   7  72   9  0  0
 2813 660   0  10   0   0  1  0
 2814 564   0  11  73  12  0  0
 2815 212   2   0   0   6  0  0
 2816 564   0   7  74   9  0  0
 2817 660   0  10   0   0  1  0
 2818 564   0  11  75  12  0  0
 2819 212   0   0   0   6  0  0
 2820 564   0   0   0   9  0  0
 2821 94139   0   0   0   0  0  0
 2822   0   0   0   0   0  0  3
 2823   0   0   0   0   0  0  1
 2824  10   0   0   0   0  0  2
 2825  25   0   0   0   0  0  0
 2826  25   0   0   0   1  0  0
 2827 262   1   0   0   2  0  0
 2828 763   0   5   4   3  0  0
 2829 212   2   0   0   6  0  0
 2830 564   0   7  76   9  0  0
 2831 660   0  10   0   0  1  0
 2832 564   0  11  77  12  0  0
 2833 212   2   0   0   6  0  0
 2834 564   0   7  78   9  0  0
 2835 660   0  10   0   0  1  0
 2836 564   0  11  79  12  0  0
 2837 212   0   0   0   6  0  0
 2838 564   0   0   0   9  0  0
 2839 94139   0   0   0   0  0  0
 2840   0   0   0   0   0  0  3
 2841   0   0   0   0   0  0  1
 2842  10   0   0   0   0  0  2
 2843  25   0   0   0   0  0  0
 2844  25   0   0   0   1  0  0
 2845 262   1   0   0   2  0  0
 2846 763   0   5  13   3  0  0
 2847 212   2   0   0   6  0  0
 2848 564   0   7  76   9  0  0
 2849 660   0  10   0   0  1  0
 2850 564   0  11  77  12  0  0
 2851 212   2   0   0   6  0  0
 2852 564   0   7  78   9  0  0
 2853 660   0  10   0   0  1  0
 2854 564   0  11  79  12  0  0
 2855 212   0   0   0   6  0  0
 2856 564   0   0   0   9  0  0
 2857 94139   0   0   0   0  0  0
 2858   0   0   0   0   0  0  3
 2859   0   0   0   0   0  0  1
 2860  10   0   0   0   0  0  2
 2861  25   0   0   0   0  0  0
 2862  25   0   0   0   1  0  0
 2863 262   1   0   0   2  0  0
 2864 763   0   5   4   3  0  0
 2865 212   2   0   0   6  0  0
 2866 564   0   7  80   9  0  0
 2867 660   0  10   0   0  1  0
 2868 564   0  11  81  12  0  0
 2869 212   2   0   0   6  0  0
 2870 564   0   7  82   9  0  0
 2871 660   0  10   0   0  1  0
 2872 564   0  11  83  12  0  0
 2873 212   0   0   0   6  0  0
 2874 564   0   0   0   9  0  0
 2875 94139   0   0   0   0  0  0
 2876   0   0   0   0   0  0  3
 2877   0   0   0   0   0  0  1
 2878  10   0   0   0   0  0  2
 2879  25   0   0   0   0  0  0
 2880  25   0   0   0   1  0  0
 2881 262   1   0   0   2  0  0
 2882 763   0   5  13   3  0  0
 2883 212   2   0   0   6  0  0
 2884 564   0   7  80   9  0  0
 2885 660   0  10   0   0  1  0
 2886 564   0  11  81  12  0  0
 2887 212   2   0   0   6  0  0
 2888 564   0   7  82   9  0  0
 2889 660   0  10   0   0  1  0
 2890 564   0  11  83  12  0  0
 2891 212   0   0   0   6  0  0
 2892 564   0   0   0   9  0  0
 2893 94139   0   0   0   0  0  0
 2894   0   0   0   0   0  0  3
 2895   0   0   0   0   0  0  1
 2896  10   0   0   0   0  0  2
 2897  25   0   0   0   0  0  0
 2898  25   0   0   0   1  0  0
 2899 262   1   0   0   2  0  0
 2900 763   0   5   4   3  0  0
 2901 212   2   0   0   6  0  0
 2902 564   0   7  84   9  0  0
 2903 660   0  10   0   0  1  0
 2904 564   0  11  85  12  0  0
 2905 212   2   0   0   6  0  0
 2906 564   0   7  86   9  0  0
 2907 660   0  10   0   0  1  0
 2908 564   0  11  87  12  0  0
 2909 212   0   0   0   6  0  0
 2910 564   0   0   0   9  0  0
 2911 94139   0   0   0   0  0  0
 2912   0   0   0   0   0  0  3
 2913   0   0   0   0   0  0  1
 2914  10   0   0   0   0  0  2
 2915  25   0   0   0   0  0  0
 2916  25   0   0   0   1  0  0
 2917 262   1   0   0   2  0  0
 2918 763   0   5  13   3  0  0
 2919 212   2   0   0   6  0  0
 2920 564   0   7  84   9  0  0
 2921 660   0  10   0   0  1  0
 2922 564   0  11  85  12  0  0
 2923 212   2   0   0   6  0  0
 2924 564   0   7  86   9  0  0
 2925 660   0  10   0   0  1  0
 2926 564   0  11  87  12  0  0
 2927 212   0   0   0   6  0  0
 2928 564   0   0   0   9  0  0
 2929 94139   0   0   0   0  0  0
 2930   0   0   0   0   0  0  3
 2931   0   0   0   0   0  0  1
 2932  10   0   0   0   0  0  2
 2933  25   0   0   0   0  0  0
 2934  25   0   0   0   1  0  0
 2935 262   1   0   0   2  0  0
 2936 763   0   5   4   3  0  0
 2937 212   2   0   0   6  0  0
 2938 564   0   7  88   9  0  0
 2939 660   0  10   0   0  1  0
 2940 564   0  11  89  12  0  0
 2941 212   2   0   0   6  0  0
 2942 564   0   7  90   9  0  0
 2943 660   0  10   0   0  1  0
 2944 564   0  11  91  12  0  0
 2945 212   0   0   0   6  0  0
 2946 564   0   0   0   9  0  0
 2947 94139   0   0   0   0  0  0
 2948   0   0   0   0   0  0  3
 2949   0   0   0   0   0  0  1
 2950  10   0   0   0   0  0  2
 2951  25   0   0   0   0  0  0
 2952  25   0   0   0   1  0  0
 2953 262   1   0   0   2  0  0
 2954 763   0   5  13   3  0  0
 2955 212   2   0   0   6  0  0
 2956 564   0   7  88   9  0  0
 2957 660   0  10   0   0  1  0
 2958 564   0  11  89  12  0  0
 2959 212   2   0   0   6  0  0
 2960 564   0   7  90   9  0  0
 2961 660   0  10   0   0  1  0
 2962 564   0  11  91  12  0  0
 2963 212   0   0   0   6  0  0
 2964 564   0   0   0   9  0  0
 2965 94139   0   0   0   0  0  0
 2966   0   0   0   0   0  0  3
 2967   0   0   0   0   0  0  1
 2968  10   0   0   0   0  0  2
 2969  25   0   0   0   0  0  0
 2970  25   0   0   0   1  0  0
 2971 262   1   0   0   2  0  0
 2972 763   0   5   4   3  0  0
 2973 212   2   0   0   6  0  0
 2974 564   0   7  92   9  0  0
 2975 660   0  10   0   0  1  0
 2976 564   0  11  93  12  0  0
 2977 212   2   0   0   6  0  0
 2978 564   0   7  94   9  0  0
 2979 660   0  10   0   0  1  0
 2980 564   0  11  95  12  0  0
 2981 212   0   0   0   6  0  0
 2982 564   0   0   0   9  0  0
 2983 94139   0   0   0   0  0  0
 2984   0   0   0   0   0  0  3
 2985   0   0   0   0   0  0  1
 2986  10   0   0   0   0  0  2
 2987  25   0   0   0   0  0  0
 2988  25   0   0   0   1  0  0
 2989 262   1   0   0   2  0  0
 2990 763   0   5  13   3  0  0
 2991 212   2   0   0   6  0  0
 2992 564   0   7  92   9  0  0
 2993 660   0  10   0   0  1  0
 2994 564   0  11  93  12  0  0
 2995 212   2   0   0   6  0  0
 2996 564   0   7  94   9  0  0
 2997 660   0  10   0   0  1  0
 2998 564   0  11  95  12  0  0
 2999 212   0   0   0   6  0  0
 3000 564   0   0   0   9  0  0
 3001 94139   0   0   0   0  0  0
 3002   0   0   0   0   0  0  3
 3003   0   0   0   0   0  0  1
 3004  10   0   0   0   0  0  2
 3005  25   0   0   0   0  0  0
 3006  25   0   0   0   1  0  0
 3007 262   1   0   0   2  0  0
 3008 763   0   5   4   3  0  0
 3009 212   2   0   0   6  0  0
 3010 564   0   7  96   9  0  0
 3011 660   0  10   0   0  1  0
 3012 564   0  11  97  12  0  0
 3013 212   2   0   0   6  0  0
 3014 564   0   7  98   9  0  0
 3015 660   0  10   0   0  1  0
 3016 564   0  11  99  12  0  0
 3017 212   0   0   0   6  0  0
 3018 564   0   0   0   9  0  0
 3019 94139   0   0   0   0  0  0
 3020   0   0   0   0   0  0  3
 3021   0   0   0   0   0  0  1
 3022  10   0   0   0   0  0  2
 3023  25   0   0   0   0  0  0
 3024  25   0   0   0   1  0  0
 3025 262   1   0   0   2  0  0
 3026 763   0   5  13   3  0  0
 3027 212   2   0   0   6  0  0
 3028 564   0   7  96   9  0  0
 3029 660   0  10   0   0  1  0
 3030 564   0  11  97  12  0  0
 3031 212   2   0   0   6  0  0
 3032 564   0   7  98   9  0  0
 3033 660   0  10   0   0  1  0
 3034 564   0  11  99  12  0  0
 3035 212   0   0   0   6  0  0
 3036 564   0   0   0   9  0  0
 3037 94139   0   0   0   0  0  0
 3038   0   0   0   0   0  0  3
 3039   0   0   0   0   0  0  1
 3040  10   0   0   0   0  0  2
 3041  25   0   0   0   0  0  0
 3042  25   0   0   0   1  0  0
 3043 262   1   0   0   2  0  0
 3044 763   0   5   4   3  0  0
 3045 212   2   0   0   6  0  0
 3046 564   0   7 100   9  0  0
 3047 660   0  10   0   0  1  0
 3048 564   0  11 101  12  0  0
 3049 212   2   0   0   6  0  0
 3050 564   0   7 102   9  0  0
 3051 660   0  10   0   0  1  0
 3052 564   0  11 103  12  0  0
 3053 212   0   0   0   6  0  0
 3054 564   0   0   0   9  0  0
 3055 94139   0   0   0   0  0  0
 3056   0   0   0   0   0  0  3
 3057   0   0   0   0   0  0  1
 3058  10   0   0   0   0  0  2
 3059  25   0   0   0   0  0  0
 3060  25   0   0   0   1  0  0
 3061 262   1   0   0   2  0  0
 3062 763   0   5  13   3  0  0
 3063 212   2   0   0   6  0  0
 3064 564   0   7 100   9  0  0
 3065 660   0  10   0   0  1  0
 3066 564   0  11 101  12  0  0
 3067 212   2   0   0   6  0  0
 3068 564   0   7 102   9  0  0
 3069 660   0  10   0   0  1  0
 3070 564   0  11 103  12  0  0
 3071 212   0   0   0   6  0  0
 3072 564   0   0   0   9  0  0
 3073 94139   0   0   0   0  0  0
 3074   0   0   0   0   0  0  3
 3075   0   0   0   0   0  0  1
 3076  10   0   0   0   0  0  2
 3077  25   0   0   0   0  0  0
 3078  25   0   0   0   1  0  0
 3079 262   1   0   0   2  0  0
 3080 763   0   5   4   3  0  0
 3081 212   2   0   0   6  0  0
 3082 564   0   7 104   9  0  0
 3083 660   0  10   0   0  1  0
 3084 564   0  11 105  12  0  0
 3085 212   2   0   0   6  0  0
 3086 564   0   7 106   9  0  0
 3087 660   0  10   0   0  1  0
 3088 564   0  11 107  12  0  0
 3089 212   0   0   0   6  0  0
 3090 564   0   0   0   9  0  0
 3091 94139   0   0   0   0  0  0
 3092   0   0   0   0   0  0  3
 3093   0   0   0   0   0  0  1
 3094  10   0   0   0   0  0  2
 3095  25   0   0   0   0  0  0
 3096  25   0   0   0   1  0  0
 3097 262   1   0   0   2  0  0
 3098 763   0   5  13   3  0  0
 3099 212   2   0   0   6  0  0
 3100 564   0   7 104   9  0  0
 3101 660   0  10   0   0  1  0
 3102 564   0  11 105  12  0  0
 3103 212   2   0   0   6  0  0
 3104 564   0   7 106   9  0  0
 3105 660   0  10   0   0  1  0
 3106 564   0  11 107  12  0  0
 3107 212   0   0   0   6  0  0
 3108 564   0   0   0   9  0  0
 3109 94139   0   0   0   0  0  0
 3110   0   0   0   0   0  0  3
 3111   0   0   0   0   0  0  1
 3112  10   0   0   0   0  0  2
 3113  25   0   0   0   0  0  0
 3114  25   0   0   0   1  0  0
 3115 262   1   0   0   2  0  0
 3116 763   0   5   4   3  0  0
 3117 212   2   0   0   6  0  0
 3118 564   0   7 108   9  0  0
 3119 660   0  10   0   0  1  0
 3120 564   0  11 109  12  0  0
 3121 212   2   0   0   6  0  0
 3122 564   0   7 110   9  0  0
 3123 660   0  10   0   0  1  0
 3124 564   0  11 111  12  0  0
 3125 212   0   0   0   6  0  0
 3126 564   0   0   0   9  0  0
 3127 94139   0   0   0   0  0  0
 3128   0   0   0   0   0  0  3
 3129   0   0   0   0   0  0  1
 3130  10   0   0   0   0  0  2
 3131  25   0   0   0   0  0  0
 3132  25   0   0   0   1  0  0
 3133 262   1   0   0   2  0  0
 3134 763   0   5  13   3  0  0
 3135 212   2   0   0   6  0  0
 3136 564   0   7 108   9  0  0
 3137 660   0  10   0   0  1  0
 3138 564   0  11 109  12  0  0
 3139 212   2   0   0   6  0  0
 3140 564   0   7 110   9  0  0
 3141 660   0  10   0   0  1  0
 3142 564   0  11 111  12  0  0
 3143 212   0   0   0   6  0  0
 3144 564   0   0   0   9  0  0
 3145 94139   0   0   0   0  0  0
 3146   0   0   0   0   0  0  3
 3147   0   0   0   0   0  0  1
 3148  10   0   0   0   0  0  2
 3149  25   0   0   0   0  0  0
 3150  25   0   0   0   1  0  0
 3151 262   1   0   0   2  0  0
 3152 763   0   5   4   3  0  0
 3153 212   2   0   0   6  0  0
 3154 564   0   7 112   9  0  0
 3155 660   0  10   0   0  1  0
 3156 564   0  11 113  12  0  0
 3157 212   2   0   0   6  0  0
 3158 564   0   7 114   9  0  0
 3159 660   0  10   0   0  1  0
 3160 564   0  11 115  12  0  0
 3161 212   0   0   0   6  0  0
 3162 564   0   0   0   9  0  0
 3163 94139   0   0   0   0  0  0
 3164   0   0   0   0   0  0  3
 3165   0   0   0   0   0  0  1
 3166  10   0   0   0   0  0  2
 3167  25   0   0   0   0  0  0
 3168  25   0   0   0   1  0  0
 3169 262   1   0   0   2  0  0
 3170 763   0   5  13   3  0  0
 3171 212   2   0   0   6  0  0
 3172 564   0   7 112   9  0  0
 3173 660   0  10   0   0  1  0
 3174 564   0  11 113  12  0  0
 3175 212   2   0   0   6  0  0
 3176 564   0   7 114   9  0  0
 3177 660   0  10   0   0  1  0
 3178 564   0  11 115  12  0  0
 3179 212   0   0   0   6  0  0
 3180 564   0   0   0   9  0  0
 3181 94139   0   0   0   0  0  0
 3182   0   0   0   0   0  0  3
 3183   0   0   0   0   0  0  1
 3184  10   0   0   0   0  0  2
 3185  25   0   0   0   0  0  0
 3186  25   0   0   0   1  0  0
 3187 262   1   0   0   2  0  0
 3188 763   0   5   4   3  0  0
 3189 212   2   0   0   6  0  0
 3190 564   0   7 116   9  0  0
 3191 660   0  10   0   0  1  0
 3192 564   0  11 117  12  0  0
 3193 212   2   0   0   6  0  0
 3194 564   0   7 118   9  0  0
 3195 660   0  10   0   0  1  0
 3196 564   0  11 119  12  0  0
 3197 212   0   0   0   6  0  0
 3198 564   0   0   0   9  0  0
 3199 94139   0   0   0   0  0  0
 3200   0   0   0   0   0  0  3
 3201   0   0   0   0   0  0  1
 3202  10   0   0   0   0  0  2
 3203  25   0   0   0   0  0  0
 3204  25   0   0   0   1  0  0
 3205 262   1   0   0   2  0  0
 3206 763   0   5  13   3  0  0
 3207 212   2   0   0   6  0  0
 3208 564   0   7 116   9  0  0
 3209 660   0  10   0   0  1  0
 3210 564   0  11 117  12  0  0
 3211 212   2   0   0   6  0  0
 3212 564   0   7 118   9  0  0
 3213 660   0  10   0   0  1  0
 3214 564   0  11 119  12  0  0
 3215 212   0   0   0   6  0  0
 3216 564   0   0   0   9  0  0
 3217 94139   0   0   0   0  0  0
 3218   0   0   0   0   0  0  3
 3219   0   0   0   0   0  0  1
 3220  10   0   0   0   0  0  2
 3221  25   0   0   0   0  0  0
 3222  25   0   0   0   1  0  0
 3223 262   1   0   0   2  0  0
 3224 763   0   5   4   3  0  0
 3225 212   2   0   0   6  0  0
 3226 564   0   7 120   9  0  0
 3227 660   0  10   0   0  1  0
 3228 564   0  11 121  12  0  0
 3229 212   2   0   0   6  0  0
 3230 564   0   7 122   9  0  0
 3231 660   0  10   0   0  1  0
 3232 564   0  11 123  12  0  0
 3233 212   0   0   0   6  0  0
 3234 564   0   0   0   9  0  0
 3235 94139   0   0   0   0  0  0
 3236   0   0   0   0   0  0  3
 3237   0   0   0   0   0  0  1
 3238  10   0   0   0   0  0  2
 3239  25   0   0   0   0  0  0
 3240  25   0   0   0   1  0  0
 3241 262   1   0   0   2  0  0
 3242 763   0   5  13   3  0  0
 3243 212   2   0   0   6  0  0
 3244 564   0   7 120   9  0  0
 3245 660   0  10   0   0  1  0
 3246 564   0  11 121  12  0  0
 3247 212   2   0   0   6  0  0
 3248 564   0   7 122   9  0  0
 3249 660   0  10   0   0  1  0
 3250 564   0  11 123  12  0  0
 3251 212   0   0   0   6  0  0
 3252 564   0   0   0   9  0  0
 3253 94139   0   0   0   0  0  0
 3254   0   0   0   0   0  0  3
 3255   0   0   0   0   0  0  1
 3256  10   0   0   0   0  0  2
 3257  25   0   0   0   0  0  0
 3258  25   0   0   0   1  0  0
 3259 262   1   0   0   2  0  0
 3260 763   0   5   4   3  0  0
 3261 212   2   0   0   6  0  0
 3262 564   0   7 124   9  0  0
 3263 660   0  10   0   0  1  0
 3264 564   0  11 125  12  0  0
 3265 212   2   0   0   6  0  0
 3266 564   0   7 126   9  0  0
 3267 660   0  10   0   0  1  0
 3268 564   0  11 127  12  0  0
 3269 212   0   0   0   6  0  0
 3270 564   0   0   0   9  0  0
 3271 94139   0   0   0   0  0  0
 3272   0   0   0   0   0  0  3
 3273   0   0   0   0   0  0  1
 3274  10   0   0   0   0  0  2
 3275  25   0   0   0   0  0  0
 3276  25   0   0   0   1  0  0
 3277 262   1   0   0   2  0  0
 3278 763   0   5  13   3  0  0
 3279 212   2   0   0   6  0  0
 3280 564   0   7 124   9  0  0
 3281 660   0  10   0   0  1  0
 3282 564   0  11 125  12  0  0
 3283 212   2   0   0   6  0  0
 3284 564   0   7 126   9  0  0
 3285 660   0  10   0   0  1  0
 3286 564   0  11 127  12  0  0
 3287 212   0   0   0   6  0  0
 3288 564   0   0   0   9  0  0
 3289 94139   0   0   0   0  0  0
 3290   0   0   0   0   0  0  3
 3291   0   0   0   0   0  0  1
 3292  10   0   0   0   0  0  2
 3293  25   0   0   0   0  0  0
 3294  25   0   0   0   1  0  0
 3295 262   1   0   0   2  0  0
 3296 763   0   5   4   3  0  0
 3297 212   2   0   0   6  0  0
 3298 564   0   7 128   9  0  0
 3299 660   0  10   0   0  1  0
 3300 564   0  11 129  12  0  0
 3301 212   2   0   0   6  0  0
 3302 564   0   7 130   9  0  0
 3303 660   0  10   0   0  1  0
 3304 564   0  11 131  12  0  0
 3305 212   0   0   0   6  0  0
 3306 564   0   0   0   9  0  0
 3307 94139   0   0   0   0  0  0
 3308   0   0   0   0   0  0  3
 3309   0   0   0   0   0  0  1
 3310  10   0   0   0   0  0  2
 3311  25   0   0   0   0  0  0
 3312  25   0   0   0   1  0  0
 3313 262   1   0   0   2  0  0
 3314 763   0   5  13   3  0  0
 3315 212   2   0   0   6  0  0
 3316 564   0   7 128   9  0  0
 3317 660   0  10   0   0  1  0
 3318 564   0  11 129  12  0  0
 3319 212   2   0   0   6  0  0
 3320 564   0   7 130   9  0  0
 3321 660   0  10   0   0  1  0
 3322 564   0  11 131  12  0  0
 3323 212   0   0   0   6  0  0
 3324 564   0   0   0   9  0  0
 3325 94139   0   0   0   0  0  0
 3326   0   0   0   0   0  0  3
 3327   0   0   0   0   0  0  1
 3328  10   0   0   0   0  0  2
 3329  25   0   0   0   0  0  0
 3330  25   0   0   0   1  0  0
 3331 262   1   0   0   2  0  0
 3332 763   0   5   4   3  0  0
 3333 212   2   0   0   6  0  0
 3334 564   0   7 132   9  0  0
 3335 660   0  10   0   0  1  0
 3336 564   0  11 133  12  0  0
 3337 212   2   0   0   6  0  0
 3338 564   0   7 134   9  0  0
 3339 660   0  10   0   0  1  0
 3340 564   0  11 135  12  0  0
 3341 212   0   0   0   6  0  0
 3342 564   0   0   0   9  0  0
 3343 94139   0   0   0   0  0  0
 3344   0   0   0   0   0  0  3
 3345   0   0   0   0   0  0  1
 3346  10   0   0   0   0  0  2
 3347  25   0   0   0   0  0  0
 3348  25   0   0   0   1  0  0
 3349 262   1   0   0   2  0  0
 3350 763   0   5  13   3  0  0
 3351 212   2   0   0   6  0  0
 3352 564   0   7 132   9  0  0
 3353 660   0  10   0   0  1  0
 3354 564   0  11 133  12  0  0
 3355 212   2   0   0   6  0  0
 3356 564   0   7 134   9  0  0
 3357 660   0  10   0   0  1  0
 3358 564   0  11 135  12  0  0
 3359 212   0   0   0   6  0  0
 3360 564   0   0   0   9  0  0
 3361 94139   0   0   0   0  0  0
 3362   0   0   0   0   0  0  3
 3363   0   0   0   0   0  0  1
 3364  10   0   0   0   0  0  2
 3365  25   0   0   0   0  0  0
 3366  25   0   0   0   1  0  0
 3367 262   1   0   0   2  0  0
 3368 763   0   5   4   3  0  0
 3369 212   2   0   0   6  0  0
 3370 564   0   7 136   9  0  0
 3371 660   0  10   0   0  1  0
 3372 564   0  11 137  12  0  0
 3373 212   2   0   0   6  0  0
 3374 564   0   7 138   9  0  0
 3375 660   0  10   0   0  1  0
 3376 564   0  11 139  12  0  0
 3377 212   0   0   0   6  0  0
 3378 564   0   0   0   9  0  0
 3379 94139   0   0   0   0  0  0
 3380   0   0   0   0   0  0  3
 3381   0   0   0   0   0  0  1
 3382  10   0   0   0   0  0  2
 3383  25   0   0   0   0  0  0
 3384  25   0   0   0   1  0  0
 3385 262   1   0   0   2  0  0
 3386 763   0   5  13   3  0  0
 3387 212   2   0   0   6  0  0
 3388 564   0   7 136   9  0  0
 3389 660   0  10   0   0  1  0
 3390 564   0  11 137  12  0  0
 3391 212   2   0   0   6  0  0
 3392 564   0   7 138   9  0  0
 3393 660   0  10   0   0  1  0
 3394 564   0  11 139  12  0  0
 3395 212   0   0   0   6  0  0
 3396 564   0   0   0   9  0  0
 3397 94139   0   0   0   0  0  0
 3398   0   0   0   0   0  0  3
 3399   0   0   0   0   0  0  1
 3400  10   0   0   0   0  0  2
 3401  25   0   0   0   0  0  0
 3402  25   0   0   0   1  0  0
 3403 262   1   0   0   2  0  0
 3404 763   0   5   4   3  0  0
 3405 212   2   0   0   6  0  0
 3406 564   0   7   8   9  0  0
 3407 660   0  10   0   0  1  0
 3408 564   0  11   8  12  0  0
 3409 212   2   0   0   6  0  0
 3410 564   0   7 140   9  0  0
 3411 660   0  10   0   0  1  0
 3412 564   0  11 141  12  0  0
 3413 212   0   0   0   6  0  0
 3414 564   0   0   0   9  0  0
 3415 94139   0   0   0   0  0  0
 3416   0   0   0   0   0  0  3
 3417   0   0   0   0   0  0  1
 3418  10   0   0   0   0  0  2
 3419  25   0   0   0   0  0  0
 3420  25   0   0   0   1  0  0
 3421 262   1   0   0   2  0  0
 3422 763   0   5  13   3  0  0
 3423 212   2   0   0   6  0  0
 3424 564   0   7   8   9  0  0
 3425 660   0  10   0   0  1  0
 3426 564   0  11   8  12  0  0
 3427 212   2   0   0   6  0  0
 3428 564   0   7 140   9  0  0
 3429 660   0  10   0   0  1  0
 3430 564   0  11 141  12  0  0
 3431 212   0   0   0   6  0  0
 3432 564   0   0   0   9  0  0
 3433 94139   0   0   0   0  0  0
 3434   0   0   0   0   0  0  3
 3435   0   0   0   0   0  0  1
 3436  10   0   0   0   0  0  2
 3437  25   0   0   0   0  0  0
 3438  25   0   0   0   1  0  0
 3439 262   1   0   0   2  0  0
 3440 763   0   5   4   3  0  0
 3441 212   2   0   0   6  0  0
 3442 564   0   7 137   9  0  0
 3443 660   0  10   0   0  1  0
 3444 564   0  11 136  12  0  0
 3445 212   2   0   0   6  0  0
 3446 564   0   7 139   9  0  0
 3447 660   0  10   0   0  1  0
 3448 564   0  11 138  12  0  0
 3449 212   0   0   0   6  0  0
 3450 564   0   0   0   9  0  0
 3451 94139   0   0   0   0  0  0
 3452   0   0   0   0   0  0  3
 3453   0   0   0   0   0  0  1
 3454  10   0   0   0   0  0  2
 3455  25   0   0   0   0  0  0
 3456  25   0   0   0   1  0  0
 3457 262   1   0   0   2  0  0
 3458 763   0   5  13   3  0  0
 3459 212   2   0   0   6  0  0
 3460 564   0   7 137   9  0  0
 3461 660   0  10   0   0  1  0
 3462 564   0  11 136  12  0  0
 3463 212   2   0   0   6  0  0
 3464 564   0   7 139   9  0  0
 3465 660   0  10   0   0  1  0
 3466 564   0  11 138  12  0  0
 3467 212   0   0   0   6  0  0
 3468 564   0   0   0   9  0  0
 3469 94139   0   0   0   0  0  0
 3470   0   0   0   0   0  0  3
 3471   0   0   0   0   0  0  1
 3472  10   0   0   0   0  0  2
 3473  25   0   0   0   0  0  0
 3474  25   0   0   0   1  0  0
 3475 262   1   0   0   2  0  0
 3476 763   0   5   4   3  0  0
 3477 212   2   0   0   6  0  0
 3478 564   0   7 133   9  0  0
 3479 660   0  10   0   0  1  0
 3480 564   0  11 132  12  0  0
 3481 212   2   0   0   6  0  0
 3482 564   0   7 135   9  0  0
 3483 660   0  10   0   0  1  0
 3484 564   0  11 134  12  0  0
 3485 212   0   0   0   6  0  0
 3486 564   0   0   0   9  0  0
 3487 94139   0   0   0   0  0  0
 3488   0   0   0   0   0  0  3
 3489   0   0   0   0   0  0  1
 3490  10   0   0   0   0  0  2
 3491  25   0   0   0   0  0  0
 3492  25   0   0   0   1  0  0
 3493 262   1   0   0   2  0  0
 3494 763   0   5  13   3  0  0
 3495 212   2   0   0   6  0  0
 3496 564   0   7 133   9  0  0
 3497 660   0  10   0   0  1  0
 3498 564   0  11 132  12  0  0
 3499 212   2   0   0   6  0  0
 3500 564   0   7 135   9  0  0
 3501 660   0  10   0   0  1  0
 3502 564   0  11 134  12  0  0
 3503 212   0   0   0   6  0  0
 3504 564   0   0   0   9  0  0
 3505 94139   0   0   0   0  0  0
 3506   0   0   0   0   0  0  3
 3507   0   0   0   0   0  0  1
 3508  10   0   0   0   0  0  2
 3509  25   0   0   0   0  0  0
 3510  25   0   0   0   1  0  0
 3511 262   1   0   0   2  0  0
 3512 763   0   5   4   3  0  0
 3513 212   2   0   0   6  0  0
 3514 564   0   7 129   9  0  0
 3515 660   0  10   0   0  1  0
 3516 564   0  11 128  12  0  0
 3517 212   2   0   0   6  0  0
 3518 564   0   7 131   9  0  0
 3519 660   0  10   0   0  1  0
 3520 564   0  11 130  12  0  0
 3521 212   0   0   0   6  0  0
 3522 564   0   0   0   9  0  0
 3523 94139   0   0   0   0  0  0
 3524   0   0   0   0   0  0  3
 3525   0   0   0   0   0  0  1
 3526  10   0   0   0   0  0  2
 3527  25   0   0   0   0  0  0
 3528  25   0   0   0   1  0  0
 3529 262   1   0   0   2  0  0
 3530 763   0   5  13   3  0  0
 3531 212   2   0   0   6  0  0
 3532 564   0   7 129   9  0  0
 3533 660   0  10   0   0  1  0
 3534 564   0  11 128  12  0  0
 3535 212   2   0   0   6  0  0
 3536 564   0   7 131   9  0  0
 3537 660   0  10   0   0  1  0
 3538 564   0  11 130  12  0  0
 3539 212   0   0   0   6  0  0
 3540 564   0   0   0   9  0  0
 3541 94139   0   0   0   0  0  0
 3542   0   0   0   0   0  0  3
 3543   0   0   0   0   0  0  1
 3544  10   0   0   0   0  0  2
 3545  25   0   0   0   0  0  0
 3546  25   0   0   0   1  0  0
 3547 262   1   0   0   2  0  0
 3548 763   0   5   4   3  0  0
 3549 212   2   0   0   6  0  0
 3550 564   0   7 125   9  0  0
 3551 660   0  10   0   0  1  0
 3552 564   0  11 124  12  0  0
 3553 212   2   0   0   6  0  0
 3554 564   0   7 127   9  0  0
 3555 660   0  10   0   0  1  0
 3556 564   0  11 126  12  0  0
 3557 212   0   0   0   6  0  0
 3558 564   0   0   0   9  0  0
 3559 94139   0   0   0   0  0  0
 3560   0   0   0   0   0  0  3
 3561   0   0   0   0   0  0  1
 3562  10   0   0   0   0  0  2
 3563  25   0   0   0   0  0  0
 3564  25   0   0   0   1  0  0
 3565 262   1   0   0   2  0  0
 3566 763   0   5  13   3  0  0
 3567 212   2   0   0   6  0  0
 3568 564   0   7 125   9  0  0
 3569 660   0  10   0   0  1  0
 3570 564   0  11 124  12  0  0
 3571 212   2   0   0   6  0  0
 3572 564   0   7 127   9  0  0
 3573 660   0  10   0   0  1  0
 3574 564   0  11 126  12  0  0
 3575 212   0   0   0   6  0  0
 3576 564   0   0   0   9  0  0
 3577 94139   0   0   0   0  0  0
 3578   0   0   0   0   0  0  3
 3579   0   0   0   0   0  0  1
 3580  10   0   0   0   0  0  2
 3581  25   0   0   0   0  0  0
 3582  25   0   0   0   1  0  0
 3583 262   1   0   0   2  0  0
 3584 763   0   5   4   3  0  0
 3585 212   2   0   0   6  0  0
 3586 564   0   7 121   9  0  0
 3587 660   0  10   0   0  1  0
 3588 564   0  11 120  12  0  0
 3589 212   2   0   0   6  0  0
 3590 564   0   7 123   9  0  0
 3591 660   0  10   0   0  1  0
 3592 564   0  11 122  12  0  0
 3593 212   0   0   0   6  0  0
 3594 564   0   0   0   9  0  0
 3595 94139   0   0   0   0  0  0
 3596   0   0   0   0   0  0  3
 3597   0   0   0   0   0  0  1
 3598  10   0   0   0   0  0  2
 3599  25   0   0   0   0  0  0
 3600  25   0   0   0   1  0  0
 3601 262   1   0   0   2  0  0
 3602 763   0   5  13   3  0  0
 3603 212   2   0   0   6  0  0
 3604 564   0   7 121   9  0  0
 3605 660   0  10   0   0  1  0
 3606 564   0  11 120  12  0  0
 3607 212   2   0   0   6  0  0
 3608 564   0   7 123   9  0  0
 3609 660   0  10   0   0  1  0
 3610 564   0  11 122  12  0  0
 3611 212   0   0   0   6  0  0
 3612 564   0   0   0   9  0  0
 3613 94139   0   0   0   0  0  0
 3614   0   0   0   0   0  0  3
 3615   0   0   0   0   0  0  1
 3616  10   0   0   0   0  0  2
 3617  25   0   0   0   0  0  0
 3618  25   0   0   0   1  0  0
 3619 262   1   0   0   2  0  0
 3620 763   0   5   4   3  0  0
 3621 212   2   0   0   6  0  0
 3622 564   0   7 117   9  0  0
 3623 660   0  10   0   0  1  0
 3624 564   0  11 116  12  0  0
 3625 212   2   0   0   6  0  0
 3626 564   0   7 119   9  0  0
 3627 660   0  10   0   0  1  0
 3628 564   0  11 118  12  0  0
 3629 212   0   0   0   6  0  0
 3630 564   0   0   0   9  0  0
 3631 94139   0   0   0   0  0  0
 3632   0   0   0   0   0  0  3
 3633   0   0   0   0   0  0  1
 3634  10   0   0   0   0  0  2
 3635  25   0   0   0   0  0  0
 3636  25   0   0   0   1  0  0
 3637 262   1   0   0   2  0  0
 3638 763   0   5  13   3  0  0
 3639 212   2   0   0   6  0  0
 3640 564   0   7 117   9  0  0
 3641 660   0  10   0   0  1  0
 3642 564   0  11 116  12  0  0
 3643 212   2   0   0   6  0  0
 3644 564   0   7 119   9  0  0
 3645 660   0  10   0   0  1  0
 3646 564   0  11 118  12  0  0
 3647 212   0   0   0   6  0  0
 3648 564   0   0   0   9  0  0
 3649 94139   0   0   0   0  0  0
 3650   0   0   0   0   0  0  3
 3651   0   0   0   0   0  0  1
 3652  10   0   0   0   0  0  2
 3653  25   0   0   0   0  0  0
 3654  25   0   0   0   1  0  0
 3655 262   1   0   0   2  0  0
 3656 763   0   5   4   3  0  0
 3657 212   2   0   0   6  0  0
 3658 564   0   7 113   9  0  0
 3659 660   0  10   0   0  1  0
 3660 564   0  11 112  12  0  0
 3661 212   2   0   0   6  0  0
 3662 564   0   7 115   9  0  0
 3663 660   0  10   0   0  1  0
 3664 564   0  11 114  12  0  0
 3665 212   0   0   0   6  0  0
 3666 564   0   0   0   9  0  0
 3667 94139   0   0   0   0  0  0
 3668   0   0   0   0   0  0  3
 3669   0   0   0   0   0  0  1
 3670  10   0   0   0   0  0  2
 3671  25   0   0   0   0  0  0
 3672  25   0   0   0   1  0  0
 3673 262   1   0   0   2  0  0
 3674 763   0   5  13   3  0  0
 3675 212   2   0   0   6  0  0
 3676 564   0   7 113   9  0  0
 3677 660   0  10   0   0  1  0
 3678 564   0  11 112  12  0  0
 3679 212   2   0   0   6  0  0
 3680 564   0   7 115   9  0  0
 3681 660   0  10   0   0  1  0
 3682 564   0  11 114  12  0  0
 3683 212   0   0   0   6  0  0
 3684 564   0   0   0   9  0  0
 3685 94139   0   0   0   0  0  0
 3686   0   0   0   0   0  0  3
 3687   0   0   0   0   0  0  1
 3688  10   0   0   0   0  0  2
 3689  25   0   0   0   0  0  0
 3690  25   0   0   0   1  0  0
 3691 262   1   0   0   2  0  0
 3692 763   0   5   4   3  0  0
 3693 212   2   0   0   6  0  0
 3694 564   0   7 109   9  0  0
 3695 660   0  10   0   0  1  0
 3696 564   0  11 108  12  0  0
 3697 212   2   0   0   6  0  0
 3698 564   0   7 111   9  0  0
 3699 660   0  10   0   0  1  0
 3700 564   0  11 110  12  0  0
 3701 212   0   0   0   6  0  0
 3702 564   0   0   0   9  0  0
 3703 94139   0   0   0   0  0  0
 3704   0   0   0   0   0  0  3
 3705   0   0   0   0   0  0  1
 3706  10   0   0   0   0  0  2
 3707  25   0   0   0   0  0  0
 3708  25   0   0   0   1  0  0
 3709 262   1   0   0   2  0  0
 3710 763   0   5  13   3  0  0
 3711 212   2   0   0   6  0  0
 3712 564   0   7 109   9  0  0
 3713 660   0  10   0   0  1  0
 3714 564   0  11 108  12  0  0
 3715 212   2   0   0   6  0  0
 3716 564   0   7 111   9  0  0
 3717 660   0  10   0   0  1  0
 3718 564   0  11 110  12  0  0
 3719 212   0   0   0   6  0  0
 3720 564   0   0   0   9  0  0
 3721 94139   0   0   0   0  0  0
 3722   0   0   0   0   0  0  3
 3723   0   0   0   0   0  0  1
 3724  10   0   0   0   0  0  2
 3725  25   0   0   0   0  0  0
 3726  25   0   0   0   1  0  0
 3727 262   1   0   0   2  0  0
 3728 763   0   5   4   3  0  0
 3729 212   2   0   0   6  0  0
 3730 564   0   7 105   9  0  0
 3731 660   0  10   0   0  1  0
 3732 564   0  11 104  12  0  0
 3733 212   2   0   0   6  0  0
 3734 564   0   7 107   9  0  0
 3735 660   0  10   0   0  1  0
 3736 564   0  11 106  12  0  0
 3737 212   0   0   0   6  0  0
 3738 564   0   0   0   9  0  0
 3739 94139   0   0   0   0  0  0
 3740   0   0   0   0   0  0  3
 3741   0   0   0   0   0  0  1
 3742  10   0   0   0   0  0  2
 3743  25   0   0   0   0  0  0
 3744  25   0   0   0   1  0  0
 3745 262   1   0   0   2  0  0
 3746 763   0   5  13   3  0  0
 3747 212   2   0   0   6  0  0
 3748 564   0   7 105   9  0  0
 3749 660   0  10   0   0  1  0
 3750 564   0  11 104  12  0  0
 3751 212   2   0   0   6  0  0
 3752 564   0   7 107   9  0  0
 3753 660   0  10   0   0  1  0
 3754 564   0  11 106  12  0  0
 3755 212   0   0   0   6  0  0
 3756 564   0   0   0   9  0  0
 3757 94139   0   0   0   0  0  0
 3758   0   0   0   0   0  0  3
 3759   0   0   0   0   0  0  1
 3760  10   0   0   0   0  0  2
 3761  25   0   0   0   0  0  0
 3762  25   0   0   0   1  0  0
 3763 262   1   0   0   2  0  0
 3764 763   0   5   4   3  0  0
 3765 212   2   0   0   6  0  0
 3766 564   0   7 101   9  0  0
 3767 660   0  10   0   0  1  0
 3768 564   0  11 100  12  0  0
 3769 212   2   0   0   6  0  0
 3770 564   0   7 103   9  0  0
 3771 660   0  10   0   0  1  0
 3772 564   0  11 102  12  0  0
 3773 212   0   0   0   6  0  0
 3774 564   0   0   0   9  0  0
 3775 94139   0   0   0   0  0  0
 3776   0   0   0   0   0  0  3
 3777   0   0   0   0   0  0  1
 3778  10   0   0   0   0  0  2
 3779  25   0   0   0   0  0  0
 3780  25   0   0   0   1  0  0
 3781 262   1   0   0   2  0  0
 3782 763   0   5  13   3  0  0
 3783 212   2   0   0   6  0  0
 3784 564   0   7 101   9  0  0
 3785 660   0  10   0   0  1  0
 3786 564   0  11 100  12  0  0
 3787 212   2   0   0   6  0  0
 3788 564   0   7 103   9  0  0
 3789 660   0  10   0   0  1  0
 3790 564   0  11 102  12  0  0
 3791 212   0   0   0   6  0  0
 3792 564   0   0   0   9  0  0
 3793 94139   0   0   0   0  0  0
 3794   0   0   0   0   0  0  3
 3795   0   0   0   0   0  0  1
 3796  10   0   0   0   0  0  2
 3797  25   0   0   0   0  0  0
 3798  25   0   0   0   1  0  0
 3799 262   1   0   0   2  0  0
 3800 763   0   5   4   3  0  0
 3801 212   2   0   0   6  0  0
 3802 564   0   7  97   9  0  0
 3803 660   0  10   0   0  1  0
 3804 564   0  11  96  12  0  0
 3805 212   2   0   0   6  0  0
 3806 564   0   7  99   9  0  0
 3807 660   0  10   0   0  1  0
 3808 564   0  11  98  12  0  0
 3809 212   0   0   0   6  0  0
 3810 564   0   0   0   9  0  0
 3811 94139   0   0   0   0  0  0
 3812   0   0   0   0   0  0  3
 3813   0   0   0   0   0  0  1
 3814  10   0   0   0   0  0  2
 3815  25   0   0   0   0  0  0
 3816  25   0   0   0   1  0  0
 3817 262   1   0   0   2  0  0
 3818 763   0   5  13   3  0  0
 3819 212   2   0   0   6  0  0
 3820 564   0   7  97   9  0  0
 3821 660   0  10   0   0  1  0
 3822 564   0  11  96  12  0  0
 3823 212   2   0   0   6  0  0
 3824 564   0   7  99   9  0  0
 3825 660   0  10   0   0  1  0
 3826 564   0  11  98  12  0  0
 3827 212   0   0   0   6  0  0
 3828 564   0   0   0   9  0  0
 3829 94139   0   0   0   0  0  0
 3830   0   0   0   0   0  0  3
 3831   0   0   0   0   0  0  1
 3832  10   0   0   0   0  0  2
 3833  25   0   0   0   0  0  0
 3834  25   0   0   0   1  0  0
 3835 262   1   0   0   2  0  0
 3836 763   0   5   4   3  0  0
 3837 212   2   0   0   6  0  0
 3838 564   0   7  93   9  0  0
 3839 660   0  10   0   0  1  0
 3840 564   0  11  92  12  0  0
 3841 212   2   0   0   6  0  0
 3842 564   0   7  95   9  0  0
 3843 660   0  10   0   0  1  0
 3844 564   0  11  94  12  0  0
 3845 212   0   0   0   6  0  0
 3846 564   0   0   0   9  0  0
 3847 94139   0   0   0   0  0  0
 3848   0   0   0   0   0  0  3
 3849   0   0   0   0   0  0  1
 3850  10   0   0   0   0  0  2
 3851  25   0   0   0   0  0  0
 3852  25   0   0   0   1  0  0
 3853 262   1   0   0   2  0  0
 3854 763   0   5  13   3  0  0
 3855 212   2   0   0   6  0  0
 3856 564   0   7  93   9  0  0
 3857 660   0  10   0   0  1  0
 3858 564   0  11  92  12  0  0
 3859 212   2   0   0   6  0  0
 3860 564   0   7  95   9  0  0
 3861 660   0  10   0   0  1  0
 3862 564   0  11  94  12  0  0
 3863 212   0   0   0   6  0  0
 3864 564   0   0   0   9  0  0
 3865 94139   0   0   0   0  0  0
 3866   0   0   0   0   0  0  3
 3867   0   0   0   0   0  0  1
 3868  10   0   0   0   0  0  2
 3869  25   0   0   0   0  0  0
 3870  25   0   0   0   1  0  0
 3871 262   1   0   0   2  0  0
 3872 763   0   5   4   3  0  0
 3873 212   2   0   0   6  0  0
 3874 564   0   7  89   9  0  0
 3875 660   0  10   0   0  1  0
 3876 564   0  11  88  12  0  0
 3877 212   2   0   0   6  0  0
 3878 564   0   7  91   9  0  0
 3879 660   0  10   0   0  1  0
 3880 564   0  11  90  12  0  0
 3881 212   0   0   0   6  0  0
 3882 564   0   0   0   9  0  0
 3883 94139   0   0   0   0  0  0
 3884   0   0   0   0   0  0  3
 3885   0   0   0   0   0  0  1
 3886  10   0   0   0   0  0  2
 3887  25   0   0   0   0  0  0
 3888  25   0   0   0   1  0  0
 3889 262   1   0   0   2  0  0
 3890 763   0   5  13   3  0  0
 3891 212   2   0   0   6  0  0
 3892 564   0   7  89   9  0  0
 3893 660   0  10   0   0  1  0
 3894 564   0  11  88  12  0  0
 3895 212   2   0   0   6  0  0
 3896 564   0   7  91   9  0  0
 3897 660   0  10   0   0  1  0
 3898 564   0  11  90  12  0  0
 3899 212   0   0   0   6  0  0
 3900 564   0   0   0   9  0  0
 3901 94139   0   0   0   0  0  0
 3902   0   0   0   0   0  0  3
 3903   0   0   0   0   0  0  1
 3904  10   0   0   0   0  0  2
 3905  25   0   0   0   0  0  0
 3906  25   0   0   0   1  0  0
 3907 262   1   0   0   2  0  0
 3908 763   0   5   4   3  0  0
 3909 212   2   0   0   6  0  0
 3910 564   0   7  85   9  0  0
 3911 660   0  10   0   0  1  0
 3912 564   0  11  84  12  0  0
 3913 212   2   0   0   6  0  0
 3914 564   0   7  87   9  0  0
 3915 660   0  10   0   0  1  0
 3916 564   0  11  86  12  0  0
 3917 212   0   0   0   6  0  0
 3918 564   0   0   0   9  0  0
 3919 94139   0   0   0   0  0  0
 3920   0   0   0   0   0  0  3
 3921   0   0   0   0   0  0  1
 3922  10   0   0   0   0  0  2
 3923  25   0   0   0   0  0  0
 3924  25   0   0   0   1  0  0
 3925 262   1   0   0   2  0  0
 3926 763   0   5  13   3  0  0
 3927 212   2   0   0   6  0  0
 3928 564   0   7  85   9  0  0
 3929 660   0  10   0   0  1  0
 3930 564   0  11  84  12  0  0
 3931 212   2   0   0   6  0  0
 3932 564   0   7  87   9  0  0
 3933 660   0  10   0   0  1  0
 3934 564   0  11  86  12  0  0
 3935 212   0   0   0   6  0  0
 3936 564   0   0   0   9  0  0
 3937 94139   0   0   0   0  0  0
 3938   0   0   0   0   0  0  3
 3939   0   0   0   0   0  0  1
 3940  10   0   0   0   0  0  2
 3941  25   0   0   0   0  0  0
 3942  25   0   0   0   1  0  0
 3943 262   1   0   0   2  0  0
 3944 763   0   5   4   3  0  0
 3945 212   2   0   0   6  0  0
 3946 564   0   7  81   9  0  0
 3947 660   0  10   0   0  1  0
 3948 564   0  11  80  12  0  0
 3949 212   2   0   0   6  0  0
 3950 564   0   7  83   9  0  0
 3951 660   0  10   0   0  1  0
 3952 564   0  11  82  12  0  0
 3953 212   0   0   0   6  0  0
 3954 564   0   0   0   9  0  0
 3955 94139   0   0   0   0  0  0
 3956   0   0   0   0   0  0  3
 3957   0   0   0   0   0  0  1
 3958  10   0   0   0   0  0  2
 3959  25   0   0   0   0  0  0
 3960  25   0   0   0   1  0  0
 3961 262   1   0   0   2  0  0
 3962 763   0   5  13   3  0  0
 3963 212   2   0   0   6  0  0
 3964 564   0   7  81   9  0  0
 3965 660   0  10   0   0  1  0
 3966 564   0  11  80  12  0  0
 3967 212   2   0   0   6  0  0
 3968 564   0   7  83   9  0  0
 3969 660   0  10   0   0  1  0
 3970 564   0  11  82  12  0  0
 3971 212   0   0   0   6  0  0
 3972 564   0   0   0   9  0  0
 3973 94139   0   0   0   0  0  0
 3974   0   0   0   0   0  0  3
 3975   0   0   0   0   0  0  1
 3976  10   0   0   0   0  0  2
 3977  25   0   0   0   0  0  0
 3978  25   0   0   0   1  0  0
 3979 262   1   0   0   2  0  0
 3980 763   0   5   4   3  0  0
 3981 212   2   0   0   6  0  0
 3982 564   0   7  77   9  0  0
 3983 660   0  10   0   0  1  0
 3984 564   0  11  76  12  0  0
 3985 212   2   0   0   6  0  0
 3986 564   0   7  79   9  0  0
 3987 660   0  10   0   0  1  0
 3988 564   0  11  78  12  0  0
 3989 212   0   0   0   6  0  0
 3990 564   0   0   0   9  0  0
 3991 94139   0   0   0   0  0  0
 3992   0   0   0   0   0  0  3
 3993   0   0   0   0   0  0  1
 3994  10   0   0   0   0  0  2
 3995  25   0   0   0   0  0  0
 3996  25   0   0   0   1  0  0
 3997 262   1   0   0   2  0  0
 3998 763   0   5  13   3  0  0
 3999 212   2   0   0   6  0  0
 4000 564   0   7  77   9  0  0
 4001 660   0  10   0   0  1  0
 4002 564   0  11  76  12  0  0
 4003 212   2   0   0   6  0  0
 4004 564   0   7  79   9  0  0
 4005 660   0  10   0   0  1  0
 4006 564   0  11  78  12  0  0
 4007 212   0   0   0   6  0  0
 4008 564   0   0   0   9  0  0
 4009 94139   0   0   0   0  0  0
 4010   0   0   0   0   0  0  3
 4011   0   0   0   0   0  0  1
 4012  10   0   0   0   0  0  2
 4013  25   0   0   0   0  0  0
 4014  25   0   0   0   1  0  0
 4015 262   1   0   0   2  0  0
 4016 763   0   5   4   3  0  0
 4017 212   2   0   0   6  0  0
 4018 564   0   7  73   9  0  0
 4019 660   0  10   0   0  1  0
 4020 564   0  11  72  12  0  0
 4021 212   2   0   0   6  0  0
 4022 564   0   7  75   9  0  0
 4023 660   0  10   0   0  1  0
 4024 564   0  11  74  12  0  0
 4025 212   0   0   0   6  0  0
 4026 564   0   0   0   9  0  0
 4027 94139   0   0   0   0  0  0
 4028   0   0   0   0   0  0  3
 4029   0   0   0   0   0  0  1
 4030  10   0   0   0   0  0  2
 4031  25   0   0   0   0  0  0
 4032  25   0   0   0   1  0  0
 4033 262   1   0   0   2  0  0
 4034 763   0   5  13   3  0  0
 4035 212   2   0   0   6  0  0
 4036 564   0   7  73   9  0  0
 4037 660   0  10   0   0  1  0
 4038 564   0  11  72  12  0  0
 4039 212   2   0   0   6  0  0
 4040 564   0   7  75   9  0  0
 4041 660   0  10   0   0  1  0
 4042 564   0  11  74  12  0  0
 4043 212   0   0   0   6  0  0
 4044 564   0   0   0   9  0  0
 4045 94139   0   0   0   0  0  0
 4046   0   0   0   0   0  0  3
 4047   0   0   0   0   0  0  1
 4048  10   0   0   0   0  0  2
 4049  25   0   0   0   0  0  0
 4050  25   0   0   0   1  0  0
 4051 262   1   0   0   2  0  0
 4052 763   0   5   4   3  0  0
 4053 212   2   0   0   6  0  0
 4054 564   0   7  69   9  0  0
 4055 660   0  10   0   0  1  0
 4056 564   0  11  68  12  0  0
 4057 212   2   0   0   6  0  0
 4058 564   0   7  71   9  0  0
 4059 660   0  10   0   0  1  0
 4060 564   0  11  70  12  0  0
 4061 212   0   0   0   6  0  0
 4062 564   0   0   0   9  0  0
 4063 94139   0   0   0   0  0  0
 4064   0   0   0   0   0  0  3
 4065   0   0   0   0   0  0  1
 4066  10   0   0   0   0  0  2
 4067  25   0   0   0   0  0  0
 4068  25   0   0   0   1  0  0
 4069 262   1   0   0   2  0  0
 4070 763   0   5  13   3  0  0
 4071 212   2   0   0   6  0  0
 4072 564   0   7  69   9  0  0
 4073 660   0  10   0   0  1  0
 4074 564   0  11  68  12  0  0
 4075 212   2   0   0   6  0  0
 4076 564   0   7  71   9  0  0
 4077 660   0  10   0   0  1  0
 4078 564   0  11  70  12  0  0
 4079 212   0   0   0   6  0  0
 4080 564   0   0   0   9  0  0
 4081 94139   0   0   0   0  0  0
 4082   0   0   0   0   0  0  3
 4083   0   0   0   0   0  0  1
 4084  10   0   0   0   0  0  2
 4085  25   0   0   0   0  0  0
 4086  25   0   0   0   1  0  0
 4087 262   1   0   0   2  0  0
 4088 763   0   5   4   3  0  0
 4089 212   2   0   0   6  0  0
 4090 564   0   7  65   9  0  0
 4091 660   0  10   0   0  1  0
 4092 564   0  11  64  12  0  0
 4093 212   2   0   0   6  0  0
 4094 564   0   7  67   9  0  0
 4095 660   0  10   0   0  1  0
 4096 564   0  11  66  12  0  0
 4097 212   0   0   0   6  0  0
 4098 564   0   0   0   9  0  0
 4099 94139   0   0   0   0  0  0
 4100   0   0   0   0   0  0  3
 4101   0   0   0   0   0  0  1
 4102  10   0   0   0   0  0  2
 4103  25   0   0   0   0  0  0
 4104  25   0   0   0   1  0  0
 4105 262   1   0   0   2  0  0
 4106 763   0   5  13   3  0  0
 4107 212   2   0   0   6  0  0
 4108 564   0   7  65   9  0  0
 4109 660   0  10   0   0  1  0
 4110 564   0  11  64  12  0  0
 4111 212   2   0   0   6  0  0
 4112 564   0   7  67   9  0  0
 4113 660   0  10   0   0  1  0
 4114 564   0  11  66  12  0  0
 4115 212   0   0   0   6  0  0
 4116 564   0   0   0   9  0  0
 4117 94139   0   0   0   0  0  0
 4118   0   0   0   0   0  0  3
 4119   0   0   0   0   0  0  1
 4120  10   0   0   0   0  0  2
 4121  25   0   0   0   0  0  0
 4122  25   0   0   0   1  0  0
 4123 262   1   0   0   2  0  0
 4124 763   0   5   4   3  0  0
 4125 212   2   0   0   6  0  0
 4126 564   0   7  61   9  0  0
 4127 660   0  10   0   0  1  0
 4128 564   0  11  60  12  0  0
 4129 212   2   0   0   6  0  0
 4130 564   0   7  63   9  0  0
 4131 660   0  10   0   0  1  0
 4132 564   0  11  62  12  0  0
 4133 212   0   0   0   6  0  0
 4134 564   0   0   0   9  0  0
 4135 94139   0   0   0   0  0  0
 4136   0   0   0   0   0  0  3
 4137   0   0   0   0   0  0  1
 4138  10   0   0   0   0  0  2
 4139  25   0   0   0   0  0  0
 4140  25   0   0   0   1  0  0
 4141 262   1   0   0   2  0  0
 4142 763   0   5  13   3  0  0
 4143 212   2   0   0   6  0  0
 4144 564   0   7  61   9  0  0
 4145 660   0  10   0   0  1  0
 4146 564   0  11  60  12  0  0
 4147 212   2   0   0   6  0  0
 4148 564   0   7  63   9  0  0
 4149 660   0  10   0   0  1  0
 4150 564   0  11  62  12  0  0
 4151 212   0   0   0   6  0  0
 4152 564   0   0   0   9  0  0
 4153 94139   0   0   0   0  0  0
 4154   0   0   0   0   0  0  3
 4155   0   0   0   0   0  0  1
 4156  10   0   0   0   0  0  2
 4157  25   0   0   0   0  0  0
 4158  25   0   0   0   1  0  0
 4159 262   1   0   0   2  0  0
 4160 763   0   5   4   3  0  0
 4161 212   2   0   0   6  0  0
 4162 564   0   7  57   9  0  0
 4163 660   0  10   0   0  1  0
 4164 564   0  11  56  12  0  0
 4165 212   2   0   0   6  0  0
 4166 564   0   7  59   9  0  0
 4167 660   0  10   0   0  1  0
 4168 564   0  11  58  12  0  0
 4169 212   0   0   0   6  0  0
 4170 564   0   0   0   9  0  0
 4171 94139   0   0   0   0  0  0
 4172   0   0   0   0   0  0  3
 4173   0   0   0   0   0  0  1
 4174  10   0   0   0   0  0  2
 4175  25   0   0   0   0  0  0
 4176  25   0   0   0   1  0  0
 4177 262   1   0   0   2  0  0
 4178 763   0   5  13   3  0  0
 4179 212   2   0   0   6  0  0
 4180 564   0   7  57   9  0  0
 4181 660   0  10   0   0  1  0
 4182 564   0  11  56  12  0  0
 4183 212   2   0   0   6  0  0
 4184 564   0   7  59   9  0  0
 4185 660   0  10   0   0  1  0
 4186 564   0  11  58  12  0  0
 4187 212   0   0   0   6  0  0
 4188 564   0   0   0   9  0  0
 4189 94139   0   0   0   0  0  0
 4190   0   0   0   0   0  0  3
 4191   0   0   0   0   0  0  1
 4192  10   0   0   0   0  0  2
 4193  25   0   0   0   0  0  0
 4194  25   0   0   0   1  0  0
 4195 262   1   0   0   2  0  0
 4196 763   0   5   4   3  0  0
 4197 212   2   0   0   6  0  0
 4198 564   0   7  53   9  0  0
 4199 660   0  10   0   0  1  0
 4200 564   0  11  52  12  0  0
 4201 212   2   0   0   6  0  0
 4202 564   0   7  55   9  0  0
 4203 660   0  10   0   0  1  0
 4204 564   0  11  54  12  0  0
 4205 212   0   0   0   6  0  0
 4206 564   0   0   0   9  0  0
 4207 94139   0   0   0   0  0  0
 4208   0   0   0   0   0  0  3
 4209   0   0   0   0   0  0  1
 4210  10   0   0   0   0  0  2
 4211  25   0   0   0   0  0  0
 4212  25   0   0   0   1  0  0
 4213 262   1   0   0   2  0  0
 4214 763   0   5  13   3  0  0
 4215 212   2   0   0   6  0  0
 4216 564   0   7  53   9  0  0
 4217 660   0  10   0   0  1  0
 4218 564   0  11  52  12  0  0
 4219 212   2   0   0   6  0  0
 4220 564   0   7  55   9  0  0
 4221 660   0  10   0   0  1  0
 4222 564   0  11  54  12  0  0
 4223 212   0   0   0   6  0  0
 4224 564   0   0   0   9  0  0
 4225 94139   0   0   0   0  0  0
 4226   0   0   0   0   0  0  3
 4227   0   0   0   0   0  0  1
 4228  10   0   0   0   0  0  2
 4229  25   0   0   0   0  0  0
 4230  25   0   0   0   1  0  0
 4231 262   1   0   0   2  0  0
 4232 763   0   5   4   3  0  0
 4233 212   2   0   0   6  0  0
 4234 564   0   7  49   9  0  0
 4235 660   0  10   0   0  1  0
 4236 564   0  11  48  12  0  0
 4237 212   2   0   0   6  0  0
 4238 564   0   7  51   9  0  0
 4239 660   0  10   0   0  1  0
 4240 564   0  11  50  12  0  0
 4241 212   0   0   0   6  0  0
 4242 564   0   0   0   9  0  0
 4243 94139   0   0   0   0  0  0
 4244   0   0   0   0   0  0  3
 4245   0   0   0   0   0  0  1
 4246  10   0   0   0   0  0  2
 4247  25   0   0   0   0  0  0
 4248  25   0   0   0   1  0  0
 4249 262   1   0   0   2  0  0
 4250 763   0   5  13   3  0  0
 4251 212   2   0   0   6  0  0
 4252 564   0   7  49   9  0  0
 4253 660   0  10   0   0  1  0
 4254 564   0  11  48  12  0  0
 4255 212   2   0   0   6  0  0
 4256 564   0   7  51   9  0  0
 4257 660   0  10   0   0  1  0
 4258 564   0  11  50  12  0  0
 4259 212   0   0   0   6  0  0
 4260 564   0   0   0   9  0  0
 4261 94139   0   0   0   0  0  0
 4262   0   0   0   0   0  0  3
 4263   0   0   0   0   0  0  1
 4264  10   0   0   0   0  0  2
 4265  25   0   0   0   0  0  0
 4266  25   0   0   0   1  0  0
 4267 262   1   0   0   2  0  0
 4268 763   0   5   4   3  0  0
 4269 212   2   0   0   6  0  0
 4270 564   0   7  45   9  0  0
 4271 660   0  10   0   0  1  0
 4272 564   0  11  44  12  0  0
 4273 212   2   0   0   6  0  0
 4274 564   0   7  47   9  0  0
 4275 660   0  10   0   0  1  0
 4276 564   0  11  46  12  0  0
 4277 212   0   0   0   6  0  0
 4278 564   0   0   0   9  0  0
 4279 94139   0   0   0   0  0  0
 4280   0   0   0   0   0  0  3
 4281   0   0   0   0   0  0  1
 4282  10   0   0   0   0  0  2
 4283  25   0   0   0   0  0  0
 4284  25   0   0   0   1  0  0
 4285 262   1   0   0   2  0  0
 4286 763   0   5  13   3  0  0
 4287 212   2   0   0   6  0  0
 4288 564   0   7  45   9  0  0
 4289 660   0  10   0   0  1  0
 4290 564   0  11  44  12  0  0
 4291 212   2   0   0   6  0  0
 4292 564   0   7  47   9  0  0
 4293 660   0  10   0   0  1  0
 4294 564   0  11  46  12  0  0
 4295 212   0   0   0   6  0  0
 4296 564   0   0   0   9  0  0
 4297 94139   0   0   0   0  0  0
 4298   0   0   0   0   0  0  3
 4299   0   0   0   0   0  0  1
 4300  10   0   0   0   0  0  2
 4301  25   0   0   0   0  0  0
 4302  25   0   0   0   1  0  0
 4303 262   1   0   0   2  0  0
 4304 763   0   5   4   3  0  0
 4305 212   2   0   0   6  0  0
 4306 564   0   7  41   9  0  0
 4307 660   0  10   0   0  1  0
 4308 564   0  11  40  12  0  0
 4309 212   2   0   0   6  0  0
 4310 564   0   7  43   9  0  0
 4311 660   0  10   0   0  1  0
 4312 564   0  11  42  12  0  0
 4313 212   0   0   0   6  0  0
 4314 564   0   0   0   9  0  0
 4315 94139   0   0   0   0  0  0
 4316   0   0   0   0   0  0  3
 4317   0   0   0   0   0  0  1
 4318  10   0   0   0   0  0  2
 4319  25   0   0   0   0  0  0
 4320  25   0   0   0   1  0  0
 4321 262   1   0   0   2  0  0
 4322 763   0   5  13   3  0  0
 4323 212   2   0   0   6  0  0
 4324 564   0   7  41   9  0  0
 4325 660   0  10   0   0  1  0
 4326 564   0  11  40  12  0  0
 4327 212   2   0   0   6  0  0
 4328 564   0   7  43   9  0  0
 4329 660   0  10   0   0  1  0
 4330 564   0  11  42  12  0  0
 4331 212   0   0   0   6  0  0
 4332 564   0   0   0   9  0  0
 4333 94139   0   0   0   0  0  0
 4334   0   0   0   0   0  0  3
 4335   0   0   0   0   0  0  1
 4336  10   0   0   0   0  0  2
 4337  25   0   0   0   0  0  0
 4338  25   0   0   0   1  0  0
 4339 262   1   0   0   2  0  0
 4340 763   0   5   4   3  0  0
 4341 212   2   0   0   6  0  0
 4342 564   0   7  37   9  0  0
 4343 660   0  10   0   0  1  0
 4344 564   0  11  36  12  0  0
 4345 212   2   0   0   6  0  0
 4346 564   0   7  39   9  0  0
 4347 660   0  10   0   0  1  0
 4348 564   0  11  38  12  0  0
 4349 212   0   0   0   6  0  0
 4350 564   0   0   0   9  0  0
 4351 94139   0   0   0   0  0  0
 4352   0   0   0   0   0  0  3
 4353   0   0   0   0   0  0  1
 4354  10   0   0   0   0  0  2
 4355  25   0   0   0   0  0  0
 4356  25   0   0   0   1  0  0
 4357 262   1   0   0   2  0  0
 4358 763   0   5  13   3  0  0
 4359 212   2   0   0   6  0  0
 4360 564   0   7  37   9  0  0
 4361 660   0  10   0   0  1  0
 4362 564   0  11  36  12  0  0
 4363 212   2   0   0   6  0  0
 4364 564   0   7  39   9  0  0
 4365 660   0  10   0   0  1  0
 4366 564   0  11  38  12  0  0
 4367 212   0   0   0   6  0  0
 4368 564   0   0   0   9  0  0
 4369 94139   0   0   0   0  0  0
 4370   0   0   0   0   0  0  3
 4371   0   0   0   0   0  0  1
 4372  10   0   0   0   0  0  2
 4373  25   0   0   0   0  0  0
 4374  25   0   0   0   1  0  0
 4375 262   1   0   0   2  0  0
 4376 763   0   5   4   3  0  0
 4377 212   2   0   0   6  0  0
 4378 564   0   7  33   9  0  0
 4379 660   0  10   0   0  1  0
 4380 564   0  11  32  12  0  0
 4381 212   2   0   0   6  0  0
 4382 564   0   7  35   9  0  0
 4383 660   0  10   0   0  1  0
 4384 564   0  11  34  12  0  0
 4385 212   0   0   0   6  0  0
 4386 564   0   0   0   9  0  0
 4387 94139   0   0   0   0  0  0
 4388   0   0   0   0   0  0  3
 4389   0   0   0   0   0  0  1
 4390  10   0   0   0   0  0  2
 4391  25   0   0   0   0  0  0
 4392  25   0   0   0   1  0  0
 4393 262   1   0   0   2  0  0
 4394 763   0   5  13   3  0  0
 4395 212   2   0   0   6  0  0
 4396 564   0   7  33   9  0  0
 4397 660   0  10   0   0  1  0
 4398 564   0  11  32  12  0  0
 4399 212   2   0   0   6  0  0
 4400 564   0   7  35   9  0  0
 4401 660   0  10   0   0  1  0
 4402 564   0  11  34  12  0  0
 4403 212   0   0   0   6  0  0
 4404 564   0   0   0   9  0  0
 4405 94139   0   0   0   0  0  0
 4406   0   0   0   0   0  0  3
 4407   0   0   0   0   0  0  1
 4408  10   0   0   0   0  0  2
 4409  25   0   0   0   0  0  0
 4410  25   0   0   0   1  0  0
 4411 262   1   0   0   2  0  0
 4412 763   0   5   4   3  0  0
 4413 212   2   0   0   6  0  0
 4414 564   0   7  29   9  0  0
 4415 660   0  10   0   0  1  0
 4416 564   0  11  28  12  0  0
 4417 212   2   0   0   6  0  0
 4418 564   0   7  31   9  0  0
 4419 660   0  10   0   0  1  0
 4420 564   0  11  30  12  0  0
 4421 212   0   0   0   6  0  0
 4422 564   0   0   0   9  0  0
 4423 94139   0   0   0   0  0  0
 4424   0   0   0   0   0  0  3
 4425   0   0   0   0   0  0  1
 4426  10   0   0   0   0  0  2
 4427  25   0   0   0   0  0  0
 4428  25   0   0   0   1  0  0
 4429 262   1   0   0   2  0  0
 4430 763   0   5  13   3  0  0
 4431 212   2   0   0   6  0  0
 4432 564   0   7  29   9  0  0
 4433 660   0  10   0   0  1  0
 4434 564   0  11  28  12  0  0
 4435 212   2   0   0   6  0  0
 4436 564   0   7  31   9  0  0
 4437 660   0  10   0   0  1  0
 4438 564   0  11  30  12  0  0
 4439 212   0   0   0   6  0  0
 4440 564   0   0   0   9  0  0
 4441 94139   0   0   0   0  0  0
 4442   0   0   0   0   0  0  3
 4443   0   0   0   0   0  0  1
 4444  10   0   0   0   0  0  2
 4445  25   0   0   0   0  0  0
 4446  25   0   0   0   1  0  0
 4447 262   1   0   0   2  0  0
 4448 763   0   5   4   3  0  0
 4449 212   2   0   0   6  0  0
 4450 564   0   7  25   9  0  0
 4451 660   0  10   0   0  1  0
 4452 564   0  11  24  12  0  0
 4453 212   2   0   0   6  0  0
 4454 564   0   7  27   9  0  0
 4455 660   0  10   0   0  1  0
 4456 564   0  11  26  12  0  0
 4457 212   0   0   0   6  0  0
 4458 564   0   0   0   9  0  0
 4459 94139   0   0   0   0  0  0
 4460   0   0   0   0   0  0  3
 4461   0   0   0   0   0  0  1
 4462  10   0   0   0   0  0  2
 4463  25   0   0   0   0  0  0
 4464  25   0   0   0   1  0  0
 4465 262   1   0   0   2  0  0
 4466 763   0   5  13   3  0  0
 4467 212   2   0   0   6  0  0
 4468 564   0   7  25   9  0  0
 4469 660   0  10   0   0  1  0
 4470 564   0  11  24  12  0  0
 4471 212   2   0   0   6  0  0
 4472 564   0   7  27   9  0  0
 4473 660   0  10   0   0  1  0
 4474 564   0  11  26  12  0  0
 4475 212   0   0   0   6  0  0
 4476 564   0   0   0   9  0  0
 4477 94139   0   0   0   0  0  0
 4478   0   0   0   0   0  0  3
 4479   0   0   0   0   0  0  1
 4480  10   0   0   0   0  0  2
 4481  25   0   0   0   0  0  0
 4482  25   0   0   0   1  0  0
 4483 262   1   0   0   2  0  0
 4484 763   0   5   4   3  0  0
 4485 212   2   0   0   6  0  0
 4486 564   0   7  21   9  0  0
 4487 660   0  10   0   0  1  0
 4488 564   0  11  20  12  0  0
 4489 212   2   0   0   6  0  0
 4490 564   0   7  23   9  0  0
 4491 660   0  10   0   0  1  0
 4492 564   0  11  22  12  0  0
 4493 212   0   0   0   6  0  0
 4494 564   0   0   0   9  0  0
 4495 94139   0   0   0   0  0  0
 4496   0   0   0   0   0  0  3
 4497   0   0   0   0   0  0  1
 4498  10   0   0   0   0  0  2
 4499  25   0   0   0   0  0  0
 4500  25   0   0   0   1  0  0
 4501 262   1   0   0   2  0  0
 4502 763   0   5  13   3  0  0
 4503 212   2   0   0   6  0  0
 4504 564   0   7  21   9  0  0
 4505 660   0  10   0   0  1  0
 4506 564   0  11  20  12  0  0
 4507 212   2   0   0   6  0  0
 4508 564   0   7  23   9  0  0
 4509 660   0  10   0   0  1  0
 4510 564   0  11  22  12  0  0
 4511 212   0   0   0   6  0  0
 4512 564   0   0   0   9  0  0
 4513 94139   0   0   0   0  0  0
 4514   0   0   0   0   0  0  3
 4515   0   0   0   0   0  0  1
 4516  10   0   0   0   0  0  2
 4517  25   0   0   0   0  0  0
 4518  25   0   0   0   1  0  0
 4519 262   1   0   0   2  0  0
 4520 763   0   5   4   3  0  0
 4521 212   2   0   0   6  0  0
 4522 564   0   7  17   9  0  0
 4523 660   0  10   0   0  1  0
 4524 564   0  11  16  12  0  0
 4525 212   2   0   0   6  0  0
 4526 564   0   7  19   9  0  0
 4527 660   0  10   0   0  1  0
 4528 564   0  11  18  12  0  0
 4529 212   0   0   0   6  0  0
 4530 564   0   0   0   9  0  0
 4531 94139   0   0   0   0  0  0
 4532   0   0   0   0   0  0  3
 4533   0   0   0   0   0  0  1
 4534  10   0   0   0   0  0  2
 4535  25   0   0   0   0  0  0
 4536  25   0   0   0   1  0  0
 4537 262   1   0   0   2  0  0
 4538 763   0   5  13   3  0  0
 4539 212   2   0   0   6  0  0
 4540 564   0   7  17   9  0  0
 4541 660   0  10   0   0  1  0
 4542 564   0  11  16  12  0  0
 4543 212   2   0   0   6  0  0
 4544 564   0   7  19   9  0  0
 4545 660   0  10   0   0  1  0
 4546 564   0  11  18  12  0  0
 4547 212   0   0   0   6  0  0
 4548 564   0   0   0   9  0  0
 4549 94114   0   0   0   0  0  0
 4550   0   0   0   0   0  0  3
 4551   0   0   0   0   0  0  1
 4552  10   0   0   0   0  0  2
 4553  50   0   0   0   0  0  0
 4554  25   0   0   0   1  0  0
 4555 262   1   0   0   2  0  0
 4556 763   0   5   4   3  0  0
 4557 212   2   0   0   6  0  0
 4558 564   0   7   8   9  0  0
 4559 660   0  10   0   0  0  0
 4560 564   0  11   8  12  0  0
 4561 212   2   0   0   6  0  0
 4562 564   0   7   8   9  0  0
 4563 660   0  10   0   0  0  0
 4564 564   0  11   8  12  0  0
 4565 212   0   0   0   6  0  0
 4566 564   0   0   0   9  0  0
 4567 94114   0   0   0   0  0  0
 4568   0   0   0   0   0  0  3
 4569   0   0   0   0   0  0  1
 4570  10   0   0   0   0  0  2
 4571  50   0   0   0   0  0  0
 4572  25   0   0   0   1  0  0
 4573 262   1   0   0   2  0  0
 4574 763   0   5  13   3  0  0
 4575 212   2   0   0   6  0  0
 4576 564   0   7   8   9  0  0
 4577 660   0  10   0   0  0  0
 4578 564   0  11   8  12  0  0
 4579 212   2   0   0   6  0  0
 4580 564   0   7   8   9  0  0
 4581 660   0  10   0   0  0  0
 4582 564   0  11   8  12  0  0
 4583 212   0   0   0   6  0  0
 4584 564   0   0   0   9  0  0
 4585 94114   0   0   0   0  0  0
 4586   0   0   0   0   0  0  3
 4587   0   0   0   0   0  0  1
 4588  10   0   0   0   0  0  2
 4589  50   0   0   0   0  0  0
 4590  25   0   0   0   1  0  0
 4591 262   1   0   0   2  0  0
 4592 763   0   5   4   3  0  0
 4593 212   2   0   0   6  0  0
 4594 564   0   7  14   9  0  0
 4595 660   0  10   0   0  1  0
 4596 564   0  11  15  12  0  0
 4597 212   2   0   0   6  0  0
 4598 564   0   7  15   9  0  0
 4599 660   0  10   0   0  1  0
 4600 564   0  11  14  12  0  0
 4601 212   0   0   0   6  0  0
 4602 564   0   0   0   9  0  0
 4603 94114   0   0   0   0  0  0
 4604   0   0   0   0   0  0  3
 4605   0   0   0   0   0  0  1
 4606  10   0   0   0   0  0  2
 4607  50   0   0   0   0  0  0
 4608  25   0   0   0   1  0  0
 4609 262   1   0   0   2  0  0
 4610 763   0   5  13   3  0  0
 4611 212   2   0   0   6  0  0
 4612 564   0   7  14   9  0  0
 4613 660   0  10   0   0  1  0
 4614 564   0  11  15  12  0  0
 4615 212   2   0   0   6  0  0
 4616 564   0   7  15   9  0  0
 4617 660   0  10   0   0  1  0
 4618 564   0  11  14  12  0  0
 4619 212   0   0   0   6  0  0
 4620 564   0   0   0   9  0  0
 4621 94114   0   0   0   0  0  0
 4622   0   0   0   0   0  0  3
 4623   0   0   0   0   0  0  1
 4624  10   0   0   0   0  0  2
 4625  50   0   0   0   0  0  0
 4626  25   0   0   0   1  0  0
 4627 262   1   0   0   2  0  0
 4628 763   0   5   4   3  0  0
 4629 212   2   0   0   6  0  0
 4630 564   0   7  16   9  0  0
 4631 660   0  10   0   0  1  0
 4632 564   0  11  17  12  0  0
 4633 212   2   0   0   6  0  0
 4634 564   0   7  18   9  0  0
 4635 660   0  10   0   0  1  0
 4636 564   0  11  19  12  0  0
 4637 212   0   0   0   6  0  0
 4638 564   0   0   0   9  0  0
 4639 94114   0   0   0   0  0  0
 4640   0   0   0   0   0  0  3
 4641   0   0   0   0   0  0  1
 4642  10   0   0   0   0  0  2
 4643  50   0   0   0   0  0  0
 4644  25   0   0   0   1  0  0
 4645 262   1   0   0   2  0  0
 4646 763   0   5  13   3  0  0
 4647 212   2   0   0   6  0  0
 4648 564   0   7  16   9  0  0
 4649 660   0  10   0   0  1  0
 4650 564   0  11  17  12  0  0
 4651 212   2   0   0   6  0  0
 4652 564   0   7  18   9  0  0
 4653 660   0  10   0   0  1  0
 4654 564   0  11  19  12  0  0
 4655 212   0   0   0   6  0  0
 4656 564   0   0   0   9  0  0
 4657 94114   0   0   0   0  0  0
 4658   0   0   0   0   0  0  3
 4659   0   0   0   0   0  0  1
 4660  10   0   0   0   0  0  2
 4661  50   0   0   0   0  0  0
 4662  25   0   0   0   1  0  0
 4663 262   1   0   0   2  0  0
 4664 763   0   5   4   3  0  0
 4665 212   2   0   0   6  0  0
 4666 564   0   7  20   9  0  0
 4667 660   0  10   0   0  1  0
 4668 564   0  11  21  12  0  0
 4669 212   2   0   0   6  0  0
 4670 564   0   7  22   9  0  0
 4671 660   0  10   0   0  1  0
 4672 564   0  11  23  12  0  0
 4673 212   0   0   0   6  0  0
 4674 564   0   0   0   9  0  0
 4675 94114   0   0   0   0  0  0
 4676   0   0   0   0   0  0  3
 4677   0   0   0   0   0  0  1
 4678  10   0   0   0   0  0  2
 4679  50   0   0   0   0  0  0
 4680  25   0   0   0   1  0  0
 4681 262   1   0   0   2  0  0
 4682 763   0   5  13   3  0  0
 4683 212   2   0   0   6  0  0
 4684 564   0   7  20   9  0  0
 4685 660   0  10   0   0  1  0
 4686 564   0  11  21  12  0  0
 4687 212   2   0   0   6  0  0
 4688 564   0   7  22   9  0  0
 4689 660   0  10   0   0  1  0
 4690 564   0  11  23  12  0  0
 4691 212   0   0   0   6  0  0
 4692 564   0   0   0   9  0  0
 4693 94114   0   0   0   0  0  0
 4694   0   0   0   0   0  0  3
 4695   0   0   0   0   0  0  1
 4696  10   0   0   0   0  0  2
 4697  50   0   0   0   0  0  0
 4698  25   0   0   0   1  0  0
 4699 262   1   0   0   2  0  0
 4700 763   0   5   4   3  0  0
 4701 212   2   0   0   6  0  0
 4702 564   0   7  24   9  0  0
 4703 660   0  10   0   0  1  0
 4704 564   0  11  25  12  0  0
 4705 212   2   0   0   6  0  0
 4706 564   0   7  26   9  0  0
 4707 660   0  10   0   0  1  0
 4708 564   0  11  27  12  0  0
 4709 212   0   0   0   6  0  0
 4710 564   0   0   0   9  0  0
 4711 94114   0   0   0   0  0  0
 4712   0   0   0   0   0  0  3
 4713   0   0   0   0   0  0  1
 4714  10   0   0   0   0  0  2
 4715  50   0   0   0   0  0  0
 4716  25   0   0   0   1  0  0
 4717 262   1   0   0   2  0  0
 4718 763   0   5  13   3  0  0
 4719 212   2   0   0   6  0  0
 4720 564   0   7  24   9  0  0
 4721 660   0  10   0   0  1  0
 4722 564   0  11  25  12  0  0
 4723 212   2   0   0   6  0  0
 4724 564   0   7  26   9  0  0
 4725 660   0  10   0   0  1  0
 4726 564   0  11  27  12  0  0
 4727 212   0   0   0   6  0  0
 4728 564   0   0   0   9  0  0
 4729 94114   0   0   0   0  0  0
 4730   0   0   0   0   0  0  3
 4731   0   0   0   0   0  0  1
 4732  10   0   0   0   0  0  2
 4733  50   0   0   0   0  0  0
 4734  25   0   0   0   1  0  0
 4735 262   1   0   0   2  0  0
 4736 763   0   5   4   3  0  0
 4737 212   2   0   0   6  0  0
 4738 564   0   7  28   9  0  0
 4739 660   0  10   0   0  1  0
 4740 564   0  11  29  12  0  0
 4741 212   2   0   0   6  0  0
 4742 564   0   7  30   9  0  0
 4743 660   0  10   0   0  1  0
 4744 564   0  11  31  12  0  0
 4745 212   0   0   0   6  0  0
 4746 564   0   0   0   9  0  0
 4747 94114   0   0   0   0  0  0
 4748   0   0   0   0   0  0  3
 4749   0   0   0   0   0  0  1
 4750  10   0   0   0   0  0  2
 4751  50   0   0   0   0  0  0
 4752  25   0   0   0   1  0  0
 4753 262   1   0   0   2  0  0
 4754 763   0   5  13   3  0  0
 4755 212   2   0   0   6  0  0
 4756 564   0   7  28   9  0  0
 4757 660   0  10   0   0  1  0
 4758 564   0  11  29  12  0  0
 4759 212   2   0   0   6  0  0
 4760 564   0   7  30   9  0  0
 4761 660   0  10   0   0  1  0
 4762 564   0  11  31  12  0  0
 4763 212   0   0   0   6  0  0
 4764 564   0   0   0   9  0  0
 4765 94114   0   0   0   0  0  0
 4766   0   0   0   0   0  0  3
 4767   0   0   0   0   0  0  1
 4768  10   0   0   0   0  0  2
 4769  50   0   0   0   0  0  0
 4770  25   0   0   0   1  0  0
 4771 262   1   0   0   2  0  0
 4772 763   0   5   4   3  0  0
 4773 212   2   0   0   6  0  0
 4774 564   0   7  32   9  0  0
 4775 660   0  10   0   0  1  0
 4776 564   0  11  33  12  0  0
 4777 212   2   0   0   6  0  0
 4778 564   0   7  34   9  0  0
 4779 660   0  10   0   0  1  0
 4780 564   0  11  35  12  0  0
 4781 212   0   0   0   6  0  0
 4782 564   0   0   0   9  0  0
 4783 94114   0   0   0   0  0  0
 4784   0   0   0   0   0  0  3
 4785   0   0   0   0   0  0  1
 4786  10   0   0   0   0  0  2
 4787  50   0   0   0   0  0  0
 4788  25   0   0   0   1  0  0
 4789 262   1   0   0   2  0  0
 4790 763   0   5  13   3  0  0
 4791 212   2   0   0   6  0  0
 4792 564   0   7  32   9  0  0
 4793 660   0  10   0   0  1  0
 4794 564   0  11  33  12  0  0
 4795 212   2   0   0   6  0  0
 4796 564   0   7  34   9  0  0
 4797 660   0  10   0   0  1  0
 4798 564   0  11  35  12  0  0
 4799 212   0   0   0   6  0  0
 4800 564   0   0   0   9  0  0
 4801 94114   0   0   0   0  0  0
 4802   0   0   0   0   0  0  3
 4803   0   0   0   0   0  0  1
 4804  10   0   0   0   0  0  2
 4805  50   0   0   0   0  0  0
 4806  25   0   0   0   1  0  0
 4807 262   1   0   0   2  0  0
 4808 763   0   5   4   3  0  0
 4809 212   2   0   0   6  0  0
 4810 564   0   7  36   9  0  0
 4811 660   0  10   0   0  1  0
 4812 564   0  11  37  12  0  0
 4813 212   2   0   0   6  0  0
 4814 564   0   7  38   9  0  0
 4815 660   0  10   0   0  1  0
 4816 564   0  11  39  12  0  0
 4817 212   0   0   0   6  0  0
 4818 564   0   0   0   9  0  0
 4819 94114   0   0   0   0  0  0
 4820   0   0   0   0   0  0  3
 4821   0   0   0   0   0  0  1
 4822  10   0   0   0   0  0  2
 4823  50   0   0   0   0  0  0
 4824  25   0   0   0   1  0  0
 4825 262   1   0   0   2  0  0
 4826 763   0   5  13   3  0  0
 4827 212   2   0   0   6  0  0
 4828 564   0   7  36   9  0  0
 4829 660   0  10   0   0  1  0
 4830 564   0  11  37  12  0  0
 4831 212   2   0   0   6  0  0
 4832 564   0   7  38   9  0  0
 4833 660   0  10   0   0  1  0
 4834 564   0  11  39  12  0  0
 4835 212   0   0   0   6  0  0
 4836 564   0   0   0   9  0  0
 4837 94114   0   0   0   0  0  0
 4838   0   0   0   0   0  0  3
 4839   0   0   0   0   0  0  1
 4840  10   0   0   0   0  0  2
 4841  50   0   0   0   0  0  0
 4842  25   0   0   0   1  0  0
 4843 262   1   0   0   2  0  0
 4844 763   0   5   4   3  0  0
 4845 212   2   0   0   6  0  0
 4846 564   0   7  40   9  0  0
 4847 660   0  10   0   0  1  0
 4848 564   0  11  41  12  0  0
 4849 212   2   0   0   6  0  0
 4850 564   0   7  42   9  0  0
 4851 660   0  10   0   0  1  0
 4852 564   0  11  43  12  0  0
 4853 212   0   0   0   6  0  0
 4854 564   0   0   0   9  0  0
 4855 94114   0   0   0   0  0  0
 4856   0   0   0   0   0  0  3
 4857   0   0   0   0   0  0  1
 4858  10   0   0   0   0  0  2
 4859  50   0   0   0   0  0  0
 4860  25   0   0   0   1  0  0
 4861 262   1   0   0   2  0  0
 4862 763   0   5  13   3  0  0
 4863 212   2   0   0   6  0  0
 4864 564   0   7  40   9  0  0
 4865 660   0  10   0   0  1  0
 4866 564   0  11  41  12  0  0
 4867 212   2   0   0   6  0  0
 4868 564   0   7  42   9  0  0
 4869 660   0  10   0   0  1  0
 4870 564   0  11  43  12  0  0
 4871 212   0   0   0   6  0  0
 4872 564   0   0   0   9  0  0
 4873 94114   0   0   0   0  0  0
 4874   0   0   0   0   0  0  3
 4875   0   0   0   0   0  0  1
 4876  10   0   0   0   0  0  2
 4877  50   0   0   0   0  0  0
 4878  25   0   0   0   1  0  0
 4879 262   1   0   0   2  0  0
 4880 763   0   5   4   3  0  0
 4881 212   2   0   0   6  0  0
 4882 564   0   7  44   9  0  0
 4883 660   0  10   0   0  1  0
 4884 564   0  11  45  12  0  0
 4885 212   2   0   0   6  0  0
 4886 564   0   7  46   9  0  0
 4887 660   0  10   0   0  1  0
 4888 564   0  11  47  12  0  0
 4889 212   0   0   0   6  0  0
 4890 564   0   0   0   9  0  0
 4891 94114   0   0   0   0  0  0
 4892   0   0   0   0   0  0  3
 4893   0   0   0   0   0  0  1
 4894  10   0   0   0   0  0  2
 4895  50   0   0   0   0  0  0
 4896  25   0   0   0   1  0  0
 4897 262   1   0   0   2  0  0
 4898 763   0   5  13   3  0  0
 4899 212   2   0   0   6  0  0
 4900 564   0   7  44   9  0  0
 4901 660   0  10   0   0  1  0
 4902 564   0  11  45  12  0  0
 4903 212   2   0   0   6  0  0
 4904 564   0   7  46   9  0  0
 4905 660   0  10   0   0  1  0
 4906 564   0  11  47  12  0  0
 4907 212   0   0   0   6  0  0
 4908 564   0   0   0   9  0  0
 4909 94114   0   0   0   0  0  0
 4910   0   0   0   0   0  0  3
 4911   0   0   0   0   0  0  1
 4912  10   0   0   0   0  0  2
 4913  50   0   0   0   0  0  0
 4914  25   0   0   0   1  0  0
 4915 262   1   0   0   2  0  0
 4916 763   0   5   4   3  0  0
 4917 212   2   0   0   6  0  0
 4918 564   0   7  48   9  0  0
 4919 660   0  10   0   0  1  0
 4920 564   0  11  49  12  0  0
 4921 212   2   0   0   6  0  0
 4922 564   0   7  50   9  0  0
 4923 660   0  10   0   0  1  0
 4924 564   0  11  51  12  0  0
 4925 212   0   0   0   6  0  0
 4926 564   0   0   0   9  0  0
 4927 94114   0   0   0   0  0  0
 4928   0   0   0   0   0  0  3
 4929   0   0   0   0   0  0  1
 4930  10   0   0   0   0  0  2
 4931  50   0   0   0   0  0  0
 4932  25   0   0   0   1  0  0
 4933 262   1   0   0   2  0  0
 4934 763   0   5  13   3  0  0
 4935 212   2   0   0   6  0  0
 4936 564   0   7  48   9  0  0
 4937 660   0  10   0   0  1  0
 4938 564   0  11  49  12  0  0
 4939 212   2   0   0   6  0  0
 4940 564   0   7  50   9  0  0
 4941 660   0  10   0   0  1  0
 4942 564   0  11  51  12  0  0
 4943 212   0   0   0   6  0  0
 4944 564   0   0   0   9  0  0
 4945 94114   0   0   0   0  0  0
 4946   0   0   0   0   0  0  3
 4947   0   0   0   0   0  0  1
 4948  10   0   0   0   0  0  2
 4949  50   0   0   0   0  0  0
 4950  25   0   0   0   1  0  0
 4951 262   1   0   0   2  0  0
 4952 763   0   5   4   3  0  0
 4953 212   2   0   0   6  0  0
 4954 564   0   7  52   9  0  0
 4955 660   0  10   0   0  1  0
 4956 564   0  11  53  12  0  0
 4957 212   2   0   0   6  0  0
 4958 564   0   7  54   9  0  0
 4959 660   0  10   0   0  1  0
 4960 564   0  11  55  12  0  0
 4961 212   0   0   0   6  0  0
 4962 564   0   0   0   9  0  0
 4963 94114   0   0   0   0  0  0
 4964   0   0   0   0   0  0  3
 4965   0   0   0   0   0  0  1
 4966  10   0   0   0   0  0  2
 4967  50   0   0   0   0  0  0
 4968  25   0   0   0   1  0  0
 4969 262   1   0   0   2  0  0
 4970 763   0   5  13   3  0  0
 4971 212   2   0   0   6  0  0
 4972 564   0   7  52   9  0  0
 4973 660   0  10   0   0  1  0
 4974 564   0  11  53  12  0  0
 4975 212   2   0   0   6  0  0
 4976 564   0   7  54   9  0  0
 4977 660   0  10   0   0  1  0
 4978 564   0  11  55  12  0  0
 4979 212   0   0   0   6  0  0
 4980 564   0   0   0   9  0  0
 4981 94114   0   0   0   0  0  0
 4982   0   0   0   0   0  0  3
 4983   0   0   0   0   0  0  1
 4984  10   0   0   0   0  0  2
 4985  50   0   0   0   0  0  0
 4986  25   0   0   0   1  0  0
 4987 262   1   0   0   2  0  0
 4988 763   0   5   4   3  0  0
 4989 212   2   0   0   6  0  0
 4990 564   0   7  56   9  0  0
 4991 660   0  10   0   0  1  0
 4992 564   0  11  57  12  0  0
 4993 212   2   0   0   6  0  0
 4994 564   0   7  58   9  0  0
 4995 660   0  10   0   0  1  0
 4996 564   0  11  59  12  0  0
 4997 212   0   0   0   6  0  0
 4998 564   0   0   0   9  0  0
 4999 94114   0   0   0   0  0  0
 5000   0   0   0   0   0  0  3
 5001   0   0   0   0   0  0  1
 5002  10   0   0   0   0  0  2
 5003  50   0   0   0   0  0  0
 5004  25   0   0   0   1  0  0
 5005 262   1   0   0   2  0  0
 5006 763   0   5  13   3  0  0
 5007 212   2   0   0   6  0  0
 5008 564   0   7  56   9  0  0
 5009 660   0  10   0   0  1  0
 5010 564   0  11  57  12  0  0
 5011 212   2   0   0   6  0  0
 5012 564   0   7  58   9  0  0
 5013 660   0  10   0   0  1  0
 5014 564   0  11  59  12  0  0
 5015 212   0   0   0   6  0  0
 5016 564   0   0   0   9  0  0
 5017 94114   0   0   0   0  0  0
 5018   0   0   0   0   0  0  3
 5019   0   0   0   0   0  0  1
 5020  10   0   0   0   0  0  2
 5021  50   0   0   0   0  0  0
 5022  25   0   0   0   1  0  0
 5023 262   1   0   0   2  0  0
 5024 763   0   5   4   3  0  0
 5025 212   2   0   0   6  0  0
 5026 564   0   7  60   9  0  0
 5027 660   0  10   0   0  1  0
 5028 564   0  11  61  12  0  0
 5029 212   2   0   0   6  0  0
 5030 564   0   7  62   9  0  0
 5031 660   0  10   0   0  1  0
 5032 564   0  11  63  12  0  0
 5033 212   0   0   0   6  0  0
 5034 564   0   0   0   9  0  0
 5035 94114   0   0   0   0  0  0
 5036   0   0   0   0   0  0  3
 5037   0   0   0   0   0  0  1
 5038  10   0   0   0   0  0  2
 5039  50   0   0   0   0  0  0
 5040  25   0   0   0   1  0  0
 5041 262   1   0   0   2  0  0
 5042 763   0   5  13   3  0  0
 5043 212   2   0   0   6  0  0
 5044 564   0   7  60   9  0  0
 5045 660   0  10   0   0  1  0
 5046 564   0  11  61  12  0  0
 5047 212   2   0   0   6  0  0
 5048 564   0   7  62   9  0  0
 5049 660   0  10   0   0  1  0
 5050 564   0  11  63  12  0  0
 5051 212   0   0   0   6  0  0
 5052 564   0   0   0   9  0  0
 5053 94114   0   0   0   0  0  0
 5054   0   0   0   0   0  0  3
 5055   0   0   0   0   0  0  1
 5056  10   0   0   0   0  0  2
 5057  50   0   0   0   0  0  0
 5058  25   0   0   0   1  0  0
 5059 262   1   0   0   2  0  0
 5060 763   0   5   4   3  0  0
 5061 212   2   0   0   6  0  0
 5062 564   0   7  64   9  0  0
 5063 660   0  10   0   0  1  0
 5064 564   0  11  65  12  0  0
 5065 212   2   0   0   6  0  0
 5066 564   0   7  66   9  0  0
 5067 660   0  10   0   0  1  0
 5068 564   0  11  67  12  0  0
 5069 212   0   0   0   6  0  0
 5070 564   0   0   0   9  0  0
 5071 94114   0   0   0   0  0  0
 5072   0   0   0   0   0  0  3
 5073   0   0   0   0   0  0  1
 5074  10   0   0   0   0  0  2
 5075  50   0   0   0   0  0  0
 5076  25   0   0   0   1  0  0
 5077 262   1   0   0   2  0  0
 5078 763   0   5  13   3  0  0
 5079 212   2   0   0   6  0  0
 5080 564   0   7  64   9  0  0
 5081 660   0  10   0   0  1  0
 5082 564   0  11  65  12  0  0
 5083 212   2   0   0   6  0  0
 5084 564   0   7  66   9  0  0
 5085 660   0  10   0   0  1  0
 5086 564   0  11  67  12  0  0
 5087 212   0   0   0   6  0  0
 5088 564   0   0   0   9  0  0
 5089 94114   0   0   0   0  0  0
 5090   0   0   0   0   0  0  3
 5091   0   0   0   0   0  0  1
 5092  10   0   0   0   0  0  2
 5093  50   0   0   0   0  0  0
 5094  25   0   0   0   1  0  0
 5095 262   1   0   0   2  0  0
 5096 763   0   5   4   3  0  0
 5097 212   2   0   0   6  0  0
 5098 564   0   7  68   9  0  0
 5099 660   0  10   0   0  1  0
 5100 564   0  11  69  12  0  0
 5101 212   2   0   0   6  0  0
 5102 564   0   7  70   9  0  0
 5103 660   0  10   0   0  1  0
 5104 564   0  11  71  12  0  0
 5105 212   0   0   0   6  0  0
 5106 564   0   0   0   9  0  0
 5107 94114   0   0   0   0  0  0
 5108   0   0   0   0   0  0  3
 5109   0   0   0   0   0  0  1
 5110  10   0   0   0   0  0  2
 5111  50   0   0   0   0  0  0
 5112  25   0   0   0   1  0  0
 5113 262   1   0   0   2  0  0
 5114 763   0   5  13   3  0  0
 5115 212   2   0   0   6  0  0
 5116 564   0   7  68   9  0  0
 5117 660   0  10   0   0  1  0
 5118 564   0  11  69  12  0  0
 5119 212   2   0   0   6  0  0
 5120 564   0   7  70   9  0  0
 5121 660   0  10   0   0  1  0
 5122 564   0  11  71  12  0  0
 5123 212   0   0   0   6  0  0
 5124 564   0   0   0   9  0  0
 5125 94114   0   0   0   0  0  0
 5126   0   0   0   0   0  0  3
 5127   0   0   0   0   0  0  1
 5128  10   0   0   0   0  0  2
 5129  50   0   0   0   0  0  0
 5130  25   0   0   0   1  0  0
 5131 262   1   0   0   2  0  0
 5132 763   0   5   4   3  0  0
 5133 212   2   0   0   6  0  0
 5134 564   0   7  72   9  0  0
 5135 660   0  10   0   0  1  0
 5136 564   0  11  73  12  0  0
 5137 212   2   0   0   6  0  0
 5138 564   0   7  74   9  0  0
 5139 660   0  10   0   0  1  0
 5140 564   0  11  75  12  0  0
 5141 212   0   0   0   6  0  0
 5142 564   0   0   0   9  0  0
 5143 94114   0   0   0   0  0  0
 5144   0   0   0   0   0  0  3
 5145   0   0   0   0   0  0  1
 5146  10   0   0   0   0  0  2
 5147  50   0   0   0   0  0  0
 5148  25   0   0   0   1  0  0
 5149 262   1   0   0   2  0  0
 5150 763   0   5  13   3  0  0
 5151 212   2   0   0   6  0  0
 5152 564   0   7  72   9  0  0
 5153 660   0  10   0   0  1  0
 5154 564   0  11  73  12  0  0
 5155 212   2   0   0   6  0  0
 5156 564   0   7  74   9  0  0
 5157 660   0  10   0   0  1  0
 5158 564   0  11  75  12  0  0
 5159 212   0   0   0   6  0  0
 5160 564   0   0   0   9  0  0
 5161 94114   0   0   0   0  0  0
 5162   0   0   0   0   0  0  3
 5163   0   0   0   0   0  0  1
 5164  10   0   0   0   0  0  2
 5165  50   0   0   0   0  0  0
 5166  25   0   0   0   1  0  0
 5167 262   1   0   0   2  0  0
 5168 763   0   5   4   3  0  0
 5169 212   2   0   0   6  0  0
 5170 564   0   7  76   9  0  0
 5171 660   0  10   0   0  1  0
 5172 564   0  11  77  12  0  0
 5173 212   2   0   0   6  0  0
 5174 564   0   7  78   9  0  0
 5175 660   0  10   0   0  1  0
 5176 564   0  11  79  12  0  0
 5177 212   0   0   0   6  0  0
 5178 564   0   0   0   9  0  0
 5179 94114   0   0   0   0  0  0
 5180   0   0   0   0   0  0  3
 5181   0   0   0   0   0  0  1
 5182  10   0   0   0   0  0  2
 5183  50   0   0   0   0  0  0
 5184  25   0   0   0   1  0  0
 5185 262   1   0   0   2  0  0
 5186 763   0   5  13   3  0  0
 5187 212   2   0   0   6  0  0
 5188 564   0   7  76   9  0  0
 5189 660   0  10   0   0  1  0
 5190 564   0  11  77  12  0  0
 5191 212   2   0   0   6  0  0
 5192 564   0   7  78   9  0  0
 5193 660   0  10   0   0  1  0
 5194 564   0  11  79  12  0  0
 5195 212   0   0   0   6  0  0
 5196 564   0   0   0   9  0  0
 5197 94114   0   0   0   0  0  0
 5198   0   0   0   0   0  0  3
 5199   0   0   0   0   0  0  1
 5200  10   0   0   0   0  0  2
 5201  50   0   0   0   0  0  0
 5202  25   0   0   0   1  0  0
 5203 262   1   0   0   2  0  0
 5204 763   0   5   4   3  0  0
 5205 212   2   0   0   6  0  0
 5206 564   0   7  80   9  0  0
 5207 660   0  10   0   0  1  0
 5208 564   0  11  81  12  0  0
 5209 212   2   0   0   6  0  0
 5210 564   0   7  82   9  0  0
 5211 660   0  10   0   0  1  0
 5212 564   0  11  83  12  0  0
 5213 212   0   0   0   6  0  0
 5214 564   0   0   0   9  0  0
 5215 94114   0   0   0   0  0  0
 5216   0   0   0   0   0  0  3
 5217   0   0   0   0   0  0  1
 5218  10   0   0   0   0  0  2
 5219  50   0   0   0   0  0  0
 5220  25   0   0   0   1  0  0
 5221 262   1   0   0   2  0  0
 5222 763   0   5  13   3  0  0
 5223 212   2   0   0   6  0  0
 5224 564   0   7  80   9  0  0
 5225 660   0  10   0   0  1  0
 5226 564   0  11  81  12  0  0
 5227 212   2   0   0   6  0  0
 5228 564   0   7  82   9  0  0
 5229 660   0  10   0   0  1  0
 5230 564   0  11  83  12  0  0
 5231 212   0   0   0   6  0  0
 5232 564   0   0   0   9  0  0
 5233 94114   0   0   0   0  0  0
 5234   0   0   0   0   0  0  3
 5235   0   0   0   0   0  0  1
 5236  10   0   0   0   0  0  2
 5237  50   0   0   0   0  0  0
 5238  25   0   0   0   1  0  0
 5239 262   1   0   0   2  0  0
 5240 763   0   5   4   3  0  0
 5241 212   2   0   0   6  0  0
 5242 564   0   7  84   9  0  0
 5243 660   0  10   0   0  1  0
 5244 564   0  11  85  12  0  0
 5245 212   2   0   0   6  0  0
 5246 564   0   7  86   9  0  0
 5247 660   0  10   0   0  1  0
 5248 564   0  11  87  12  0  0
 5249 212   0   0   0   6  0  0
 5250 564   0   0   0   9  0  0
 5251 94114   0   0   0   0  0  0
 5252   0   0   0   0   0  0  3
 5253   0   0   0   0   0  0  1
 5254  10   0   0   0   0  0  2
 5255  50   0   0   0   0  0  0
 5256  25   0   0   0   1  0  0
 5257 262   1   0   0   2  0  0
 5258 763   0   5  13   3  0  0
 5259 212   2   0   0   6  0  0
 5260 564   0   7  84   9  0  0
 5261 660   0  10   0   0  1  0
 5262 564   0  11  85  12  0  0
 5263 212   2   0   0   6  0  0
 5264 564   0   7  86   9  0  0
 5265 660   0  10   0   0  1  0
 5266 564   0  11  87  12  0  0
 5267 212   0   0   0   6  0  0
 5268 564   0   0   0   9  0  0
 5269 94114   0   0   0   0  0  0
 5270   0   0   0   0   0  0  3
 5271   0   0   0   0   0  0  1
 5272  10   0   0   0   0  0  2
 5273  50   0   0   0   0  0  0
 5274  25   0   0   0   1  0  0
 5275 262   1   0   0   2  0  0
 5276 763   0   5   4   3  0  0
 5277 212   2   0   0   6  0  0
 5278 564   0   7  88   9  0  0
 5279 660   0  10   0   0  1  0
 5280 564   0  11  89  12  0  0
 5281 212   2   0   0   6  0  0
 5282 564   0   7  90   9  0  0
 5283 660   0  10   0   0  1  0
 5284 564   0  11  91  12  0  0
 5285 212   0   0   0   6  0  0
 5286 564   0   0   0   9  0  0
 5287 94114   0   0   0   0  0  0
 5288   0   0   0   0   0  0  3
 5289   0   0   0   0   0  0  1
 5290  10   0   0   0   0  0  2
 5291  50   0   0   0   0  0  0
 5292  25   0   0   0   1  0  0
 5293 262   1   0   0   2  0  0
 5294 763   0   5  13   3  0  0
 5295 212   2   0   0   6  0  0
 5296 564   0   7  88   9  0  0
 5297 660   0  10   0   0  1  0
 5298 564   0  11  89  12  0  0
 5299 212   2   0   0   6  0  0
 5300 564   0   7  90   9  0  0
 5301 660   0  10   0   0  1  0
 5302 564   0  11  91  12  0  0
 5303 212   0   0   0   6  0  0
 5304 564   0   0   0   9  0  0
 5305 94114   0   0   0   0  0  0
 5306   0   0   0   0   0  0  3
 5307   0   0   0   0   0  0  1
 5308  10   0   0   0   0  0  2
 5309  50   0   0   0   0  0  0
 5310  25   0   0   0   1  0  0
 5311 262   1   0   0   2  0  0
 5312 763   0   5   4   3  0  0
 5313 212   2   0   0   6  0  0
 5314 564   0   7  92   9  0  0
 5315 660   0  10   0   0  1  0
 5316 564   0  11  93  12  0  0
 5317 212   2   0   0   6  0  0
 5318 564   0   7  94   9  0  0
 5319 660   0  10   0   0  1  0
 5320 564   0  11  95  12  0  0
 5321 212   0   0   0   6  0  0
 5322 564   0   0   0   9  0  0
 5323 94114   0   0   0   0  0  0
 5324   0   0   0   0   0  0  3
 5325   0   0   0   0   0  0  1
 5326  10   0   0   0   0  0  2
 5327  50   0   0   0   0  0  0
 5328  25   0   0   0   1  0  0
 5329 262   1   0   0   2  0  0
 5330 763   0   5  13   3  0  0
 5331 212   2   0   0   6  0  0
 5332 564   0   7  92   9  0  0
 5333 660   0  10   0   0  1  0
 5334 564   0  11  93  12  0  0
 5335 212   2   0   0   6  0  0
 5336 564   0   7  94   9  0  0
 5337 660   0  10   0   0  1  0
 5338 564   0  11  95  12  0  0
 5339 212   0   0   0   6  0  0
 5340 564   0   0   0   9  0  0
 5341 94114   0   0   0   0  0  0
 5342   0   0   0   0   0  0  3
 5343   0   0   0   0   0  0  1
 5344  10   0   0   0   0  0  2
 5345  50   0   0   0   0  0  0
 5346  25   0   0   0   1  0  0
 5347 262   1   0   0   2  0  0
 5348 763   0   5   4   3  0  0
 5349 212   2   0   0   6  0  0
 5350 564   0   7  96   9  0  0
 5351 660   0  10   0   0  1  0
 5352 564   0  11  97  12  0  0
 5353 212   2   0   0   6  0  0
 5354 564   0   7  98   9  0  0
 5355 660   0  10   0   0  1  0
 5356 564   0  11  99  12  0  0
 5357 212   0   0   0   6  0  0
 5358 564   0   0   0   9  0  0
 5359 94114   0   0   0   0  0  0
 5360   0   0   0   0   0  0  3
 5361   0   0   0   0   0  0  1
 5362  10   0   0   0   0  0  2
 5363  50   0   0   0   0  0  0
 5364  25   0   0   0   1  0  0
 5365 262   1   0   0   2  0  0
 5366 763   0   5  13   3  0  0
 5367 212   2   0   0   6  0  0
 5368 564   0   7  96   9  0  0
 5369 660   0  10   0   0  1  0
 5370 564   0  11  97  12  0  0
 5371 212   2   0   0   6  0  0
 5372 564   0   7  98   9  0  0
 5373 660   0  10   0   0  1  0
 5374 564   0  11  99  12  0  0
 5375 212   0   0   0   6  0  0
 5376 564   0   0   0   9  0  0
 5377 94114   0   0   0   0  0  0
 5378   0   0   0   0   0  0  3
 5379   0   0   0   0   0  0  1
 5380  10   0   0   0   0  0  2
 5381  50   0   0   0   0  0  0
 5382  25   0   0   0   1  0  0
 5383 262   1   0   0   2  0  0
 5384 763   0   5   4   3  0  0
 5385 212   2   0   0   6  0  0
 5386 564   0   7 100   9  0  0
 5387 660   0  10   0   0  1  0
 5388 564   0  11 101  12  0  0
 5389 212   2   0   0   6  0  0
 5390 564   0   7 102   9  0  0
 5391 660   0  10   0   0  1  0
 5392 564   0  11 103  12  0  0
 5393 212   0   0   0   6  0  0
 5394 564   0   0   0   9  0  0
 5395 94114   0   0   0   0  0  0
 5396   0   0   0   0   0  0  3
 5397   0   0   0   0   0  0  1
 5398  10   0   0   0   0  0  2
 5399  50   0   0   0   0  0  0
 5400  25   0   0   0   1  0  0
 5401 262   1   0   0   2  0  0
 5402 763   0   5  13   3  0  0
 5403 212   2   0   0   6  0  0
 5404 564   0   7 100   9  0  0
 5405 660   0  10   0   0  1  0
 5406 564   0  11 101  12  0  0
 5407 212   2   0   0   6  0  0
 5408 564   0   7 102   9  0  0
 5409 660   0  10   0   0  1  0
 5410 564   0  11 103  12  0  0
 5411 212   0   0   0   6  0  0
 5412 564   0   0   0   9  0  0
 5413 94114   0   0   0   0  0  0
 5414   0   0   0   0   0  0  3
 5415   0   0   0   0   0  0  1
 5416  10   0   0   0   0  0  2
 5417  50   0   0   0   0  0  0
 5418  25   0   0   0   1  0  0
 5419 262   1   0   0   2  0  0
 5420 763   0   5   4   3  0  0
 5421 212   2   0   0   6  0  0
 5422 564   0   7 104   9  0  0
 5423 660   0  10   0   0  1  0
 5424 564   0  11 105  12  0  0
 5425 212   2   0   0   6  0  0
 5426 564   0   7 106   9  0  0
 5427 660   0  10   0   0  1  0
 5428 564   0  11 107  12  0  0
 5429 212   0   0   0   6  0  0
 5430 564   0   0   0   9  0  0
 5431 94114   0   0   0   0  0  0
 5432   0   0   0   0   0  0  3
 5433   0   0   0   0   0  0  1
 5434  10   0   0   0   0  0  2
 5435  50   0   0   0   0  0  0
 5436  25   0   0   0   1  0  0
 5437 262   1   0   0   2  0  0
 5438 763   0   5  13   3  0  0
 5439 212   2   0   0   6  0  0
 5440 564   0   7 104   9  0  0
 5441 660   0  10   0   0  1  0
 5442 564   0  11 105  12  0  0
 5443 212   2   0   0   6  0  0
 5444 564   0   7 106   9  0  0
 5445 660   0  10   0   0  1  0
 5446 564   0  11 107  12  0  0
 5447 212   0   0   0   6  0  0
 5448 564   0   0   0   9  0  0
 5449 94114   0   0   0   0  0  0
 5450   0   0   0   0   0  0  3
 5451   0   0   0   0   0  0  1
 5452  10   0   0   0   0  0  2
 5453  50   0   0   0   0  0  0
 5454  25   0   0   0   1  0  0
 5455 262   1   0   0   2  0  0
 5456 763   0   5   4   3  0  0
 5457 212   2   0   0   6  0  0
 5458 564   0   7 108   9  0  0
 5459 660   0  10   0   0  1  0
 5460 564   0  11 109  12  0  0
 5461 212   2   0   0   6  0  0
 5462 564   0   7 110   9  0  0
 5463 660   0  10   0   0  1  0
 5464 564   0  11 111  12  0  0
 5465 212   0   0   0   6  0  0
 5466 564   0   0   0   9  0  0
 5467 94114   0   0   0   0  0  0
 5468   0   0   0   0   0  0  3
 5469   0   0   0   0   0  0  1
 5470  10   0   0   0   0  0  2
 5471  50   0   0   0   0  0  0
 5472  25   0   0   0   1  0  0
 5473 262   1   0   0   2  0  0
 5474 763   0   5  13   3  0  0
 5475 212   2   0   0   6  0  0
 5476 564   0   7 108   9  0  0
 5477 660   0  10   0   0  1  0
 5478 564   0  11 109  12  0  0
 5479 212   2   0   0   6  0  0
 5480 564   0   7 110   9  0  0
 5481 660   0  10   0   0  1  0
 5482 564   0  11 111  12  0  0
 5483 212   0   0   0   6  0  0
 5484 564   0   0   0   9  0  0
 5485 94114   0   0   0   0  0  0
 5486   0   0   0   0   0  0  3
 5487   0   0   0   0   0  0  1
 5488  10   0   0   0   0  0  2
 5489  50   0   0   0   0  0  0
 5490  25   0   0   0   1  0  0
 5491 262   1   0   0   2  0  0
 5492 763   0   5   4   3  0  0
 5493 212   2   0   0   6  0  0
 5494 564   0   7 112   9  0  0
 5495 660   0  10   0   0  1  0
 5496 564   0  11 113  12  0  0
 5497 212   2   0   0   6  0  0
 5498 564   0   7 114   9  0  0
 5499 660   0  10   0   0  1  0
 5500 564   0  11 115  12  0  0
 5501 212   0   0   0   6  0  0
 5502 564   0   0   0   9  0  0
 5503 94114   0   0   0   0  0  0
 5504   0   0   0   0   0  0  3
 5505   0   0   0   0   0  0  1
 5506  10   0   0   0   0  0  2
 5507  50   0   0   0   0  0  0
 5508  25   0   0   0   1  0  0
 5509 262   1   0   0   2  0  0
 5510 763   0   5  13   3  0  0
 5511 212   2   0   0   6  0  0
 5512 564   0   7 112   9  0  0
 5513 660   0  10   0   0  1  0
 5514 564   0  11 113  12  0  0
 5515 212   2   0   0   6  0  0
 5516 564   0   7 114   9  0  0
 5517 660   0  10   0   0  1  0
 5518 564   0  11 115  12  0  0
 5519 212   0   0   0   6  0  0
 5520 564   0   0   0   9  0  0
 5521 94114   0   0   0   0  0  0
 5522   0   0   0   0   0  0  3
 5523   0   0   0   0   0  0  1
 5524  10   0   0   0   0  0  2
 5525  50   0   0   0   0  0  0
 5526  25   0   0   0   1  0  0
 5527 262   1   0   0   2  0  0
 5528 763   0   5   4   3  0  0
 5529 212   2   0   0   6  0  0
 5530 564   0   7 116   9  0  0
 5531 660   0  10   0   0  1  0
 5532 564   0  11 117  12  0  0
 5533 212   2   0   0   6  0  0
 5534 564   0   7 118   9  0  0
 5535 660   0  10   0   0  1  0
 5536 564   0  11 119  12  0  0
 5537 212   0   0   0   6  0  0
 5538 564   0   0   0   9  0  0
 5539 94114   0   0   0   0  0  0
 5540   0   0   0   0   0  0  3
 5541   0   0   0   0   0  0  1
 5542  10   0   0   0   0  0  2
 5543  50   0   0   0   0  0  0
 5544  25   0   0   0   1  0  0
 5545 262   1   0   0   2  0  0
 5546 763   0   5  13   3  0  0
 5547 212   2   0   0   6  0  0
 5548 564   0   7 116   9  0  0
 5549 660   0  10   0   0  1  0
 5550 564   0  11 117  12  0  0
 5551 212   2   0   0   6  0  0
 5552 564   0   7 118   9  0  0
 5553 660   0  10   0   0  1  0
 5554 564   0  11 119  12  0  0
 5555 212   0   0   0   6  0  0
 5556 564   0   0   0   9  0  0
 5557 94114   0   0   0   0  0  0
 5558   0   0   0   0   0  0  3
 5559   0   0   0   0   0  0  1
 5560  10   0   0   0   0  0  2
 5561  50   0   0   0   0  0  0
 5562  25   0   0   0   1  0  0
 5563 262   1   0   0   2  0  0
 5564 763   0   5   4   3  0  0
 5565 212   2   0   0   6  0  0
 5566 564   0   7 120   9  0  0
 5567 660   0  10   0   0  1  0
 5568 564   0  11 121  12  0  0
 5569 212   2   0   0   6  0  0
 5570 564   0   7 122   9  0  0
 5571 660   0  10   0   0  1  0
 5572 564   0  11 123  12  0  0
 5573 212   0   0   0   6  0  0
 5574 564   0   0   0   9  0  0
 5575 94114   0   0   0   0  0  0
 5576   0   0   0   0   0  0  3
 5577   0   0   0   0   0  0  1
 5578  10   0   0   0   0  0  2
 5579  50   0   0   0   0  0  0
 5580  25   0   0   0   1  0  0
 5581 262   1   0   0   2  0  0
 5582 763   0   5  13   3  0  0
 5583 212   2   0   0   6  0  0
 5584 564   0   7 120   9  0  0
 5585 660   0  10   0   0  1  0
 5586 564   0  11 121  12  0  0
 5587 212   2   0   0   6  0  0
 5588 564   0   7 122   9  0  0
 5589 660   0  10   0   0  1  0
 5590 564   0  11 123  12  0  0
 5591 212   0   0   0   6  0  0
 5592 564   0   0   0   9  0  0
 5593 94114   0   0   0   0  0  0
 5594   0   0   0   0   0  0  3
 5595   0   0   0   0   0  0  1
 5596  10   0   0   0   0  0  2
 5597  50   0   0   0   0  0  0
 5598  25   0   0   0   1  0  0
 5599 262   1   0   0   2  0  0
 5600 763   0   5   4   3  0  0
 5601 212   2   0   0   6  0  0
 5602 564   0   7 124   9  0  0
 5603 660   0  10   0   0  1  0
 5604 564   0  11 125  12  0  0
 5605 212   2   0   0   6  0  0
 5606 564   0   7 126   9  0  0
 5607 660   0  10   0   0  1  0
 5608 564   0  11 127  12  0  0
 5609 212   0   0   0   6  0  0
 5610 564   0   0   0   9  0  0
 5611 94114   0   0   0   0  0  0
 5612   0   0   0   0   0  0  3
 5613   0   0   0   0   0  0  1
 5614  10   0   0   0   0  0  2
 5615  50   0   0   0   0  0  0
 5616  25   0   0   0   1  0  0
 5617 262   1   0   0   2  0  0
 5618 763   0   5  13   3  0  0
 5619 212   2   0   0   6  0  0
 5620 564   0   7 124   9  0  0
 5621 660   0  10   0   0  1  0
 5622 564   0  11 125  12  0  0
 5623 212   2   0   0   6  0  0
 5624 564   0   7 126   9  0  0
 5625 660   0  10   0   0  1  0
 5626 564   0  11 127  12  0  0
 5627 212   0   0   0   6  0  0
 5628 564   0   0   0   9  0  0
 5629 94114   0   0   0   0  0  0
 5630   0   0   0   0   0  0  3
 5631   0   0   0   0   0  0  1
 5632  10   0   0   0   0  0  2
 5633  50   0   0   0   0  0  0
 5634  25   0   0   0   1  0  0
 5635 262   1   0   0   2  0  0
 5636 763   0   5   4   3  0  0
 5637 212   2   0   0   6  0  0
 5638 564   0   7 128   9  0  0
 5639 660   0  10   0   0  1  0
 5640 564   0  11 129  12  0  0
 5641 212   2   0   0   6  0  0
 5642 564   0   7 130   9  0  0
 5643 660   0  10   0   0  1  0
 5644 564   0  11 131  12  0  0
 5645 212   0   0   0   6  0  0
 5646 564   0   0   0   9  0  0
 5647 94114   0   0   0   0  0  0
 5648   0   0   0   0   0  0  3
 5649   0   0   0   0   0  0  1
 5650  10   0   0   0   0  0  2
 5651  50   0   0   0   0  0  0
 5652  25   0   0   0   1  0  0
 5653 262   1   0   0   2  0  0
 5654 763   0   5  13   3  0  0
 5655 212   2   0   0   6  0  0
 5656 564   0   7 128   9  0  0
 5657 660   0  10   0   0  1  0
 5658 564   0  11 129  12  0  0
 5659 212   2   0   0   6  0  0
 5660 564   0   7 130   9  0  0
 5661 660   0  10   0   0  1  0
 5662 564   0  11 131  12  0  0
 5663 212   0   0   0   6  0  0
 5664 564   0   0   0   9  0  0
 5665 94114   0   0   0   0  0  0
 5666   0   0   0   0   0  0  3
 5667   0   0   0   0   0  0  1
 5668  10   0   0   0   0  0  2
 5669  50   0   0   0   0  0  0
 5670  25   0   0   0   1  0  0
 5671 262   1   0   0   2  0  0
 5672 763   0   5   4   3  0  0
 5673 212   2   0   0   6  0  0
 5674 564   0   7 132   9  0  0
 5675 660   0  10   0   0  1  0
 5676 564   0  11 133  12  0  0
 5677 212   2   0   0   6  0  0
 5678 564   0   7 134   9  0  0
 5679 660   0  10   0   0  1  0
 5680 564   0  11 135  12  0  0
 5681 212   0   0   0   6  0  0
 5682 564   0   0   0   9  0  0
 5683 94114   0   0   0   0  0  0
 5684   0   0   0   0   0  0  3
 5685   0   0   0   0   0  0  1
 5686  10   0   0   0   0  0  2
 5687  50   0   0   0   0  0  0
 5688  25   0   0   0   1  0  0
 5689 262   1   0   0   2  0  0
 5690 763   0   5  13   3  0  0
 5691 212   2   0   0   6  0  0
 5692 564   0   7 132   9  0  0
 5693 660   0  10   0   0  1  0
 5694 564   0  11 133  12  0  0
 5695 212   2   0   0   6  0  0
 5696 564   0   7 134   9  0  0
 5697 660   0  10   0   0  1  0
 5698 564   0  11 135  12  0  0
 5699 212   0   0   0   6  0  0
 5700 564   0   0   0   9  0  0
 5701 94114   0   0   0   0  0  0
 5702   0   0   0   0   0  0  3
 5703   0   0   0   0   0  0  1
 5704  10   0   0   0   0  0  2
 5705  50   0   0   0   0  0  0
 5706  25   0   0   0   1  0  0
 5707 262   1   0   0   2  0  0
 5708 763   0   5   4   3  0  0
 5709 212   2   0   0   6  0  0
 5710 564   0   7 136   9  0  0
 5711 660   0  10   0   0  1  0
 5712 564   0  11 137  12  0  0
 5713 212   2   0   0   6  0  0
 5714 564   0   7 138   9  0  0
 5715 660   0  10   0   0  1  0
 5716 564   0  11 139  12  0  0
 5717 212   0   0   0   6  0  0
 5718 564   0   0   0   9  0  0
 5719 94114   0   0   0   0  0  0
 5720   0   0   0   0   0  0  3
 5721   0   0   0   0   0  0  1
 5722  10   0   0   0   0  0  2
 5723  50   0   0   0   0  0  0
 5724  25   0   0   0   1  0  0
 5725 262   1   0   0   2  0  0
 5726 763   0   5  13   3  0  0
 5727 212   2   0   0   6  0  0
 5728 564   0   7 136   9  0  0
 5729 660   0  10   0   0  1  0
 5730 564   0  11 137  12  0  0
 5731 212   2   0   0   6  0  0
 5732 564   0   7 138   9  0  0
 5733 660   0  10   0   0  1  0
 5734 564   0  11 139  12  0  0
 5735 212   0   0   0   6  0  0
 5736 564   0   0   0   9  0  0
 5737 94114   0   0   0   0  0  0
 5738   0   0   0   0   0  0  3
 5739   0   0   0   0   0  0  1
 5740  10   0   0   0   0  0  2
 5741  50   0   0   0   0  0  0
 5742  25   0   0   0   1  0  0
 5743 262   1   0   0   2  0  0
 5744 763   0   5   4   3  0  0
 5745 212   2   0   0   6  0  0
 5746 564   0   7   8   9  0  0
 5747 660   0  10   0   0  1  0
 5748 564   0  11   8  12  0  0
 5749 212   2   0   0   6  0  0
 5750 564   0   7 140   9  0  0
 5751 660   0  10   0   0  1  0
 5752 564   0  11 141  12  0  0
 5753 212   0   0   0   6  0  0
 5754 564   0   0   0   9  0  0
 5755 94114   0   0   0   0  0  0
 5756   0   0   0   0   0  0  3
 5757   0   0   0   0   0  0  1
 5758  10   0   0   0   0  0  2
 5759  50   0   0   0   0  0  0
 5760  25   0   0   0   1  0  0
 5761 262   1   0   0   2  0  0
 5762 763   0   5  13   3  0  0
 5763 212   2   0   0   6  0  0
 5764 564   0   7   8   9  0  0
 5765 660   0  10   0   0  1  0
 5766 564   0  11   8  12  0  0
 5767 212   2   0   0   6  0  0
 5768 564   0   7 140   9  0  0
 5769 660   0  10   0   0  1  0
 5770 564   0  11 141  12  0  0
 5771 212   0   0   0   6  0  0
 5772 564   0   0   0   9  0  0
 5773 94114   0   0   0   0  0  0
 5774   0   0   0   0   0  0  3
 5775   0   0   0   0   0  0  1
 5776  10   0   0   0   0  0  2
 5777  50   0   0   0   0  0  0
 5778  25   0   0   0   1  0  0
 5779 262   1   0   0   2  0  0
 5780 763   0   5   4   3  0  0
 5781 212   2   0   0   6  0  0
 5782 564   0   7 137   9  0  0
 5783 660   0  10   0   0  1  0
 5784 564   0  11 136  12  0  0
 5785 212   2   0   0   6  0  0
 5786 564   0   7 139   9  0  0
 5787 660   0  10   0   0  1  0
 5788 564   0  11 138  12  0  0
 5789 212   0   0   0   6  0  0
 5790 564   0   0   0   9  0  0
 5791 94114   0   0   0   0  0  0
 5792   0   0   0   0   0  0  3
 5793   0   0   0   0   0  0  1
 5794  10   0   0   0   0  0  2
 5795  50   0   0   0   0  0  0
 5796  25   0   0   0   1  0  0
 5797 262   1   0   0   2  0  0
 5798 763   0   5  13   3  0  0
 5799 212   2   0   0   6  0  0
 5800 564   0   7 137   9  0  0
 5801 660   0  10   0   0  1  0
 5802 564   0  11 136  12  0  0
 5803 212   2   0   0   6  0  0
 5804 564   0   7 139   9  0  0
 5805 660   0  10   0   0  1  0
 5806 564   0  11 138  12  0  0
 5807 212   0   0   0   6  0  0
 5808 564   0   0   0   9  0  0
 5809 94114   0   0   0   0  0  0
 5810   0   0   0   0   0  0  3
 5811   0   0   0   0   0  0  1
 5812  10   0   0   0   0  0  2
 5813  50   0   0   0   0  0  0
 5814  25   0   0   0   1  0  0
 5815 262   1   0   0   2  0  0
 5816 763   0   5   4   3  0  0
 5817 212   2   0   0   6  0  0
 5818 564   0   7 133   9  0  0
 5819 660   0  10   0   0  1  0
 5820 564   0  11 132  12  0  0
 5821 212   2   0   0   6  0  0
 5822 564   0   7 135   9  0  0
 5823 660   0  10   0   0  1  0
 5824 564   0  11 134  12  0  0
 5825 212   0   0   0   6  0  0
 5826 564   0   0   0   9  0  0
 5827 94114   0   0   0   0  0  0
 5828   0   0   0   0   0  0  3
 5829   0   0   0   0   0  0  1
 5830  10   0   0   0   0  0  2
 5831  50   0   0   0   0  0  0
 5832  25   0   0   0   1  0  0
 5833 262   1   0   0   2  0  0
 5834 763   0   5  13   3  0  0
 5835 212   2   0   0   6  0  0
 5836 564   0   7 133   9  0  0
 5837 660   0  10   0   0  1  0
 5838 564   0  11 132  12  0  0
 5839 212   2   0   0   6  0  0
 5840 564   0   7 135   9  0  0
 5841 660   0  10   0   0  1  0
 5842 564   0  11 134  12  0  0
 5843 212   0   0   0   6  0  0
 5844 564   0   0   0   9  0  0
 5845 94114   0   0   0   0  0  0
 5846   0   0   0   0   0  0  3
 5847   0   0   0   0   0  0  1
 5848  10   0   0   0   0  0  2
 5849  50   0   0   0   0  0  0
 5850  25   0   0   0   1  0  0
 5851 262   1   0   0   2  0  0
 5852 763   0   5   4   3  0  0
 5853 212   2   0   0   6  0  0
 5854 564   0   7 129   9  0  0
 5855 660   0  10   0   0  1  0
 5856 564   0  11 128  12  0  0
 5857 212   2   0   0   6  0  0
 5858 564   0   7 131   9  0  0
 5859 660   0  10   0   0  1  0
 5860 564   0  11 130  12  0  0
 5861 212   0   0   0   6  0  0
 5862 564   0   0   0   9  0  0
 5863 94114   0   0   0   0  0  0
 5864   0   0   0   0   0  0  3
 5865   0   0   0   0   0  0  1
 5866  10   0   0   0   0  0  2
 5867  50   0   0   0   0  0  0
 5868  25   0   0   0   1  0  0
 5869 262   1   0   0   2  0  0
 5870 763   0   5  13   3  0  0
 5871 212   2   0   0   6  0  0
 5872 564   0   7 129   9  0  0
 5873 660   0  10   0   0  1  0
 5874 564   0  11 128  12  0  0
 5875 212   2   0   0   6  0  0
 5876 564   0   7 131   9  0  0
 5877 660   0  10   0   0  1  0
 5878 564   0  11 130  12  0  0
 5879 212   0   0   0   6  0  0
 5880 564   0   0   0   9  0  0
 5881 94114   0   0   0   0  0  0
 5882   0   0   0   0   0  0  3
 5883   0   0   0   0   0  0  1
 5884  10   0   0   0   0  0  2
 5885  50   0   0   0   0  0  0
 5886  25   0   0   0   1  0  0
 5887 262   1   0   0   2  0  0
 5888 763   0   5   4   3  0  0
 5889 212   2   0   0   6  0  0
 5890 564   0   7 125   9  0  0
 5891 660   0  10   0   0  1  0
 5892 564   0  11 124  12  0  0
 5893 212   2   0   0   6  0  0
 5894 564   0   7 127   9  0  0
 5895 660   0  10   0   0  1  0
 5896 564   0  11 126  12  0  0
 5897 212   0   0   0   6  0  0
 5898 564   0   0   0   9  0  0
 5899 94114   0   0   0   0  0  0
 5900   0   0   0   0   0  0  3
 5901   0   0   0   0   0  0  1
 5902  10   0   0   0   0  0  2
 5903  50   0   0   0   0  0  0
 5904  25   0   0   0   1  0  0
 5905 262   1   0   0   2  0  0
 5906 763   0   5  13   3  0  0
 5907 212   2   0   0   6  0  0
 5908 564   0   7 125   9  0  0
 5909 660   0  10   0   0  1  0
 5910 564   0  11 124  12  0  0
 5911 212   2   0   0   6  0  0
 5912 564   0   7 127   9  0  0
 5913 660   0  10   0   0  1  0
 5914 564   0  11 126  12  0  0
 5915 212   0   0   0   6  0  0
 5916 564   0   0   0   9  0  0
 5917 94114   0   0   0   0  0  0
 5918   0   0   0   0   0  0  3
 5919   0   0   0   0   0  0  1
 5920  10   0   0   0   0  0  2
 5921  50   0   0   0   0  0  0
 5922  25   0   0   0   1  0  0
 5923 262   1   0   0   2  0  0
 5924 763   0   5   4   3  0  0
 5925 212   2   0   0   6  0  0
 5926 564   0   7 121   9  0  0
 5927 660   0  10   0   0  1  0
 5928 564   0  11 120  12  0  0
 5929 212   2   0   0   6  0  0
 5930 564   0   7 123   9  0  0
 5931 660   0  10   0   0  1  0
 5932 564   0  11 122  12  0  0
 5933 212   0   0   0   6  0  0
 5934 564   0   0   0   9  0  0
 5935 94114   0   0   0   0  0  0
 5936   0   0   0   0   0  0  3
 5937   0   0   0   0   0  0  1
 5938  10   0   0   0   0  0  2
 5939  50   0   0   0   0  0  0
 5940  25   0   0   0   1  0  0
 5941 262   1   0   0   2  0  0
 5942 763   0   5  13   3  0  0
 5943 212   2   0   0   6  0  0
 5944 564   0   7 121   9  0  0
 5945 660   0  10   0   0  1  0
 5946 564   0  11 120  12  0  0
 5947 212   2   0   0   6  0  0
 5948 564   0   7 123   9  0  0
 5949 660   0  10   0   0  1  0
 5950 564   0  11 122  12  0  0
 5951 212   0   0   0   6  0  0
 5952 564   0   0   0   9  0  0
 5953 94114   0   0   0   0  0  0
 5954   0   0   0   0   0  0  3
 5955   0   0   0   0   0  0  1
 5956  10   0   0   0   0  0  2
 5957  50   0   0   0   0  0  0
 5958  25   0   0   0   1  0  0
 5959 262   1   0   0   2  0  0
 5960 763   0   5   4   3  0  0
 5961 212   2   0   0   6  0  0
 5962 564   0   7 117   9  0  0
 5963 660   0  10   0   0  1  0
 5964 564   0  11 116  12  0  0
 5965 212   2   0   0   6  0  0
 5966 564   0   7 119   9  0  0
 5967 660   0  10   0   0  1  0
 5968 564   0  11 118  12  0  0
 5969 212   0   0   0   6  0  0
 5970 564   0   0   0   9  0  0
 5971 94114   0   0   0   0  0  0
 5972   0   0   0   0   0  0  3
 5973   0   0   0   0   0  0  1
 5974  10   0   0   0   0  0  2
 5975  50   0   0   0   0  0  0
 5976  25   0   0   0   1  0  0
 5977 262   1   0   0   2  0  0
 5978 763   0   5  13   3  0  0
 5979 212   2   0   0   6  0  0
 5980 564   0   7 117   9  0  0
 5981 660   0  10   0   0  1  0
 5982 564   0  11 116  12  0  0
 5983 212   2   0   0   6  0  0
 5984 564   0   7 119   9  0  0
 5985 660   0  10   0   0  1  0
 5986 564   0  11 118  12  0  0
 5987 212   0   0   0   6  0  0
 5988 564   0   0   0   9  0  0
 5989 94114   0   0   0   0  0  0
 5990   0   0   0   0   0  0  3
 5991   0   0   0   0   0  0  1
 5992  10   0   0   0   0  0  2
 5993  50   0   0   0   0  0  0
 5994  25   0   0   0   1  0  0
 5995 262   1   0   0   2  0  0
 5996 763   0   5   4   3  0  0
 5997 212   2   0   0   6  0  0
 5998 564   0   7 113   9  0  0
 5999 660   0  10   0   0  1  0
 6000 564   0  11 112  12  0  0
 6001 212   2   0   0   6  0  0
 6002 564   0   7 115   9  0  0
 6003 660   0  10   0   0  1  0
 6004 564   0  11 114  12  0  0
 6005 212   0   0   0   6  0  0
 6006 564   0   0   0   9  0  0
 6007 94114   0   0   0   0  0  0
 6008   0   0   0   0   0  0  3
 6009   0   0   0   0   0  0  1
 6010  10   0   0   0   0  0  2
 6011  50   0   0   0   0  0  0
 6012  25   0   0   0   1  0  0
 6013 262   1   0   0   2  0  0
 6014 763   0   5  13   3  0  0
 6015 212   2   0   0   6  0  0
 6016 564   0   7 113   9  0  0
 6017 660   0  10   0   0  1  0
 6018 564   0  11 112  12  0  0
 6019 212   2   0   0   6  0  0
 6020 564   0   7 115   9  0  0
 6021 660   0  10   0   0  1  0
 6022 564   0  11 114  12  0  0
 6023 212   0   0   0   6  0  0
 6024 564   0   0   0   9  0  0
 6025 94114   0   0   0   0  0  0
 6026   0   0   0   0   0  0  3
 6027   0   0   0   0   0  0  1
 6028  10   0   0   0   0  0  2
 6029  50   0   0   0   0  0  0
 6030  25   0   0   0   1  0  0
 6031 262   1   0   0   2  0  0
 6032 763   0   5   4   3  0  0
 6033 212   2   0   0   6  0  0
 6034 564   0   7 109   9  0  0
 6035 660   0  10   0   0  1  0
 6036 564   0  11 108  12  0  0
 6037 212   2   0   0   6  0  0
 6038 564   0   7 111   9  0  0
 6039 660   0  10   0   0  1  0
 6040 564   0  11 110  12  0  0
 6041 212   0   0   0   6  0  0
 6042 564   0   0   0   9  0  0
 6043 94114   0   0   0   0  0  0
 6044   0   0   0   0   0  0  3
 6045   0   0   0   0   0  0  1
 6046  10   0   0   0   0  0  2
 6047  50   0   0   0   0  0  0
 6048  25   0   0   0   1  0  0
 6049 262   1   0   0   2  0  0
 6050 763   0   5  13   3  0  0
 6051 212   2   0   0   6  0  0
 6052 564   0   7 109   9  0  0
 6053 660   0  10   0   0  1  0
 6054 564   0  11 108  12  0  0
 6055 212   2   0   0   6  0  0
 6056 564   0   7 111   9  0  0
 6057 660   0  10   0   0  1  0
 6058 564   0  11 110  12  0  0
 6059 212   0   0   0   6  0  0
 6060 564   0   0   0   9  0  0
 6061 94114   0   0   0   0  0  0
 6062   0   0   0   0   0  0  3
 6063   0   0   0   0   0  0  1
 6064  10   0   0   0   0  0  2
 6065  50   0   0   0   0  0  0
 6066  25   0   0   0   1  0  0
 6067 262   1   0   0   2  0  0
 6068 763   0   5   4   3  0  0
 6069 212   2   0   0   6  0  0
 6070 564   0   7 105   9  0  0
 6071 660   0  10   0   0  1  0
 6072 564   0  11 104  12  0  0
 6073 212   2   0   0   6  0  0
 6074 564   0   7 107   9  0  0
 6075 660   0  10   0   0  1  0
 6076 564   0  11 106  12  0  0
 6077 212   0   0   0   6  0  0
 6078 564   0   0   0   9  0  0
 6079 94114   0   0   0   0  0  0
 6080   0   0   0   0   0  0  3
 6081   0   0   0   0   0  0  1
 6082  10   0   0   0   0  0  2
 6083  50   0   0   0   0  0  0
 6084  25   0   0   0   1  0  0
 6085 262   1   0   0   2  0  0
 6086 763   0   5  13   3  0  0
 6087 212   2   0   0   6  0  0
 6088 564   0   7 105   9  0  0
 6089 660   0  10   0   0  1  0
 6090 564   0  11 104  12  0  0
 6091 212   2   0   0   6  0  0
 6092 564   0   7 107   9  0  0
 6093 660   0  10   0   0  1  0
 6094 564   0  11 106  12  0  0
 6095 212   0   0   0   6  0  0
 6096 564   0   0   0   9  0  0
 6097 94114   0   0   0   0  0  0
 6098   0   0   0   0   0  0  3
 6099   0   0   0   0   0  0  1
 6100  10   0   0   0   0  0  2
 6101  50   0   0   0   0  0  0
 6102  25   0   0   0   1  0  0
 6103 262   1   0   0   2  0  0
 6104 763   0   5   4   3  0  0
 6105 212   2   0   0   6  0  0
 6106 564   0   7 101   9  0  0
 6107 660   0  10   0   0  1  0
 6108 564   0  11 100  12  0  0
 6109 212   2   0   0   6  0  0
 6110 564   0   7 103   9  0  0
 6111 660   0  10   0   0  1  0
 6112 564   0  11 102  12  0  0
 6113 212   0   0   0   6  0  0
 6114 564   0   0   0   9  0  0
 6115 94114   0   0   0   0  0  0
 6116   0   0   0   0   0  0  3
 6117   0   0   0   0   0  0  1
 6118  10   0   0   0   0  0  2
 6119  50   0   0   0   0  0  0
 6120  25   0   0   0   1  0  0
 6121 262   1   0   0   2  0  0
 6122 763   0   5  13   3  0  0
 6123 212   2   0   0   6  0  0
 6124 564   0   7 101   9  0  0
 6125 660   0  10   0   0  1  0
 6126 564   0  11 100  12  0  0
 6127 212   2   0   0   6  0  0
 6128 564   0   7 103   9  0  0
 6129 660   0  10   0   0  1  0
 6130 564   0  11 102  12  0  0
 6131 212   0   0   0   6  0  0
 6132 564   0   0   0   9  0  0
 6133 94114   0   0   0   0  0  0
 6134   0   0   0   0   0  0  3
 6135   0   0   0   0   0  0  1
 6136  10   0   0   0   0  0  2
 6137  50   0   0   0   0  0  0
 6138  25   0   0   0   1  0  0
 6139 262   1   0   0   2  0  0
 6140 763   0   5   4   3  0  0
 6141 212   2   0   0   6  0  0
 6142 564   0   7  97   9  0  0
 6143 660   0  10   0   0  1  0
 6144 564   0  11  96  12  0  0
 6145 212   2   0   0   6  0  0
 6146 564   0   7  99   9  0  0
 6147 660   0  10   0   0  1  0
 6148 564   0  11  98  12  0  0
 6149 212   0   0   0   6  0  0
 6150 564   0   0   0   9  0  0
 6151 94114   0   0   0   0  0  0
 6152   0   0   0   0   0  0  3
 6153   0   0   0   0   0  0  1
 6154  10   0   0   0   0  0  2
 6155  50   0   0   0   0  0  0
 6156  25   0   0   0   1  0  0
 6157 262   1   0   0   2  0  0
 6158 763   0   5  13   3  0  0
 6159 212   2   0   0   6  0  0
 6160 564   0   7  97   9  0  0
 6161 660   0  10   0   0  1  0
 6162 564   0  11  96  12  0  0
 6163 212   2   0   0   6  0  0
 6164 564   0   7  99   9  0  0
 6165 660   0  10   0   0  1  0
 6166 564   0  11  98  12  0  0
 6167 212   0   0   0   6  0  0
 6168 564   0   0   0   9  0  0
 6169 94114   0   0   0   0  0  0
 6170   0   0   0   0   0  0  3
 6171   0   0   0   0   0  0  1
 6172  10   0   0   0   0  0  2
 6173  50   0   0   0   0  0  0
 6174  25   0   0   0   1  0  0
 6175 262   1   0   0   2  0  0
 6176 763   0   5   4   3  0  0
 6177 212   2   0   0   6  0  0
 6178 564   0   7  93   9  0  0
 6179 660   0  10   0   0  1  0
 6180 564   0  11  92  12  0  0
 6181 212   2   0   0   6  0  0
 6182 564   0   7  95   9  0  0
 6183 660   0  10   0   0  1  0
 6184 564   0  11  94  12  0  0
 6185 212   0   0   0   6  0  0
 6186 564   0   0   0   9  0  0
 6187 94114   0   0   0   0  0  0
 6188   0   0   0   0   0  0  3
 6189   0   0   0   0   0  0  1
 6190  10   0   0   0   0  0  2
 6191  50   0   0   0   0  0  0
 6192  25   0   0   0   1  0  0
 6193 262   1   0   0   2  0  0
 6194 763   0   5  13   3  0  0
 6195 212   2   0   0   6  0  0
 6196 564   0   7  93   9  0  0
 6197 660   0  10   0   0  1  0
 6198 564   0  11  92  12  0  0
 6199 212   2   0   0   6  0  0
 6200 564   0   7  95   9  0  0
 6201 660   0  10   0   0  1  0
 6202 564   0  11  94  12  0  0
 6203 212   0   0   0   6  0  0
 6204 564   0   0   0   9  0  0
 6205 94114   0   0   0   0  0  0
 6206   0   0   0   0   0  0  3
 6207   0   0   0   0   0  0  1
 6208  10   0   0   0   0  0  2
 6209  50   0   0   0   0  0  0
 6210  25   0   0   0   1  0  0
 6211 262   1   0   0   2  0  0
 6212 763   0   5   4   3  0  0
 6213 212   2   0   0   6  0  0
 6214 564   0   7  89   9  0  0
 6215 660   0  10   0   0  1  0
 6216 564   0  11  88  12  0  0
 6217 212   2   0   0   6  0  0
 6218 564   0   7  91   9  0  0
 6219 660   0  10   0   0  1  0
 6220 564   0  11  90  12  0  0
 6221 212   0   0   0   6  0  0
 6222 564   0   0   0   9  0  0
 6223 94114   0   0   0   0  0  0
 6224   0   0   0   0   0  0  3
 6225   0   0   0   0   0  0  1
 6226  10   0   0   0   0  0  2
 6227  50   0   0   0   0  0  0
 6228  25   0   0   0   1  0  0
 6229 262   1   0   0   2  0  0
 6230 763   0   5  13   3  0  0
 6231 212   2   0   0   6  0  0
 6232 564   0   7  89   9  0  0
 6233 660   0  10   0   0  1  0
 6234 564   0  11  88  12  0  0
 6235 212   2   0   0   6  0  0
 6236 564   0   7  91   9  0  0
 6237 660   0  10   0   0  1  0
 6238 564   0  11  90  12  0  0
 6239 212   0   0   0   6  0  0
 6240 564   0   0   0   9  0  0
 6241 94114   0   0   0   0  0  0
 6242   0   0   0   0   0  0  3
 6243   0   0   0   0   0  0  1
 6244  10   0   0   0   0  0  2
 6245  50   0   0   0   0  0  0
 6246  25   0   0   0   1  0  0
 6247 262   1   0   0   2  0  0
 6248 763   0   5   4   3  0  0
 6249 212   2   0   0   6  0  0
 6250 564   0   7  85   9  0  0
 6251 660   0  10   0   0  1  0
 6252 564   0  11  84  12  0  0
 6253 212   2   0   0   6  0  0
 6254 564   0   7  87   9  0  0
 6255 660   0  10   0   0  1  0
 6256 564   0  11  86  12  0  0
 6257 212   0   0   0   6  0  0
 6258 564   0   0   0   9  0  0
 6259 94114   0   0   0   0  0  0
 6260   0   0   0   0   0  0  3
 6261   0   0   0   0   0  0  1
 6262  10   0   0   0   0  0  2
 6263  50   0   0   0   0  0  0
 6264  25   0   0   0   1  0  0
 6265 262   1   0   0   2  0  0
 6266 763   0   5  13   3  0  0
 6267 212   2   0   0   6  0  0
 6268 564   0   7  85   9  0  0
 6269 660   0  10   0   0  1  0
 6270 564   0  11  84  12  0  0
 6271 212   2   0   0   6  0  0
 6272 564   0   7  87   9  0  0
 6273 660   0  10   0   0  1  0
 6274 564   0  11  86  12  0  0
 6275 212   0   0   0   6  0  0
 6276 564   0   0   0   9  0  0
 6277 94114   0   0   0   0  0  0
 6278   0   0   0   0   0  0  3
 6279   0   0   0   0   0  0  1
 6280  10   0   0   0   0  0  2
 6281  50   0   0   0   0  0  0
 6282  25   0   0   0   1  0  0
 6283 262   1   0   0   2  0  0
 6284 763   0   5   4   3  0  0
 6285 212   2   0   0   6  0  0
 6286 564   0   7  81   9  0  0
 6287 660   0  10   0   0  1  0
 6288 564   0  11  80  12  0  0
 6289 212   2   0   0   6  0  0
 6290 564   0   7  83   9  0  0
 6291 660   0  10   0   0  1  0
 6292 564   0  11  82  12  0  0
 6293 212   0   0   0   6  0  0
 6294 564   0   0   0   9  0  0
 6295 94114   0   0   0   0  0  0
 6296   0   0   0   0   0  0  3
 6297   0   0   0   0   0  0  1
 6298  10   0   0   0   0  0  2
 6299  50   0   0   0   0  0  0
 6300  25   0   0   0   1  0  0
 6301 262   1   0   0   2  0  0
 6302 763   0   5  13   3  0  0
 6303 212   2   0   0   6  0  0
 6304 564   0   7  81   9  0  0
 6305 660   0  10   0   0  1  0
 6306 564   0  11  80  12  0  0
 6307 212   2   0   0   6  0  0
 6308 564   0   7  83   9  0  0
 6309 660   0  10   0   0  1  0
 6310 564   0  11  82  12  0  0
 6311 212   0   0   0   6  0  0
 6312 564   0   0   0   9  0  0
 6313 94114   0   0   0   0  0  0
 6314   0   0   0   0   0  0  3
 6315   0   0   0   0   0  0  1
 6316  10   0   0   0   0  0  2
 6317  50   0   0   0   0  0  0
 6318  25   0   0   0   1  0  0
 6319 262   1   0   0   2  0  0
 6320 763   0   5   4   3  0  0
 6321 212   2   0   0   6  0  0
 6322 564   0   7  77   9  0  0
 6323 660   0  10   0   0  1  0
 6324 564   0  11  76  12  0  0
 6325 212   2   0   0   6  0  0
 6326 564   0   7  79   9  0  0
 6327 660   0  10   0   0  1  0
 6328 564   0  11  78  12  0  0
 6329 212   0   0   0   6  0  0
 6330 564   0   0   0   9  0  0
 6331 94114   0   0   0   0  0  0
 6332   0   0   0   0   0  0  3
 6333   0   0   0   0   0  0  1
 6334  10   0   0   0   0  0  2
 6335  50   0   0   0   0  0  0
 6336  25   0   0   0   1  0  0
 6337 262   1   0   0   2  0  0
 6338 763   0   5  13   3  0  0
 6339 212   2   0   0   6  0  0
 6340 564   0   7  77   9  0  0
 6341 660   0  10   0   0  1  0
 6342 564   0  11  76  12  0  0
 6343 212   2   0   0   6  0  0
 6344 564   0   7  79   9  0  0
 6345 660   0  10   0   0  1  0
 6346 564   0  11  78  12  0  0
 6347 212   0   0   0   6  0  0
 6348 564   0   0   0   9  0  0
 6349 94114   0   0   0   0  0  0
 6350   0   0   0   0   0  0  3
 6351   0   0   0   0   0  0  1
 6352  10   0   0   0   0  0  2
 6353  50   0   0   0   0  0  0
 6354  25   0   0   0   1  0  0
 6355 262   1   0   0   2  0  0
 6356 763   0   5   4   3  0  0
 6357 212   2   0   0   6  0  0
 6358 564   0   7  73   9  0  0
 6359 660   0  10   0   0  1  0
 6360 564   0  11  72  12  0  0
 6361 212   2   0   0   6  0  0
 6362 564   0   7  75   9  0  0
 6363 660   0  10   0   0  1  0
 6364 564   0  11  74  12  0  0
 6365 212   0   0   0   6  0  0
 6366 564   0   0   0   9  0  0
 6367 94114   0   0   0   0  0  0
 6368   0   0   0   0   0  0  3
 6369   0   0   0   0   0  0  1
 6370  10   0   0   0   0  0  2
 6371  50   0   0   0   0  0  0
 6372  25   0   0   0   1  0  0
 6373 262   1   0   0   2  0  0
 6374 763   0   5  13   3  0  0
 6375 212   2   0   0   6  0  0
 6376 564   0   7  73   9  0  0
 6377 660   0  10   0   0  1  0
 6378 564   0  11  72  12  0  0
 6379 212   2   0   0   6  0  0
 6380 564   0   7  75   9  0  0
 6381 660   0  10   0   0  1  0
 6382 564   0  11  74  12  0  0
 6383 212   0   0   0   6  0  0
 6384 564   0   0   0   9  0  0
 6385 94114   0   0   0   0  0  0
 6386   0   0   0   0   0  0  3
 6387   0   0   0   0   0  0  1
 6388  10   0   0   0   0  0  2
 6389  50   0   0   0   0  0  0
 6390  25   0   0   0   1  0  0
 6391 262   1   0   0   2  0  0
 6392 763   0   5   4   3  0  0
 6393 212   2   0   0   6  0  0
 6394 564   0   7  69   9  0  0
 6395 660   0  10   0   0  1  0
 6396 564   0  11  68  12  0  0
 6397 212   2   0   0   6  0  0
 6398 564   0   7  71   9  0  0
 6399 660   0  10   0   0  1  0
 6400 564   0  11  70  12  0  0
 6401 212   0   0   0   6  0  0
 6402 564   0   0   0   9  0  0
 6403 94114   0   0   0   0  0  0
 6404   0   0   0   0   0  0  3
 6405   0   0   0   0   0  0  1
 6406  10   0   0   0   0  0  2
 6407  50   0   0   0   0  0  0
 6408  25   0   0   0   1  0  0
 6409 262   1   0   0   2  0  0
 6410 763   0   5  13   3  0  0
 6411 212   2   0   0   6  0  0
 6412 564   0   7  69   9  0  0
 6413 660   0  10   0   0  1  0
 6414 564   0  11  68  12  0  0
 6415 212   2   0   0   6  0  0
 6416 564   0   7  71   9  0  0
 6417 660   0  10   0   0  1  0
 6418 564   0  11  70  12  0  0
 6419 212   0   0   0   6  0  0
 6420 564   0   0   0   9  0  0
 6421 94114   0   0   0   0  0  0
 6422   0   0   0   0   0  0  3
 6423   0   0   0   0   0  0  1
 6424  10   0   0   0   0  0  2
 6425  50   0   0   0   0  0  0
 6426  25   0   0   0   1  0  0
 6427 262   1   0   0   2  0  0
 6428 763   0   5   4   3  0  0
 6429 212   2   0   0   6  0  0
 6430 564   0   7  65   9  0  0
 6431 660   0  10   0   0  1  0
 6432 564   0  11  64  12  0  0
 6433 212   2   0   0   6  0  0
 6434 564   0   7  67   9  0  0
 6435 660   0  10   0   0  1  0
 6436 564   0  11  66  12  0  0
 6437 212   0   0   0   6  0  0
 6438 564   0   0   0   9  0  0
 6439 94114   0   0   0   0  0  0
 6440   0   0   0   0   0  0  3
 6441   0   0   0   0   0  0  1
 6442  10   0   0   0   0  0  2
 6443  50   0   0   0   0  0  0
 6444  25   0   0   0   1  0  0
 6445 262   1   0   0   2  0  0
 6446 763   0   5  13   3  0  0
 6447 212   2   0   0   6  0  0
 6448 564   0   7  65   9  0  0
 6449 660   0  10   0   0  1  0
 6450 564   0  11  64  12  0  0
 6451 212   2   0   0   6  0  0
 6452 564   0   7  67   9  0  0
 6453 660   0  10   0   0  1  0
 6454 564   0  11  66  12  0  0
 6455 212   0   0   0   6  0  0
 6456 564   0   0   0   9  0  0
 6457 94114   0   0   0   0  0  0
 6458   0   0   0   0   0  0  3
 6459   0   0   0   0   0  0  1
 6460  10   0   0   0   0  0  2
 6461  50   0   0   0   0  0  0
 6462  25   0   0   0   1  0  0
 6463 262   1   0   0   2  0  0
 6464 763   0   5   4   3  0  0
 6465 212   2   0   0   6  0  0
 6466 564   0   7  61   9  0  0
 6467 660   0  10   0   0  1  0
 6468 564   0  11  60  12  0  0
 6469 212   2   0   0   6  0  0
 6470 564   0   7  63   9  0  0
 6471 660   0  10   0   0  1  0
 6472 564   0  11  62  12  0  0
 6473 212   0   0   0   6  0  0
 6474 564   0   0   0   9  0  0
 6475 94114   0   0   0   0  0  0
 6476   0   0   0   0   0  0  3
 6477   0   0   0   0   0  0  1
 6478  10   0   0   0   0  0  2
 6479  50   0   0   0   0  0  0
 6480  25   0   0   0   1  0  0
 6481 262   1   0   0   2  0  0
 6482 763   0   5  13   3  0  0
 6483 212   2   0   0   6  0  0
 6484 564   0   7  61   9  0  0
 6485 660   0  10   0   0  1  0
 6486 564   0  11  60  12  0  0
 6487 212   2   0   0   6  0  0
 6488 564   0   7  63   9  0  0
 6489 660   0  10   0   0  1  0
 6490 564   0  11  62  12  0  0
 6491 212   0   0   0   6  0  0
 6492 564   0   0   0   9  0  0
 6493 94114   0   0   0   0  0  0
 6494   0   0   0   0   0  0  3
 6495   0   0   0   0   0  0  1
 6496  10   0   0   0   0  0  2
 6497  50   0   0   0   0  0  0
 6498  25   0   0   0   1  0  0
 6499 262   1   0   0   2  0  0
 6500 763   0   5   4   3  0  0
 6501 212   2   0   0   6  0  0
 6502 564   0   7  57   9  0  0
 6503 660   0  10   0   0  1  0
 6504 564   0  11  56  12  0  0
 6505 212   2   0   0   6  0  0
 6506 564   0   7  59   9  0  0
 6507 660   0  10   0   0  1  0
 6508 564   0  11  58  12  0  0
 6509 212   0   0   0   6  0  0
 6510 564   0   0   0   9  0  0
 6511 94114   0   0   0   0  0  0
 6512   0   0   0   0   0  0  3
 6513   0   0   0   0   0  0  1
 6514  10   0   0   0   0  0  2
 6515  50   0   0   0   0  0  0
 6516  25   0   0   0   1  0  0
 6517 262   1   0   0   2  0  0
 6518 763   0   5  13   3  0  0
 6519 212   2   0   0   6  0  0
 6520 564   0   7  57   9  0  0
 6521 660   0  10   0   0  1  0
 6522 564   0  11  56  12  0  0
 6523 212   2   0   0   6  0  0
 6524 564   0   7  59   9  0  0
 6525 660   0  10   0   0  1  0
 6526 564   0  11  58  12  0  0
 6527 212   0   0   0   6  0  0
 6528 564   0   0   0   9  0  0
 6529 94114   0   0   0   0  0  0
 6530   0   0   0   0   0  0  3
 6531   0   0   0   0   0  0  1
 6532  10   0   0   0   0  0  2
 6533  50   0   0   0   0  0  0
 6534  25   0   0   0   1  0  0
 6535 262   1   0   0   2  0  0
 6536 763   0   5   4   3  0  0
 6537 212   2   0   0   6  0  0
 6538 564   0   7  53   9  0  0
 6539 660   0  10   0   0  1  0
 6540 564   0  11  52  12  0  0
 6541 212   2   0   0   6  0  0
 6542 564   0   7  55   9  0  0
 6543 660   0  10   0   0  1  0
 6544 564   0  11  54  12  0  0
 6545 212   0   0   0   6  0  0
 6546 564   0   0   0   9  0  0
 6547 94114   0   0   0   0  0  0
 6548   0   0   0   0   0  0  3
 6549   0   0   0   0   0  0  1
 6550  10   0   0   0   0  0  2
 6551  50   0   0   0   0  0  0
 6552  25   0   0   0   1  0  0
 6553 262   1   0   0   2  0  0
 6554 763   0   5  13   3  0  0
 6555 212   2   0   0   6  0  0
 6556 564   0   7  53   9  0  0
 6557 660   0  10   0   0  1  0
 6558 564   0  11  52  12  0  0
 6559 212   2   0   0   6  0  0
 6560 564   0   7  55   9  0  0
 6561 660   0  10   0   0  1  0
 6562 564   0  11  54  12  0  0
 6563 212   0   0   0   6  0  0
 6564 564   0   0   0   9  0  0
 6565 94114   0   0   0   0  0  0
 6566   0   0   0   0   0  0  3
 6567   0   0   0   0   0  0  1
 6568  10   0   0   0   0  0  2
 6569  50   0   0   0   0  0  0
 6570  25   0   0   0   1  0  0
 6571 262   1   0   0   2  0  0
 6572 763   0   5   4   3  0  0
 6573 212   2   0   0   6  0  0
 6574 564   0   7  49   9  0  0
 6575 660   0  10   0   0  1  0
 6576 564   0  11  48  12  0  0
 6577 212   2   0   0   6  0  0
 6578 564   0   7  51   9  0  0
 6579 660   0  10   0   0  1  0
 6580 564   0  11  50  12  0  0
 6581 212   0   0   0   6  0  0
 6582 564   0   0   0   9  0  0
 6583 94114   0   0   0   0  0  0
 6584   0   0   0   0   0  0  3
 6585   0   0   0   0   0  0  1
 6586  10   0   0   0   0  0  2
 6587  50   0   0   0   0  0  0
 6588  25   0   0   0   1  0  0
 6589 262   1   0   0   2  0  0
 6590 763   0   5  13   3  0  0
 6591 212   2   0   0   6  0  0
 6592 564   0   7  49   9  0  0
 6593 660   0  10   0   0  1  0
 6594 564   0  11  48  12  0  0
 6595 212   2   0   0   6  0  0
 6596 564   0   7  51   9  0  0
 6597 660   0  10   0   0  1  0
 6598 564   0  11  50  12  0  0
 6599 212   0   0   0   6  0  0
 6600 564   0   0   0   9  0  0
 6601 94114   0   0   0   0  0  0
 6602   0   0   0   0   0  0  3
 6603   0   0   0   0   0  0  1
 6604  10   0   0   0   0  0  2
 6605  50   0   0   0   0  0  0
 6606  25   0   0   0   1  0  0
 6607 262   1   0   0   2  0  0
 6608 763   0   5   4   3  0  0
 6609 212   2   0   0   6  0  0
 6610 564   0   7  45   9  0  0
 6611 660   0  10   0   0  1  0
 6612 564   0  11  44  12  0  0
 6613 212   2   0   0   6  0  0
 6614 564   0   7  47   9  0  0
 6615 660   0  10   0   0  1  0
 6616 564   0  11  46  12  0  0
 6617 212   0   0   0   6  0  0
 6618 564   0   0   0   9  0  0
 6619 94114   0   0   0   0  0  0
 6620   0   0   0   0   0  0  3
 6621   0   0   0   0   0  0  1
 6622  10   0   0   0   0  0  2
 6623  50   0   0   0   0  0  0
 6624  25   0   0   0   1  0  0
 6625 262   1   0   0   2  0  0
 6626 763   0   5  13   3  0  0
 6627 212   2   0   0   6  0  0
 6628 564   0   7  45   9  0  0
 6629 660   0  10   0   0  1  0
 6630 564   0  11  44  12  0  0
 6631 212   2   0   0   6  0  0
 6632 564   0   7  47   9  0  0
 6633 660   0  10   0   0  1  0
 6634 564   0  11  46  12  0  0
 6635 212   0   0   0   6  0  0
 6636 564   0   0   0   9  0  0
 6637 94114   0   0   0   0  0  0
 6638   0   0   0   0   0  0  3
 6639   0   0   0   0   0  0  1
 6640  10   0   0   0   0  0  2
 6641  50   0   0   0   0  0  0
 6642  25   0   0   0   1  0  0
 6643 262   1   0   0   2  0  0
 6644 763   0   5   4   3  0  0
 6645 212   2   0   0   6  0  0
 6646 564   0   7  41   9  0  0
 6647 660   0  10   0   0  1  0
 6648 564   0  11  40  12  0  0
 6649 212   2   0   0   6  0  0
 6650 564   0   7  43   9  0  0
 6651 660   0  10   0   0  1  0
 6652 564   0  11  42  12  0  0
 6653 212   0   0   0   6  0  0
 6654 564   0   0   0   9  0  0
 6655 94114   0   0   0   0  0  0
 6656   0   0   0   0   0  0  3
 6657   0   0   0   0   0  0  1
 6658  10   0   0   0   0  0  2
 6659  50   0   0   0   0  0  0
 6660  25   0   0   0   1  0  0
 6661 262   1   0   0   2  0  0
 6662 763   0   5  13   3  0  0
 6663 212   2   0   0   6  0  0
 6664 564   0   7  41   9  0  0
 6665 660   0  10   0   0  1  0
 6666 564   0  11  40  12  0  0
 6667 212   2   0   0   6  0  0
 6668 564   0   7  43   9  0  0
 6669 660   0  10   0   0  1  0
 6670 564   0  11  42  12  0  0
 6671 212   0   0   0   6  0  0
 6672 564   0   0   0   9  0  0
 6673 94114   0   0   0   0  0  0
 6674   0   0   0   0   0  0  3
 6675   0   0   0   0   0  0  1
 6676  10   0   0   0   0  0  2
 6677  50   0   0   0   0  0  0
 6678  25   0   0   0   1  0  0
 6679 262   1   0   0   2  0  0
 6680 763   0   5   4   3  0  0
 6681 212   2   0   0   6  0  0
 6682 564   0   7  37   9  0  0
 6683 660   0  10   0   0  1  0
 6684 564   0  11  36  12  0  0
 6685 212   2   0   0   6  0  0
 6686 564   0   7  39   9  0  0
 6687 660   0  10   0   0  1  0
 6688 564   0  11  38  12  0  0
 6689 212   0   0   0   6  0  0
 6690 564   0   0   0   9  0  0
 6691 94114   0   0   0   0  0  0
 6692   0   0   0   0   0  0  3
 6693   0   0   0   0   0  0  1
 6694  10   0   0   0   0  0  2
 6695  50   0   0   0   0  0  0
 6696  25   0   0   0   1  0  0
 6697 262   1   0   0   2  0  0
 6698 763   0   5  13   3  0  0
 6699 212   2   0   0   6  0  0
 6700 564   0   7  37   9  0  0
 6701 660   0  10   0   0  1  0
 6702 564   0  11  36  12  0  0
 6703 212   2   0   0   6  0  0
 6704 564   0   7  39   9  0  0
 6705 660   0  10   0   0  1  0
 6706 564   0  11  38  12  0  0
 6707 212   0   0   0   6  0  0
 6708 564   0   0   0   9  0  0
 6709 94114   0   0   0   0  0  0
 6710   0   0   0   0   0  0  3
 6711   0   0   0   0   0  0  1
 6712  10   0   0   0   0  0  2
 6713  50   0   0   0   0  0  0
 6714  25   0   0   0   1  0  0
 6715 262   1   0   0   2  0  0
 6716 763   0   5   4   3  0  0
 6717 212   2   0   0   6  0  0
 6718 564   0   7  33   9  0  0
 6719 660   0  10   0   0  1  0
 6720 564   0  11  32  12  0  0
 6721 212   2   0   0   6  0  0
 6722 564   0   7  35   9  0  0
 6723 660   0  10   0   0  1  0
 6724 564   0  11  34  12  0  0
 6725 212   0   0   0   6  0  0
 6726 564   0   0   0   9  0  0
 6727 94114   0   0   0   0  0  0
 6728   0   0   0   0   0  0  3
 6729   0   0   0   0   0  0  1
 6730  10   0   0   0   0  0  2
 6731  50   0   0   0   0  0  0
 6732  25   0   0   0   1  0  0
 6733 262   1   0   0   2  0  0
 6734 763   0   5  13   3  0  0
 6735 212   2   0   0   6  0  0
 6736 564   0   7  33   9  0  0
 6737 660   0  10   0   0  1  0
 6738 564   0  11  32  12  0  0
 6739 212   2   0   0   6  0  0
 6740 564   0   7  35   9  0  0
 6741 660   0  10   0   0  1  0
 6742 564   0  11  34  12  0  0
 6743 212   0   0   0   6  0  0
 6744 564   0   0   0   9  0  0
 6745 94114   0   0   0   0  0  0
 6746   0   0   0   0   0  0  3
 6747   0   0   0   0   0  0  1
 6748  10   0   0   0   0  0  2
 6749  50   0   0   0   0  0  0
 6750  25   0   0   0   1  0  0
 6751 262   1   0   0   2  0  0
 6752 763   0   5   4   3  0  0
 6753 212   2   0   0   6  0  0
 6754 564   0   7  29   9  0  0
 6755 660   0  10   0   0  1  0
 6756 564   0  11  28  12  0  0
 6757 212   2   0   0   6  0  0
 6758 564   0   7  31   9  0  0
 6759 660   0  10   0   0  1  0
 6760 564   0  11  30  12  0  0
 6761 212   0   0   0   6  0  0
 6762 564   0   0   0   9  0  0
 6763 94114   0   0   0   0  0  0
 6764   0   0   0   0   0  0  3
 6765   0   0   0   0   0  0  1
 6766  10   0   0   0   0  0  2
 6767  50   0   0   0   0  0  0
 6768  25   0   0   0   1  0  0
 6769 262   1   0   0   2  0  0
 6770 763   0   5  13   3  0  0
 6771 212   2   0   0   6  0  0
 6772 564   0   7  29   9  0  0
 6773 660   0  10   0   0  1  0
 6774 564   0  11  28  12  0  0
 6775 212   2   0   0   6  0  0
 6776 564   0   7  31   9  0  0
 6777 660   0  10   0   0  1  0
 6778 564   0  11  30  12  0  0
 6779 212   0   0   0   6  0  0
 6780 564   0   0   0   9  0  0
 6781 94114   0   0   0   0  0  0
 6782   0   0   0   0   0  0  3
 6783   0   0   0   0   0  0  1
 6784  10   0   0   0   0  0  2
 6785  50   0   0   0   0  0  0
 6786  25   0   0   0   1  0  0
 6787 262   1   0   0   2  0  0
 6788 763   0   5   4   3  0  0
 6789 212   2   0   0   6  0  0
 6790 564   0   7  25   9  0  0
 6791 660   0  10   0   0  1  0
 6792 564   0  11  24  12  0  0
 6793 212   2   0   0   6  0  0
 6794 564   0   7  27   9  0  0
 6795 660   0  10   0   0  1  0
 6796 564   0  11  26  12  0  0
 6797 212   0   0   0   6  0  0
 6798 564   0   0   0   9  0  0
 6799 94114   0   0   0   0  0  0
 6800   0   0   0   0   0  0  3
 6801   0   0   0   0   0  0  1
 6802  10   0   0   0   0  0  2
 6803  50   0   0   0   0  0  0
 6804  25   0   0   0   1  0  0
 6805 262   1   0   0   2  0  0
 6806 763   0   5  13   3  0  0
 6807 212   2   0   0   6  0  0
 6808 564   0   7  25   9  0  0
 6809 660   0  10   0   0  1  0
 6810 564   0  11  24  12  0  0
 6811 212   2   0   0   6  0  0
 6812 564   0   7  27   9  0  0
 6813 660   0  10   0   0  1  0
 6814 564   0  11  26  12  0  0
 6815 212   0   0   0   6  0  0
 6816 564   0   0   0   9  0  0
 6817 94114   0   0   0   0  0  0
 6818   0   0   0   0   0  0  3
 6819   0   0   0   0   0  0  1
 6820  10   0   0   0   0  0  2
 6821  50   0   0   0   0  0  0
 6822  25   0   0   0   1  0  0
 6823 262   1   0   0   2  0  0
 6824 763   0   5   4   3  0  0
 6825 212   2   0   0   6  0  0
 6826 564   0   7  21   9  0  0
 6827 660   0  10   0   0  1  0
 6828 564   0  11  20  12  0  0
 6829 212   2   0   0   6  0  0
 6830 564   0   7  23   9  0  0
 6831 660   0  10   0   0  1  0
 6832 564   0  11  22  12  0  0
 6833 212   0   0   0   6  0  0
 6834 564   0   0   0   9  0  0
 6835 94114   0   0   0   0  0  0
 6836   0   0   0   0   0  0  3
 6837   0   0   0   0   0  0  1
 6838  10   0   0   0   0  0  2
 6839  50   0   0   0   0  0  0
 6840  25   0   0   0   1  0  0
 6841 262   1   0   0   2  0  0
 6842 763   0   5  13   3  0  0
 6843 212   2   0   0   6  0  0
 6844 564   0   7  21   9  0  0
 6845 660   0  10   0   0  1  0
 6846 564   0  11  20  12  0  0
 6847 212   2   0   0   6  0  0
 6848 564   0   7  23   9  0  0
 6849 660   0  10   0   0  1  0
 6850 564   0  11  22  12  0  0
 6851 212   0   0   0   6  0  0
 6852 564   0   0   0   9  0  0
 6853 94114   0   0   0   0  0  0
 6854   0   0   0   0   0  0  3
 6855   0   0   0   0   0  0  1
 6856  10   0   0   0   0  0  2
 6857  50   0   0   0   0  0  0
 6858  25   0   0   0   1  0  0
 6859 262   1   0   0   2  0  0
 6860 763   0   5   4   3  0  0
 6861 212   2   0   0   6  0  0
 6862 564   0   7  17   9  0  0
 6863 660   0  10   0   0  1  0
 6864 564   0  11  16  12  0  0
 6865 212   2   0   0   6  0  0
 6866 564   0   7  19   9  0  0
 6867 660   0  10   0   0  1  0
 6868 564   0  11  18  12  0  0
 6869 212   0   0   0   6  0  0
 6870 564   0   0   0   9  0  0
 6871 94114   0   0   0   0  0  0
 6872   0   0   0   0   0  0  3
 6873   0   0   0   0   0  0  1
 6874  10   0   0   0   0  0  2
 6875  50   0   0   0   0  0  0
 6876  25   0   0   0   1  0  0
 6877 262   1   0   0   2  0  0
 6878 763   0   5  13   3  0  0
 6879 212   2   0   0   6  0  0
 6880 564   0   7  17   9  0  0
 6881 660   0  10   0   0  1  0
 6882 564   0  11  16  12  0  0
 6883 212   2   0   0   6  0  0
 6884 564   0   7  19   9  0  0
 6885 660   0  10   0   0  1  0
 6886 564   0  11  18  12  0  0
 6887 212   0   0   0   6  0  0
 6888 564   0   0   0   9  0  0
 6889 94089   0   0   0   0  0  0
 6890   0   0   0   0   0  0  3
 6891   0   0   0   0   0  0  1
 6892  10   0   0   0   0  0  2
 6893  75   0   0   0   0  0  0
 6894  25   0   0   0   1  0  0
 6895 262   1   0   0   2  0  0
 6896 763   0   5   4   3  0  0
 6897 212   2   0   0   6  0  0
 6898 564   0   7   8   9  0  0
 6899 660   0  10   0   0  0  0
 6900 564   0  11   8  12  0  0
 6901 212   2   0   0   6  0  0
 6902 564   0   7   8   9  0  0
 6903 660   0  10   0   0  0  0
 6904 564   0  11   8  12  0  0
 6905 212   0   0   0   6  0  0
 6906 564   0   0   0   9  0  0
 6907 94089   0   0   0   0  0  0
 6908   0   0   0   0   0  0  3
 6909   0   0   0   0   0  0  1
 6910  10   0   0   0   0  0  2
 6911  75   0   0   0   0  0  0
 6912  25   0   0   0   1  0  0
 6913 262   1   0   0   2  0  0
 6914 763   0   5  13   3  0  0
 6915 212   2   0   0   6  0  0
 6916 564   0   7   8   9  0  0
 6917 660   0  10   0   0  0  0
 6918 564   0  11   8  12  0  0
 6919 212   2   0   0   6  0  0
 6920 564   0   7   8   9  0  0
 6921 660   0  10   0   0  0  0
 6922 564   0  11   8  12  0  0
 6923 212   0   0   0   6  0  0
 6924 564   0   0   0   9  0  0
 6925 94089   0   0   0   0  0  0
 6926   0   0   0   0   0  0  3
 6927   0   0   0   0   0  0  1
 6928  10   0   0   0   0  0  2
 6929  75   0   0   0   0  0  0
 6930  25   0   0   0   1  0  0
 6931 262   1   0   0   2  0  0
 6932 763   0   5   4   3  0  0
 6933 212   2   0   0   6  0  0
 6934 564   0   7  14   9  0  0
 6935 660   0  10   0   0  1  0
 6936 564   0  11  15  12  0  0
 6937 212   2   0   0   6  0  0
 6938 564   0   7  15   9  0  0
 6939 660   0  10   0   0  1  0
 6940 564   0  11  14  12  0  0
 6941 212   0   0   0   6  0  0
 6942 564   0   0   0   9  0  0
 6943 94089   0   0   0   0  0  0
 6944   0   0   0   0   0  0  3
 6945   0   0   0   0   0  0  1
 6946  10   0   0   0   0  0  2
 6947  75   0   0   0   0  0  0
 6948  25   0   0   0   1  0  0
 6949 262   1   0   0   2  0  0
 6950 763   0   5  13   3  0  0
 6951 212   2   0   0   6  0  0
 6952 564   0   7  14   9  0  0
 6953 660   0  10   0   0  1  0
 6954 564   0  11  15  12  0  0
 6955 212   2   0   0   6  0  0
 6956 564   0   7  15   9  0  0
 6957 660   0  10   0   0  1  0
 6958 564   0  11  14  12  0  0
 6959 212   0   0   0   6  0  0
 6960 564   0   0   0   9  0  0
 6961 94089   0   0   0   0  0  0
 6962   0   0   0   0   0  0  3
 6963   0   0   0   0   0  0  1
 6964  10   0   0   0   0  0  2
 6965  75   0   0   0   0  0  0
 6966  25   0   0   0   1  0  0
 6967 262   1   0   0   2  0  0
 6968 763   0   5   4   3  0  0
 6969 212   2   0   0   6  0  0
 6970 564   0   7  16   9  0  0
 6971 660   0  10   0   0  1  0
 6972 564   0  11  17  12  0  0
 6973 212   2   0   0   6  0  0
 6974 564   0   7  18   9  0  0
 6975 660   0  10   0   0  1  0
 6976 564   0  11  19  12  0  0
 6977 212   0   0   0   6  0  0
 6978 564   0   0   0   9  0  0
 6979 94089   0   0   0   0  0  0
 6980   0   0   0   0   0  0  3
 6981   0   0   0   0   0  0  1
 6982  10   0   0   0   0  0  2
 6983  75   0   0   0   0  0  0
 6984  25   0   0   0   1  0  0
 6985 262   1   0   0   2  0  0
 6986 763   0   5  13   3  0  0
 6987 212   2   0   0   6  0  0
 6988 564   0   7  16   9  0  0
 6989 660   0  10   0   0  1  0
 6990 564   0  11  17  12  0  0
 6991 212   2   0   0   6  0  0
 6992 564   0   7  18   9  0  0
 6993 660   0  10   0   0  1  0
 6994 564   0  11  19  12  0  0
 6995 212   0   0   0   6  0  0
 6996 564   0   0   0   9  0  0
 6997 94089   0   0   0   0  0  0
 6998   0   0   0   0   0  0  3
 6999   0   0   0   0   0  0  1
 7000  10   0   0   0   0  0  2
 7001  75   0   0   0   0  0  0
 7002  25   0   0   0   1  0  0
 7003 262   1   0   0   2  0  0
 7004 763   0   5   4   3  0  0
 7005 212   2   0   0   6  0  0
 7006 564   0   7  20   9  0  0
 7007 660   0  10   0   0  1  0
 7008 564   0  11  21  12  0  0
 7009 212   2   0   0   6  0  0
 7010 564   0   7  22   9  0  0
 7011 660   0  10   0   0  1  0
 7012 564   0  11  23  12  0  0
 7013 212   0   0   0   6  0  0
 7014 564   0   0   0   9  0  0
 7015 94089   0   0   0   0  0  0
 7016   0   0   0   0   0  0  3
 7017   0   0   0   0   0  0  1
 7018  10   0   0   0   0  0  2
 7019  75   0   0   0   0  0  0
 7020  25   0   0   0   1  0  0
 7021 262   1   0   0   2  0  0
 7022 763   0   5  13   3  0  0
 7023 212   2   0   0   6  0  0
 7024 564   0   7  20   9  0  0
 7025 660   0  10   0   0  1  0
 7026 564   0  11  21  12  0  0
 7027 212   2   0   0   6  0  0
 7028 564   0   7  22   9  0  0
 7029 660   0  10   0   0  1  0
 7030 564   0  11  23  12  0  0
 7031 212   0   0   0   6  0  0
 7032 564   0   0   0   9  0  0
 7033 94089   0   0   0   0  0  0
 7034   0   0   0   0   0  0  3
 7035   0   0   0   0   0  0  1
 7036  10   0   0   0   0  0  2
 7037  75   0   0   0   0  0  0
 7038  25   0   0   0   1  0  0
 7039 262   1   0   0   2  0  0
 7040 763   0   5   4   3  0  0
 7041 212   2   0   0   6  0  0
 7042 564   0   7  24   9  0  0
 7043 660   0  10   0   0  1  0
 7044 564   0  11  25  12  0  0
 7045 212   2   0   0   6  0  0
 7046 564   0   7  26   9  0  0
 7047 660   0  10   0   0  1  0
 7048 564   0  11  27  12  0  0
 7049 212   0   0   0   6  0  0
 7050 564   0   0   0   9  0  0
 7051 94089   0   0   0   0  0  0
 7052   0   0   0   0   0  0  3
 7053   0   0   0   0   0  0  1
 7054  10   0   0   0   0  0  2
 7055  75   0   0   0   0  0  0
 7056  25   0   0   0   1  0  0
 7057 262   1   0   0   2  0  0
 7058 763   0   5  13   3  0  0
 7059 212   2   0   0   6  0  0
 7060 564   0   7  24   9  0  0
 7061 660   0  10   0   0  1  0
 7062 564   0  11  25  12  0  0
 7063 212   2   0   0   6  0  0
 7064 564   0   7  26   9  0  0
 7065 660   0  10   0   0  1  0
 7066 564   0  11  27  12  0  0
 7067 212   0   0   0   6  0  0
 7068 564   0   0   0   9  0  0
 7069 94089   0   0   0   0  0  0
 7070   0   0   0   0   0  0  3
 7071   0   0   0   0   0  0  1
 7072  10   0   0   0   0  0  2
 7073  75   0   0   0   0  0  0
 7074  25   0   0   0   1  0  0
 7075 262   1   0   0   2  0  0
 7076 763   0   5   4   3  0  0
 7077 212   2   0   0   6  0  0
 7078 564   0   7  28   9  0  0
 7079 660   0  10   0   0  1  0
 7080 564   0  11  29  12  0  0
 7081 212   2   0   0   6  0  0
 7082 564   0   7  30   9  0  0
 7083 660   0  10   0   0  1  0
 7084 564   0  11  31  12  0  0
 7085 212   0   0   0   6  0  0
 7086 564   0   0   0   9  0  0
 7087 94089   0   0   0   0  0  0
 7088   0   0   0   0   0  0  3
 7089   0   0   0   0   0  0  1
 7090  10   0   0   0   0  0  2
 7091  75   0   0   0   0  0  0
 7092  25   0   0   0   1  0  0
 7093 262   1   0   0   2  0  0
 7094 763   0   5  13   3  0  0
 7095 212   2   0   0   6  0  0
 7096 564   0   7  28   9  0  0
 7097 660   0  10   0   0  1  0
 7098 564   0  11  29  12  0  0
 7099 212   2   0   0   6  0  0
 7100 564   0   7  30   9  0  0
 7101 660   0  10   0   0  1  0
 7102 564   0  11  31  12  0  0
 7103 212   0   0   0   6  0  0
 7104 564   0   0   0   9  0  0
 7105 94089   0   0   0   0  0  0
 7106   0   0   0   0   0  0  3
 7107   0   0   0   0   0  0  1
 7108  10   0   0   0   0  0  2
 7109  75   0   0   0   0  0  0
 7110  25   0   0   0   1  0  0
 7111 262   1   0   0   2  0  0
 7112 763   0   5   4   3  0  0
 7113 212   2   0   0   6  0  0
 7114 564   0   7  32   9  0  0
 7115 660   0  10   0   0  1  0
 7116 564   0  11  33  12  0  0
 7117 212   2   0   0   6  0  0
 7118 564   0   7  34   9  0  0
 7119 660   0  10   0   0  1  0
 7120 564   0  11  35  12  0  0
 7121 212   0   0   0   6  0  0
 7122 564   0   0   0   9  0  0
 7123 94089   0   0   0   0  0  0
 7124   0   0   0   0   0  0  3
 7125   0   0   0   0   0  0  1
 7126  10   0   0   0   0  0  2
 7127  75   0   0   0   0  0  0
 7128  25   0   0   0   1  0  0
 7129 262   1   0   0   2  0  0
 7130 763   0   5  13   3  0  0
 7131 212   2   0   0   6  0  0
 7132 564   0   7  32   9  0  0
 7133 660   0  10   0   0  1  0
 7134 564   0  11  33  12  0  0
 7135 212   2   0   0   6  0  0
 7136 564   0   7  34   9  0  0
 7137 660   0  10   0   0  1  0
 7138 564   0  11  35  12  0  0
 7139 212   0   0   0   6  0  0
 7140 564   0   0   0   9  0  0
 7141 94089   0   0   0   0  0  0
 7142   0   0   0   0   0  0  3
 7143   0   0   0   0   0  0  1
 7144  10   0   0   0   0  0  2
 7145  75   0   0   0   0  0  0
 7146  25   0   0   0   1  0  0
 7147 262   1   0   0   2  0  0
 7148 763   0   5   4   3  0  0
 7149 212   2   0   0   6  0  0
 7150 564   0   7  36   9  0  0
 7151 660   0  10   0   0  1  0
 7152 564   0  11  37  12  0  0
 7153 212   2   0   0   6  0  0
 7154 564   0   7  38   9  0  0
 7155 660   0  10   0   0  1  0
 7156 564   0  11  39  12  0  0
 7157 212   0   0   0   6  0  0
 7158 564   0   0   0   9  0  0
 7159 94089   0   0   0   0  0  0
 7160   0   0   0   0   0  0  3
 7161   0   0   0   0   0  0  1
 7162  10   0   0   0   0  0  2
 7163  75   0   0   0   0  0  0
 7164  25   0   0   0   1  0  0
 7165 262   1   0   0   2  0  0
 7166 763   0   5  13   3  0  0
 7167 212   2   0   0   6  0  0
 7168 564   0   7  36   9  0  0
 7169 660   0  10   0   0  1  0
 7170 564   0  11  37  12  0  0
 7171 212   2   0   0   6  0  0
 7172 564   0   7  38   9  0  0
 7173 660   0  10   0   0  1  0
 7174 564   0  11  39  12  0  0
 7175 212   0   0   0   6  0  0
 7176 564   0   0   0   9  0  0
 7177 94089   0   0   0   0  0  0
 7178   0   0   0   0   0  0  3
 7179   0   0   0   0   0  0  1
 7180  10   0   0   0   0  0  2
 7181  75   0   0   0   0  0  0
 7182  25   0   0   0   1  0  0
 7183 262   1   0   0   2  0  0
 7184 763   0   5   4   3  0  0
 7185 212   2   0   0   6  0  0
 7186 564   0   7  40   9  0  0
 7187 660   0  10   0   0  1  0
 7188 564   0  11  41  12  0  0
 7189 212   2   0   0   6  0  0
 7190 564   0   7  42   9  0  0
 7191 660   0  10   0   0  1  0
 7192 564   0  11  43  12  0  0
 7193 212   0   0   0   6  0  0
 7194 564   0   0   0   9  0  0
 7195 94089   0   0   0   0  0  0
 7196   0   0   0   0   0  0  3
 7197   0   0   0   0   0  0  1
 7198  10   0   0   0   0  0  2
 7199  75   0   0   0   0  0  0
 7200  25   0   0   0   1  0  0
 7201 262   1   0   0   2  0  0
 7202 763   0   5  13   3  0  0
 7203 212   2   0   0   6  0  0
 7204 564   0   7  40   9  0  0
 7205 660   0  10   0   0  1  0
 7206 564   0  11  41  12  0  0
 7207 212   2   0   0   6  0  0
 7208 564   0   7  42   9  0  0
 7209 660   0  10   0   0  1  0
 7210 564   0  11  43  12  0  0
 7211 212   0   0   0   6  0  0
 7212 564   0   0   0   9  0  0
 7213 94089   0   0   0   0  0  0
 7214   0   0   0   0   0  0  3
 7215   0   0   0   0   0  0  1
 7216  10   0   0   0   0  0  2
 7217  75   0   0   0   0  0  0
 7218  25   0   0   0   1  0  0
 7219 262   1   0   0   2  0  0
 7220 763   0   5   4   3  0  0
 7221 212   2   0   0   6  0  0
 7222 564   0   7  44   9  0  0
 7223 660   0  10   0   0  1  0
 7224 564   0  11  45  12  0  0
 7225 212   2   0   0   6  0  0
 7226 564   0   7  46   9  0  0
 7227 660   0  10   0   0  1  0
 7228 564   0  11  47  12  0  0
 7229 212   0   0   0   6  0  0
 7230 564   0   0   0   9  0  0
 7231 94089   0   0   0   0  0  0
 7232   0   0   0   0   0  0  3
 7233   0   0   0   0   0  0  1
 7234  10   0   0   0   0  0  2
 7235  75   0   0   0   0  0  0
 7236  25   0   0   0   1  0  0
 7237 262   1   0   0   2  0  0
 7238 763   0   5  13   3  0  0
 7239 212   2   0   0   6  0  0
 7240 564   0   7  44   9  0  0
 7241 660   0  10   0   0  1  0
 7242 564   0  11  45  12  0  0
 7243 212   2   0   0   6  0  0
 7244 564   0   7  46   9  0  0
 7245 660   0  10   0   0  1  0
 7246 564   0  11  47  12  0  0
 7247 212   0   0   0   6  0  0
 7248 564   0   0   0   9  0  0
 7249 94089   0   0   0   0  0  0
 7250   0   0   0   0   0  0  3
 7251   0   0   0   0   0  0  1
 7252  10   0   0   0   0  0  2
 7253  75   0   0   0   0  0  0
 7254  25   0   0   0   1  0  0
 7255 262   1   0   0   2  0  0
 7256 763   0   5   4   3  0  0
 7257 212   2   0   0   6  0  0
 7258 564   0   7  48   9  0  0
 7259 660   0  10   0   0  1  0
 7260 564   0  11  49  12  0  0
 7261 212   2   0   0   6  0  0
 7262 564   0   7  50   9  0  0
 7263 660   0  10   0   0  1  0
 7264 564   0  11  51  12  0  0
 7265 212   0   0   0   6  0  0
 7266 564   0   0   0   9  0  0
 7267 94089   0   0   0   0  0  0
 7268   0   0   0   0   0  0  3
 7269   0   0   0   0   0  0  1
 7270  10   0   0   0   0  0  2
 7271  75   0   0   0   0  0  0
 7272  25   0   0   0   1  0  0
 7273 262   1   0   0   2  0  0
 7274 763   0   5  13   3  0  0
 7275 212   2   0   0   6  0  0
 7276 564   0   7  48   9  0  0
 7277 660   0  10   0   0  1  0
 7278 564   0  11  49  12  0  0
 7279 212   2   0   0   6  0  0
 7280 564   0   7  50   9  0  0
 7281 660   0  10   0   0  1  0
 7282 564   0  11  51  12  0  0
 7283 212   0   0   0   6  0  0
 7284 564   0   0   0   9  0  0
 7285 94089   0   0   0   0  0  0
 7286   0   0   0   0   0  0  3
 7287   0   0   0   0   0  0  1
 7288  10   0   0   0   0  0  2
 7289  75   0   0   0   0  0  0
 7290  25   0   0   0   1  0  0
 7291 262   1   0   0   2  0  0
 7292 763   0   5   4   3  0  0
 7293 212   2   0   0   6  0  0
 7294 564   0   7  52   9  0  0
 7295 660   0  10   0   0  1  0
 7296 564   0  11  53  12  0  0
 7297 212   2   0   0   6  0  0
 7298 564   0   7  54   9  0  0
 7299 660   0  10   0   0  1  0
 7300 564   0  11  55  12  0  0
 7301 212   0   0   0   6  0  0
 7302 564   0   0   0   9  0  0
 7303 94089   0   0   0   0  0  0
 7304   0   0   0   0   0  0  3
 7305   0   0   0   0   0  0  1
 7306  10   0   0   0   0  0  2
 7307  75   0   0   0   0  0  0
 7308  25   0   0   0   1  0  0
 7309 262   1   0   0   2  0  0
 7310 763   0   5  13   3  0  0
 7311 212   2   0   0   6  0  0
 7312 564   0   7  52   9  0  0
 7313 660   0  10   0   0  1  0
 7314 564   0  11  53  12  0  0
 7315 212   2   0   0   6  0  0
 7316 564   0   7  54   9  0  0
 7317 660   0  10   0   0  1  0
 7318 564   0  11  55  12  0  0
 7319 212   0   0   0   6  0  0
 7320 564   0   0   0   9  0  0
 7321 94089   0   0   0   0  0  0
 7322   0   0   0   0   0  0  3
 7323   0   0   0   0   0  0  1
 7324  10   0   0   0   0  0  2
 7325  75   0   0   0   0  0  0
 7326  25   0   0   0   1  0  0
 7327 262   1   0   0   2  0  0
 7328 763   0   5   4   3  0  0
 7329 212   2   0   0   6  0  0
 7330 564   0   7  56   9  0  0
 7331 660   0  10   0   0  1  0
 7332 564   0  11  57  12  0  0
 7333 212   2   0   0   6  0  0
 7334 564   0   7  58   9  0  0
 7335 660   0  10   0   0  1  0
 7336 564   0  11  59  12  0  0
 7337 212   0   0   0   6  0  0
 7338 564   0   0   0   9  0  0
 7339 94089   0   0   0   0  0  0
 7340   0   0   0   0   0  0  3
 7341   0   0   0   0   0  0  1
 7342  10   0   0   0   0  0  2
 7343  75   0   0   0   0  0  0
 7344  25   0   0   0   1  0  0
 7345 262   1   0   0   2  0  0
 7346 763   0   5  13   3  0  0
 7347 212   2   0   0   6  0  0
 7348 564   0   7  56   9  0  0
 7349 660   0  10   0   0  1  0
 7350 564   0  11  57  12  0  0
 7351 212   2   0   0   6  0  0
 7352 564   0   7  58   9  0  0
 7353 660   0  10   0   0  1  0
 7354 564   0  11  59  12  0  0
 7355 212   0   0   0   6  0  0
 7356 564   0   0   0   9  0  0
 7357 94089   0   0   0   0  0  0
 7358   0   0   0   0   0  0  3
 7359   0   0   0   0   0  0  1
 7360  10   0   0   0   0  0  2
 7361  75   0   0   0   0  0  0
 7362  25   0   0   0   1  0  0
 7363 262   1   0   0   2  0  0
 7364 763   0   5   4   3  0  0
 7365 212   2   0   0   6  0  0
 7366 564   0   7  60   9  0  0
 7367 660   0  10   0   0  1  0
 7368 564   0  11  61  12  0  0
 7369 212   2   0   0   6  0  0
 7370 564   0   7  62   9  0  0
 7371 660   0  10   0   0  1  0
 7372 564   0  11  63  12  0  0
 7373 212   0   0   0   6  0  0
 7374 564   0   0   0   9  0  0
 7375 94089   0   0   0   0  0  0
 7376   0   0   0   0   0  0  3
 7377   0   0   0   0   0  0  1
 7378  10   0   0   0   0  0  2
 7379  75   0   0   0   0  0  0
 7380  25   0   0   0   1  0  0
 7381 262   1   0   0   2  0  0
 7382 763   0   5  13   3  0  0
 7383 212   2   0   0   6  0  0
 7384 564   0   7  60   9  0  0
 7385 660   0  10   0   0  1  0
 7386 564   0  11  61  12  0  0
 7387 212   2   0   0   6  0  0
 7388 564   0   7  62   9  0  0
 7389 660   0  10   0   0  1  0
 7390 564   0  11  63  12  0  0
 7391 212   0   0   0   6  0  0
 7392 564   0   0   0   9  0  0
 7393 94089   0   0   0   0  0  0
 7394   0   0   0   0   0  0  3
 7395   0   0   0   0   0  0  1
 7396  10   0   0   0   0  0  2
 7397  75   0   0   0   0  0  0
 7398  25   0   0   0   1  0  0
 7399 262   1   0   0   2  0  0
 7400 763   0   5   4   3  0  0
 7401 212   2   0   0   6  0  0
 7402 564   0   7  64   9  0  0
 7403 660   0  10   0   0  1  0
 7404 564   0  11  65  12  0  0
 7405 212   2   0   0   6  0  0
 7406 564   0   7  66   9  0  0
 7407 660   0  10   0   0  1  0
 7408 564   0  11  67  12  0  0
 7409 212   0   0   0   6  0  0
 7410 564   0   0   0   9  0  0
 7411 94089   0   0   0   0  0  0
 7412   0   0   0   0   0  0  3
 7413   0   0   0   0   0  0  1
 7414  10   0   0   0   0  0  2
 7415  75   0   0   0   0  0  0
 7416  25   0   0   0   1  0  0
 7417 262   1   0   0   2  0  0
 7418 763   0   5  13   3  0  0
 7419 212   2   0   0   6  0  0
 7420 564   0   7  64   9  0  0
 7421 660   0  10   0   0  1  0
 7422 564   0  11  65  12  0  0
 7423 212   2   0   0   6  0  0
 7424 564   0   7  66   9  0  0
 7425 660   0  10   0   0  1  0
 7426 564   0  11  67  12  0  0
 7427 212   0   0   0   6  0  0
 7428 564   0   0   0   9  0  0
 7429 94089   0   0   0   0  0  0
 7430   0   0   0   0   0  0  3
 7431   0   0   0   0   0  0  1
 7432  10   0   0   0   0  0  2
 7433  75   0   0   0   0  0  0
 7434  25   0   0   0   1  0  0
 7435 262   1   0   0   2  0  0
 7436 763   0   5   4   3  0  0
 7437 212   2   0   0   6  0  0
 7438 564   0   7  68   9  0  0
 7439 660   0  10   0   0  1  0
 7440 564   0  11  69  12  0  0
 7441 212   2   0   0   6  0  0
 7442 564   0   7  70   9  0  0
 7443 660   0  10   0   0  1  0
 7444 564   0  11  71  12  0  0
 7445 212   0   0   0   6  0  0
 7446 564   0   0   0   9  0  0
 7447 94089   0   0   0   0  0  0
 7448   0   0   0   0   0  0  3
 7449   0   0   0   0   0  0  1
 7450  10   0   0   0   0  0  2
 7451  75   0   0   0   0  0  0
 7452  25   0   0   0   1  0  0
 7453 262   1   0   0   2  0  0
 7454 763   0   5  13   3  0  0
 7455 212   2   0   0   6  0  0
 7456 564   0   7  68   9  0  0
 7457 660   0  10   0   0  1  0
 7458 564   0  11  69  12  0  0
 7459 212   2   0   0   6  0  0
 7460 564   0   7  70   9  0  0
 7461 660   0  10   0   0  1  0
 7462 564   0  11  71  12  0  0
 7463 212   0   0   0   6  0  0
 7464 564   0   0   0   9  0  0
 7465 94089   0   0   0   0  0  0
 7466   0   0   0   0   0  0  3
 7467   0   0   0   0   0  0  1
 7468  10   0   0   0   0  0  2
 7469  75   0   0   0   0  0  0
 7470  25   0   0   0   1  0  0
 7471 262   1   0   0   2  0  0
 7472 763   0   5   4   3  0  0
 7473 212   2   0   0   6  0  0
 7474 564   0   7  72   9  0  0
 7475 660   0  10   0   0  1  0
 7476 564   0  11  73  12  0  0
 7477 212   2   0   0   6  0  0
 7478 564   0   7  74   9  0  0
 7479 660   0  10   0   0  1  0
 7480 564   0  11  75  12  0  0
 7481 212   0   0   0   6  0  0
 7482 564   0   0   0   9  0  0
 7483 94089   0   0   0   0  0  0
 7484   0   0   0   0   0  0  3
 7485   0   0   0   0   0  0  1
 7486  10   0   0   0   0  0  2
 7487  75   0   0   0   0  0  0
 7488  25   0   0   0   1  0  0
 7489 262   1   0   0   2  0  0
 7490 763   0   5  13   3  0  0
 7491 212   2   0   0   6  0  0
 7492 564   0   7  72   9  0  0
 7493 660   0  10   0   0  1  0
 7494 564   0  11  73  12  0  0
 7495 212   2   0   0   6  0  0
 7496 564   0   7  74   9  0  0
 7497 660   0  10   0   0  1  0
 7498 564   0  11  75  12  0  0
 7499 212   0   0   0   6  0  0
 7500 564   0   0   0   9  0  0
 7501 94089   0   0   0   0  0  0
 7502   0   0   0   0   0  0  3
 7503   0   0   0   0   0  0  1
 7504  10   0   0   0   0  0  2
 7505  75   0   0   0   0  0  0
 7506  25   0   0   0   1  0  0
 7507 262   1   0   0   2  0  0
 7508 763   0   5   4   3  0  0
 7509 212   2   0   0   6  0  0
 7510 564   0   7  76   9  0  0
 7511 660   0  10   0   0  1  0
 7512 564   0  11  77  12  0  0
 7513 212   2   0   0   6  0  0
 7514 564   0   7  78   9  0  0
 7515 660   0  10   0   0  1  0
 7516 564   0  11  79  12  0  0
 7517 212   0   0   0   6  0  0
 7518 564   0   0   0   9  0  0
 7519 94089   0   0   0   0  0  0
 7520   0   0   0   0   0  0  3
 7521   0   0   0   0   0  0  1
 7522  10   0   0   0   0  0  2
 7523  75   0   0   0   0  0  0
 7524  25   0   0   0   1  0  0
 7525 262   1   0   0   2  0  0
 7526 763   0   5  13   3  0  0
 7527 212   2   0   0   6  0  0
 7528 564   0   7  76   9  0  0
 7529 660   0  10   0   0  1  0
 7530 564   0  11  77  12  0  0
 7531 212   2   0   0   6  0  0
 7532 564   0   7  78   9  0  0
 7533 660   0  10   0   0  1  0
 7534 564   0  11  79  12  0  0
 7535 212   0   0   0   6  0  0
 7536 564   0   0   0   9  0  0
 7537 94089   0   0   0   0  0  0
 7538   0   0   0   0   0  0  3
 7539   0   0   0   0   0  0  1
 7540  10   0   0   0   0  0  2
 7541  75   0   0   0   0  0  0
 7542  25   0   0   0   1  0  0
 7543 262   1   0   0   2  0  0
 7544 763   0   5   4   3  0  0
 7545 212   2   0   0   6  0  0
 7546 564   0   7  80   9  0  0
 7547 660   0  10   0   0  1  0
 7548 564   0  11  81  12  0  0
 7549 212   2   0   0   6  0  0
 7550 564   0   7  82   9  0  0
 7551 660   0  10   0   0  1  0
 7552 564   0  11  83  12  0  0
 7553 212   0   0   0   6  0  0
 7554 564   0   0   0   9  0  0
 7555 94089   0   0   0   0  0  0
 7556   0   0   0   0   0  0  3
 7557   0   0   0   0   0  0  1
 7558  10   0   0   0   0  0  2
 7559  75   0   0   0   0  0  0
 7560  25   0   0   0   1  0  0
 7561 262   1   0   0   2  0  0
 7562 763   0   5  13   3  0  0
 7563 212   2   0   0   6  0  0
 7564 564   0   7  80   9  0  0
 7565 660   0  10   0   0  1  0
 7566 564   0  11  81  12  0  0
 7567 212   2   0   0   6  0  0
 7568 564   0   7  82   9  0  0
 7569 660   0  10   0   0  1  0
 7570 564   0  11  83  12  0  0
 7571 212   0   0   0   6  0  0
 7572 564   0   0   0   9  0  0
 7573 94089   0   0   0   0  0  0
 7574   0   0   0   0   0  0  3
 7575   0   0   0   0   0  0  1
 7576  10   0   0   0   0  0  2
 7577  75   0   0   0   0  0  0
 7578  25   0   0   0   1  0  0
 7579 262   1   0   0   2  0  0
 7580 763   0   5   4   3  0  0
 7581 212   2   0   0   6  0  0
 7582 564   0   7  84   9  0  0
 7583 660   0  10   0   0  1  0
 7584 564   0  11  85  12  0  0
 7585 212   2   0   0   6  0  0
 7586 564   0   7  86   9  0  0
 7587 660   0  10   0   0  1  0
 7588 564   0  11  87  12  0  0
 7589 212   0   0   0   6  0  0
 7590 564   0   0   0   9  0  0
 7591 94089   0   0   0   0  0  0
 7592   0   0   0   0   0  0  3
 7593   0   0   0   0   0  0  1
 7594  10   0   0   0   0  0  2
 7595  75   0   0   0   0  0  0
 7596  25   0   0   0   1  0  0
 7597 262   1   0   0   2  0  0
 7598 763   0   5  13   3  0  0
 7599 212   2   0   0   6  0  0
 7600 564   0   7  84   9  0  0
 7601 660   0  10   0   0  1  0
 7602 564   0  11  85  12  0  0
 7603 212   2   0   0   6  0  0
 7604 564   0   7  86   9  0  0
 7605 660   0  10   0   0  1  0
 7606 564   0  11  87  12  0  0
 7607 212   0   0   0   6  0  0
 7608 564   0   0   0   9  0  0
 7609 94089   0   0   0   0  0  0
 7610   0   0   0   0   0  0  3
 7611   0   0   0   0   0  0  1
 7612  10   0   0   0   0  0  2
 7613  75   0   0   0   0  0  0
 7614  25   0   0   0   1  0  0
 7615 262   1   0   0   2  0  0
 7616 763   0   5   4   3  0  0
 7617 212   2   0   0   6  0  0
 7618 564   0   7  88   9  0  0
 7619 660   0  10   0   0  1  0
 7620 564   0  11  89  12  0  0
 7621 212   2   0   0   6  0  0
 7622 564   0   7  90   9  0  0
 7623 660   0  10   0   0  1  0
 7624 564   0  11  91  12  0  0
 7625 212   0   0   0   6  0  0
 7626 564   0   0   0   9  0  0
 7627 94089   0   0   0   0  0  0
 7628   0   0   0   0   0  0  3
 7629   0   0   0   0   0  0  1
 7630  10   0   0   0   0  0  2
 7631  75   0   0   0   0  0  0
 7632  25   0   0   0   1  0  0
 7633 262   1   0   0   2  0  0
 7634 763   0   5  13   3  0  0
 7635 212   2   0   0   6  0  0
 7636 564   0   7  88   9  0  0
 7637 660   0  10   0   0  1  0
 7638 564   0  11  89  12  0  0
 7639 212   2   0   0   6  0  0
 7640 564   0   7  90   9  0  0
 7641 660   0  10   0   0  1  0
 7642 564   0  11  91  12  0  0
 7643 212   0   0   0   6  0  0
 7644 564   0   0   0   9  0  0
 7645 94089   0   0   0   0  0  0
 7646   0   0   0   0   0  0  3
 7647   0   0   0   0   0  0  1
 7648  10   0   0   0   0  0  2
 7649  75   0   0   0   0  0  0
 7650  25   0   0   0   1  0  0
 7651 262   1   0   0   2  0  0
 7652 763   0   5   4   3  0  0
 7653 212   2   0   0   6  0  0
 7654 564   0   7  92   9  0  0
 7655 660   0  10   0   0  1  0
 7656 564   0  11  93  12  0  0
 7657 212   2   0   0   6  0  0
 7658 564   0   7  94   9  0  0
 7659 660   0  10   0   0  1  0
 7660 564   0  11  95  12  0  0
 7661 212   0   0   0   6  0  0
 7662 564   0   0   0   9  0  0
 7663 94089   0   0   0   0  0  0
 7664   0   0   0   0   0  0  3
 7665   0   0   0   0   0  0  1
 7666  10   0   0   0   0  0  2
 7667  75   0   0   0   0  0  0
 7668  25   0   0   0   1  0  0
 7669 262   1   0   0   2  0  0
 7670 763   0   5  13   3  0  0
 7671 212   2   0   0   6  0  0
 7672 564   0   7  92   9  0  0
 7673 660   0  10   0   0  1  0
 7674 564   0  11  93  12  0  0
 7675 212   2   0   0   6  0  0
 7676 564   0   7  94   9  0  0
 7677 660   0  10   0   0  1  0
 7678 564   0  11  95  12  0  0
 7679 212   0   0   0   6  0  0
 7680 564   0   0   0   9  0  0
 7681 94089   0   0   0   0  0  0
 7682   0   0   0   0   0  0  3
 7683   0   0   0   0   0  0  1
 7684  10   0   0   0   0  0  2
 7685  75   0   0   0   0  0  0
 7686  25   0   0   0   1  0  0
 7687 262   1   0   0   2  0  0
 7688 763   0   5   4   3  0  0
 7689 212   2   0   0   6  0  0
 7690 564   0   7  96   9  0  0
 7691 660   0  10   0   0  1  0
 7692 564   0  11  97  12  0  0
 7693 212   2   0   0   6  0  0
 7694 564   0   7  98   9  0  0
 7695 660   0  10   0   0  1  0
 7696 564   0  11  99  12  0  0
 7697 212   0   0   0   6  0  0
 7698 564   0   0   0   9  0  0
 7699 94089   0   0   0   0  0  0
 7700   0   0   0   0   0  0  3
 7701   0   0   0   0   0  0  1
 7702  10   0   0   0   0  0  2
 7703  75   0   0   0   0  0  0
 7704  25   0   0   0   1  0  0
 7705 262   1   0   0   2  0  0
 7706 763   0   5  13   3  0  0
 7707 212   2   0   0   6  0  0
 7708 564   0   7  96   9  0  0
 7709 660   0  10   0   0  1  0
 7710 564   0  11  97  12  0  0
 7711 212   2   0   0   6  0  0
 7712 564   0   7  98   9  0  0
 7713 660   0  10   0   0  1  0
 7714 564   0  11  99  12  0  0
 7715 212   0   0   0   6  0  0
 7716 564   0   0   0   9  0  0
 7717 94089   0   0   0   0  0  0
 7718   0   0   0   0   0  0  3
 7719   0   0   0   0   0  0  1
 7720  10   0   0   0   0  0  2
 7721  75   0   0   0   0  0  0
 7722  25   0   0   0   1  0  0
 7723 262   1   0   0   2  0  0
 7724 763   0   5   4   3  0  0
 7725 212   2   0   0   6  0  0
 7726 564   0   7 100   9  0  0
 7727 660   0  10   0   0  1  0
 7728 564   0  11 101  12  0  0
 7729 212   2   0   0   6  0  0
 7730 564   0   7 102   9  0  0
 7731 660   0  10   0   0  1  0
 7732 564   0  11 103  12  0  0
 7733 212   0   0   0   6  0  0
 7734 564   0   0   0   9  0  0
 7735 94089   0   0   0   0  0  0
 7736   0   0   0   0   0  0  3
 7737   0   0   0   0   0  0  1
 7738  10   0   0   0   0  0  2
 7739  75   0   0   0   0  0  0
 7740  25   0   0   0   1  0  0
 7741 262   1   0   0   2  0  0
 7742 763   0   5  13   3  0  0
 7743 212   2   0   0   6  0  0
 7744 564   0   7 100   9  0  0
 7745 660   0  10   0   0  1  0
 7746 564   0  11 101  12  0  0
 7747 212   2   0   0   6  0  0
 7748 564   0   7 102   9  0  0
 7749 660   0  10   0   0  1  0
 7750 564   0  11 103  12  0  0
 7751 212   0   0   0   6  0  0
 7752 564   0   0   0   9  0  0
 7753 94089   0   0   0   0  0  0
 7754   0   0   0   0   0  0  3
 7755   0   0   0   0   0  0  1
 7756  10   0   0   0   0  0  2
 7757  75   0   0   0   0  0  0
 7758  25   0   0   0   1  0  0
 7759 262   1   0   0   2  0  0
 7760 763   0   5   4   3  0  0
 7761 212   2   0   0   6  0  0
 7762 564   0   7 104   9  0  0
 7763 660   0  10   0   0  1  0
 7764 564   0  11 105  12  0  0
 7765 212   2   0   0   6  0  0
 7766 564   0   7 106   9  0  0
 7767 660   0  10   0   0  1  0
 7768 564   0  11 107  12  0  0
 7769 212   0   0   0   6  0  0
 7770 564   0   0   0   9  0  0
 7771 94089   0   0   0   0  0  0
 7772   0   0   0   0   0  0  3
 7773   0   0   0   0   0  0  1
 7774  10   0   0   0   0  0  2
 7775  75   0   0   0   0  0  0
 7776  25   0   0   0   1  0  0
 7777 262   1   0   0   2  0  0
 7778 763   0   5  13   3  0  0
 7779 212   2   0   0   6  0  0
 7780 564   0   7 104   9  0  0
 7781 660   0  10   0   0  1  0
 7782 564   0  11 105  12  0  0
 7783 212   2   0   0   6  0  0
 7784 564   0   7 106   9  0  0
 7785 660   0  10   0   0  1  0
 7786 564   0  11 107  12  0  0
 7787 212   0   0   0   6  0  0
 7788 564   0   0   0   9  0  0
 7789 94089   0   0   0   0  0  0
 7790   0   0   0   0   0  0  3
 7791   0   0   0   0   0  0  1
 7792  10   0   0   0   0  0  2
 7793  75   0   0   0   0  0  0
 7794  25   0   0   0   1  0  0
 7795 262   1   0   0   2  0  0
 7796 763   0   5   4   3  0  0
 7797 212   2   0   0   6  0  0
 7798 564   0   7 108   9  0  0
 7799 660   0  10   0   0  1  0
 7800 564   0  11 109  12  0  0
 7801 212   2   0   0   6  0  0
 7802 564   0   7 110   9  0  0
 7803 660   0  10   0   0  1  0
 7804 564   0  11 111  12  0  0
 7805 212   0   0   0   6  0  0
 7806 564   0   0   0   9  0  0
 7807 94089   0   0   0   0  0  0
 7808   0   0   0   0   0  0  3
 7809   0   0   0   0   0  0  1
 7810  10   0   0   0   0  0  2
 7811  75   0   0   0   0  0  0
 7812  25   0   0   0   1  0  0
 7813 262   1   0   0   2  0  0
 7814 763   0   5  13   3  0  0
 7815 212   2   0   0   6  0  0
 7816 564   0   7 108   9  0  0
 7817 660   0  10   0   0  1  0
 7818 564   0  11 109  12  0  0
 7819 212   2   0   0   6  0  0
 7820 564   0   7 110   9  0  0
 7821 660   0  10   0   0  1  0
 7822 564   0  11 111  12  0  0
 7823 212   0   0   0   6  0  0
 7824 564   0   0   0   9  0  0
 7825 94089   0   0   0   0  0  0
 7826   0   0   0   0   0  0  3
 7827   0   0   0   0   0  0  1
 7828  10   0   0   0   0  0  2
 7829  75   0   0   0   0  0  0
 7830  25   0   0   0   1  0  0
 7831 262   1   0   0   2  0  0
 7832 763   0   5   4   3  0  0
 7833 212   2   0   0   6  0  0
 7834 564   0   7 112   9  0  0
 7835 660   0  10   0   0  1  0
 7836 564   0  11 113  12  0  0
 7837 212   2   0   0   6  0  0
 7838 564   0   7 114   9  0  0
 7839 660   0  10   0   0  1  0
 7840 564   0  11 115  12  0  0
 7841 212   0   0   0   6  0  0
 7842 564   0   0   0   9  0  0
 7843 94089   0   0   0   0  0  0
 7844   0   0   0   0   0  0  3
 7845   0   0   0   0   0  0  1
 7846  10   0   0   0   0  0  2
 7847  75   0   0   0   0  0  0
 7848  25   0   0   0   1  0  0
 7849 262   1   0   0   2  0  0
 7850 763   0   5  13   3  0  0
 7851 212   2   0   0   6  0  0
 7852 564   0   7 112   9  0  0
 7853 660   0  10   0   0  1  0
 7854 564   0  11 113  12  0  0
 7855 212   2   0   0   6  0  0
 7856 564   0   7 114   9  0  0
 7857 660   0  10   0   0  1  0
 7858 564   0  11 115  12  0  0
 7859 212   0   0   0   6  0  0
 7860 564   0   0   0   9  0  0
 7861 94089   0   0   0   0  0  0
 7862   0   0   0   0   0  0  3
 7863   0   0   0   0   0  0  1
 7864  10   0   0   0   0  0  2
 7865  75   0   0   0   0  0  0
 7866  25   0   0   0   1  0  0
 7867 262   1   0   0   2  0  0
 7868 763   0   5   4   3  0  0
 7869 212   2   0   0   6  0  0
 7870 564   0   7 116   9  0  0
 7871 660   0  10   0   0  1  0
 7872 564   0  11 117  12  0  0
 7873 212   2   0   0   6  0  0
 7874 564   0   7 118   9  0  0
 7875 660   0  10   0   0  1  0
 7876 564   0  11 119  12  0  0
 7877 212   0   0   0   6  0  0
 7878 564   0   0   0   9  0  0
 7879 94089   0   0   0   0  0  0
 7880   0   0   0   0   0  0  3
 7881   0   0   0   0   0  0  1
 7882  10   0   0   0   0  0  2
 7883  75   0   0   0   0  0  0
 7884  25   0   0   0   1  0  0
 7885 262   1   0   0   2  0  0
 7886 763   0   5  13   3  0  0
 7887 212   2   0   0   6  0  0
 7888 564   0   7 116   9  0  0
 7889 660   0  10   0   0  1  0
 7890 564   0  11 117  12  0  0
 7891 212   2   0   0   6  0  0
 7892 564   0   7 118   9  0  0
 7893 660   0  10   0   0  1  0
 7894 564   0  11 119  12  0  0
 7895 212   0   0   0   6  0  0
 7896 564   0   0   0   9  0  0
 7897 94089   0   0   0   0  0  0
 7898   0   0   0   0   0  0  3
 7899   0   0   0   0   0  0  1
 7900  10   0   0   0   0  0  2
 7901  75   0   0   0   0  0  0
 7902  25   0   0   0   1  0  0
 7903 262   1   0   0   2  0  0
 7904 763   0   5   4   3  0  0
 7905 212   2   0   0   6  0  0
 7906 564   0   7 120   9  0  0
 7907 660   0  10   0   0  1  0
 7908 564   0  11 121  12  0  0
 7909 212   2   0   0   6  0  0
 7910 564   0   7 122   9  0  0
 7911 660   0  10   0   0  1  0
 7912 564   0  11 123  12  0  0
 7913 212   0   0   0   6  0  0
 7914 564   0   0   0   9  0  0
 7915 94089   0   0   0   0  0  0
 7916   0   0   0   0   0  0  3
 7917   0   0   0   0   0  0  1
 7918  10   0   0   0   0  0  2
 7919  75   0   0   0   0  0  0
 7920  25   0   0   0   1  0  0
 7921 262   1   0   0   2  0  0
 7922 763   0   5  13   3  0  0
 7923 212   2   0   0   6  0  0
 7924 564   0   7 120   9  0  0
 7925 660   0  10   0   0  1  0
 7926 564   0  11 121  12  0  0
 7927 212   2   0   0   6  0  0
 7928 564   0   7 122   9  0  0
 7929 660   0  10   0   0  1  0
 7930 564   0  11 123  12  0  0
 7931 212   0   0   0   6  0  0
 7932 564   0   0   0   9  0  0
 7933 94089   0   0   0   0  0  0
 7934   0   0   0   0   0  0  3
 7935   0   0   0   0   0  0  1
 7936  10   0   0   0   0  0  2
 7937  75   0   0   0   0  0  0
 7938  25   0   0   0   1  0  0
 7939 262   1   0   0   2  0  0
 7940 763   0   5   4   3  0  0
 7941 212   2   0   0   6  0  0
 7942 564   0   7 124   9  0  0
 7943 660   0  10   0   0  1  0
 7944 564   0  11 125  12  0  0
 7945 212   2   0   0   6  0  0
 7946 564   0   7 126   9  0  0
 7947 660   0  10   0   0  1  0
 7948 564   0  11 127  12  0  0
 7949 212   0   0   0   6  0  0
 7950 564   0   0   0   9  0  0
 7951 94089   0   0   0   0  0  0
 7952   0   0   0   0   0  0  3
 7953   0   0   0   0   0  0  1
 7954  10   0   0   0   0  0  2
 7955  75   0   0   0   0  0  0
 7956  25   0   0   0   1  0  0
 7957 262   1   0   0   2  0  0
 7958 763   0   5  13   3  0  0
 7959 212   2   0   0   6  0  0
 7960 564   0   7 124   9  0  0
 7961 660   0  10   0   0  1  0
 7962 564   0  11 125  12  0  0
 7963 212   2   0   0   6  0  0
 7964 564   0   7 126   9  0  0
 7965 660   0  10   0   0  1  0
 7966 564   0  11 127  12  0  0
 7967 212   0   0   0   6  0  0
 7968 564   0   0   0   9  0  0
 7969 94089   0   0   0   0  0  0
 7970   0   0   0   0   0  0  3
 7971   0   0   0   0   0  0  1
 7972  10   0   0   0   0  0  2
 7973  75   0   0   0   0  0  0
 7974  25   0   0   0   1  0  0
 7975 262   1   0   0   2  0  0
 7976 763   0   5   4   3  0  0
 7977 212   2   0   0   6  0  0
 7978 564   0   7 128   9  0  0
 7979 660   0  10   0   0  1  0
 7980 564   0  11 129  12  0  0
 7981 212   2   0   0   6  0  0
 7982 564   0   7 130   9  0  0
 7983 660   0  10   0   0  1  0
 7984 564   0  11 131  12  0  0
 7985 212   0   0   0   6  0  0
 7986 564   0   0   0   9  0  0
 7987 94089   0   0   0   0  0  0
 7988   0   0   0   0   0  0  3
 7989   0   0   0   0   0  0  1
 7990  10   0   0   0   0  0  2
 7991  75   0   0   0   0  0  0
 7992  25   0   0   0   1  0  0
 7993 262   1   0   0   2  0  0
 7994 763   0   5  13   3  0  0
 7995 212   2   0   0   6  0  0
 7996 564   0   7 128   9  0  0
 7997 660   0  10   0   0  1  0
 7998 564   0  11 129  12  0  0
 7999 212   2   0   0   6  0  0
 8000 564   0   7 130   9  0  0
 8001 660   0  10   0   0  1  0
 8002 564   0  11 131  12  0  0
 8003 212   0   0   0   6  0  0
 8004 564   0   0   0   9  0  0
 8005 94089   0   0   0   0  0  0
 8006   0   0   0   0   0  0  3
 8007   0   0   0   0   0  0  1
 8008  10   0   0   0   0  0  2
 8009  75   0   0   0   0  0  0
 8010  25   0   0   0   1  0  0
 8011 262   1   0   0   2  0  0
 8012 763   0   5   4   3  0  0
 8013 212   2   0   0   6  0  0
 8014 564   0   7 132   9  0  0
 8015 660   0  10   0   0  1  0
 8016 564   0  11 133  12  0  0
 8017 212   2   0   0   6  0  0
 8018 564   0   7 134   9  0  0
 8019 660   0  10   0   0  1  0
 8020 564   0  11 135  12  0  0
 8021 212   0   0   0   6  0  0
 8022 564   0   0   0   9  0  0
 8023 94089   0   0   0   0  0  0
 8024   0   0   0   0   0  0  3
 8025   0   0   0   0   0  0  1
 8026  10   0   0   0   0  0  2
 8027  75   0   0   0   0  0  0
 8028  25   0   0   0   1  0  0
 8029 262   1   0   0   2  0  0
 8030 763   0   5  13   3  0  0
 8031 212   2   0   0   6  0  0
 8032 564   0   7 132   9  0  0
 8033 660   0  10   0   0  1  0
 8034 564   0  11 133  12  0  0
 8035 212   2   0   0   6  0  0
 8036 564   0   7 134   9  0  0
 8037 660   0  10   0   0  1  0
 8038 564   0  11 135  12  0  0
 8039 212   0   0   0   6  0  0
 8040 564   0   0   0   9  0  0
 8041 94089   0   0   0   0  0  0
 8042   0   0   0   0   0  0  3
 8043   0   0   0   0   0  0  1
 8044  10   0   0   0   0  0  2
 8045  75   0   0   0   0  0  0
 8046  25   0   0   0   1  0  0
 8047 262   1   0   0   2  0  0
 8048 763   0   5   4   3  0  0
 8049 212   2   0   0   6  0  0
 8050 564   0   7 136   9  0  0
 8051 660   0  10   0   0  1  0
 8052 564   0  11 137  12  0  0
 8053 212   2   0   0   6  0  0
 8054 564   0   7 138   9  0  0
 8055 660   0  10   0   0  1  0
 8056 564   0  11 139  12  0  0
 8057 212   0   0   0   6  0  0
 8058 564   0   0   0   9  0  0
 8059 94089   0   0   0   0  0  0
 8060   0   0   0   0   0  0  3
 8061   0   0   0   0   0  0  1
 8062  10   0   0   0   0  0  2
 8063  75   0   0   0   0  0  0
 8064  25   0   0   0   1  0  0
 8065 262   1   0   0   2  0  0
 8066 763   0   5  13   3  0  0
 8067 212   2   0   0   6  0  0
 8068 564   0   7 136   9  0  0
 8069 660   0  10   0   0  1  0
 8070 564   0  11 137  12  0  0
 8071 212   2   0   0   6  0  0
 8072 564   0   7 138   9  0  0
 8073 660   0  10   0   0  1  0
 8074 564   0  11 139  12  0  0
 8075 212   0   0   0   6  0  0
 8076 564   0   0   0   9  0  0
 8077 94089   0   0   0   0  0  0
 8078   0   0   0   0   0  0  3
 8079   0   0   0   0   0  0  1
 8080  10   0   0   0   0  0  2
 8081  75   0   0   0   0  0  0
 8082  25   0   0   0   1  0  0
 8083 262   1   0   0   2  0  0
 8084 763   0   5   4   3  0  0
 8085 212   2   0   0   6  0  0
 8086 564   0   7   8   9  0  0
 8087 660   0  10   0   0  1  0
 8088 564   0  11   8  12  0  0
 8089 212   2   0   0   6  0  0
 8090 564   0   7 140   9  0  0
 8091 660   0  10   0   0  1  0
 8092 564   0  11 141  12  0  0
 8093 212   0   0   0   6  0  0
 8094 564   0   0   0   9  0  0
 8095 94089   0   0   0   0  0  0
 8096   0   0   0   0   0  0  3
 8097   0   0   0   0   0  0  1
 8098  10   0   0   0   0  0  2
 8099  75   0   0   0   0  0  0
 8100  25   0   0   0   1  0  0
 8101 262   1   0   0   2  0  0
 8102 763   0   5  13   3  0  0
 8103 212   2   0   0   6  0  0
 8104 564   0   7   8   9  0  0
 8105 660   0  10   0   0  1  0
 8106 564   0  11   8  12  0  0
 8107 212   2   0   0   6  0  0
 8108 564   0   7 140   9  0  0
 8109 660   0  10   0   0  1  0
 8110 564   0  11 141  12  0  0
 8111 212   0   0   0   6  0  0
 8112 564   0   0   0   9  0  0
 8113 94089   0   0   0   0  0  0
 8114   0   0   0   0   0  0  3
 8115   0   0   0   0   0  0  1
 8116  10   0   0   0   0  0  2
 8117  75   0   0   0   0  0  0
 8118  25   0   0   0   1  0  0
 8119 262   1   0   0   2  0  0
 8120 763   0   5   4   3  0  0
 8121 212   2   0   0   6  0  0
 8122 564   0   7 137   9  0  0
 8123 660   0  10   0   0  1  0
 8124 564   0  11 136  12  0  0
 8125 212   2   0   0   6  0  0
 8126 564   0   7 139   9  0  0
 8127 660   0  10   0   0  1  0
 8128 564   0  11 138  12  0  0
 8129 212   0   0   0   6  0  0
 8130 564   0   0   0   9  0  0
 8131 94089   0   0   0   0  0  0
 8132   0   0   0   0   0  0  3
 8133   0   0   0   0   0  0  1
 8134  10   0   0   0   0  0  2
 8135  75   0   0   0   0  0  0
 8136  25   0   0   0   1  0  0
 8137 262   1   0   0   2  0  0
 8138 763   0   5  13   3  0  0
 8139 212   2   0   0   6  0  0
 8140 564   0   7 137   9  0  0
 8141 660   0  10   0   0  1  0
 8142 564   0  11 136  12  0  0
 8143 212   2   0   0   6  0  0
 8144 564   0   7 139   9  0  0
 8145 660   0  10   0   0  1  0
 8146 564   0  11 138  12  0  0
 8147 212   0   0   0   6  0  0
 8148 564   0   0   0   9  0  0
 8149 94089   0   0   0   0  0  0
 8150   0   0   0   0   0  0  3
 8151   0   0   0   0   0  0  1
 8152  10   0   0   0   0  0  2
 8153  75   0   0   0   0  0  0
 8154  25   0   0   0   1  0  0
 8155 262   1   0   0   2  0  0
 8156 763   0   5   4   3  0  0
 8157 212   2   0   0   6  0  0
 8158 564   0   7 133   9  0  0
 8159 660   0  10   0   0  1  0
 8160 564   0  11 132  12  0  0
 8161 212   2   0   0   6  0  0
 8162 564   0   7 135   9  0  0
 8163 660   0  10   0   0  1  0
 8164 564   0  11 134  12  0  0
 8165 212   0   0   0   6  0  0
 8166 564   0   0   0   9  0  0
 8167 94089   0   0   0   0  0  0
 8168   0   0   0   0   0  0  3
 8169   0   0   0   0   0  0  1
 8170  10   0   0   0   0  0  2
 8171  75   0   0   0   0  0  0
 8172  25   0   0   0   1  0  0
 8173 262   1   0   0   2  0  0
 8174 763   0   5  13   3  0  0
 8175 212   2   0   0   6  0  0
 8176 564   0   7 133   9  0  0
 8177 660   0  10   0   0  1  0
 8178 564   0  11 132  12  0  0
 8179 212   2   0   0   6  0  0
 8180 564   0   7 135   9  0  0
 8181 660   0  10   0   0  1  0
 8182 564   0  11 134  12  0  0
 8183 212   0   0   0   6  0  0
 8184 564   0   0   0   9  0  0
 8185 94089   0   0   0   0  0  0
 8186   0   0   0   0   0  0  3
 8187   0   0   0   0   0  0  1
 8188  10   0   0   0   0  0  2
 8189  75   0   0   0   0  0  0
 8190  25   0   0   0   1  0  0
 8191 262   1   0   0   2  0  0
 8192 763   0   5   4   3  0  0
 8193 212   2   0   0   6  0  0
 8194 564   0   7 129   9  0  0
 8195 660   0  10   0   0  1  0
 8196 564   0  11 128  12  0  0
 8197 212   2   0   0   6  0  0
 8198 564   0   7 131   9  0  0
 8199 660   0  10   0   0  1  0
 8200 564   0  11 130  12  0  0
 8201 212   0   0   0   6  0  0
 8202 564   0   0   0   9  0  0
 8203 94089   0   0   0   0  0  0
 8204   0   0   0   0   0  0  3
 8205   0   0   0   0   0  0  1
 8206  10   0   0   0   0  0  2
 8207  75   0   0   0   0  0  0
 8208  25   0   0   0   1  0  0
 8209 262   1   0   0   2  0  0
 8210 763   0   5  13   3  0  0
 8211 212   2   0   0   6  0  0
 8212 564   0   7 129   9  0  0
 8213 660   0  10   0   0  1  0
 8214 564   0  11 128  12  0  0
 8215 212   2   0   0   6  0  0
 8216 564   0   7 131   9  0  0
 8217 660   0  10   0   0  1  0
 8218 564   0  11 130  12  0  0
 8219 212   0   0   0   6  0  0
 8220 564   0   0   0   9  0  0
 8221 94089   0   0   0   0  0  0
 8222   0   0   0   0   0  0  3
 8223   0   0   0   0   0  0  1
 8224  10   0   0   0   0  0  2
 8225  75   0   0   0   0  0  0
 8226  25   0   0   0   1  0  0
 8227 262   1   0   0   2  0  0
 8228 763   0   5   4   3  0  0
 8229 212   2   0   0   6  0  0
 8230 564   0   7 125   9  0  0
 8231 660   0  10   0   0  1  0
 8232 564   0  11 124  12  0  0
 8233 212   2   0   0   6  0  0
 8234 564   0   7 127   9  0  0
 8235 660   0  10   0   0  1  0
 8236 564   0  11 126  12  0  0
 8237 212   0   0   0   6  0  0
 8238 564   0   0   0   9  0  0
 8239 94089   0   0   0   0  0  0
 8240   0   0   0   0   0  0  3
 8241   0   0   0   0   0  0  1
 8242  10   0   0   0   0  0  2
 8243  75   0   0   0   0  0  0
 8244  25   0   0   0   1  0  0
 8245 262   1   0   0   2  0  0
 8246 763   0   5  13   3  0  0
 8247 212   2   0   0   6  0  0
 8248 564   0   7 125   9  0  0
 8249 660   0  10   0   0  1  0
 8250 564   0  11 124  12  0  0
 8251 212   2   0   0   6  0  0
 8252 564   0   7 127   9  0  0
 8253 660   0  10   0   0  1  0
 8254 564   0  11 126  12  0  0
 8255 212   0   0   0   6  0  0
 8256 564   0   0   0   9  0  0
 8257 94089   0   0   0   0  0  0
 8258   0   0   0   0   0  0  3
 8259   0   0   0   0   0  0  1
 8260  10   0   0   0   0  0  2
 8261  75   0   0   0   0  0  0
 8262  25   0   0   0   1  0  0
 8263 262   1   0   0   2  0  0
 8264 763   0   5   4   3  0  0
 8265 212   2   0   0   6  0  0
 8266 564   0   7 121   9  0  0
 8267 660   0  10   0   0  1  0
 8268 564   0  11 120  12  0  0
 8269 212   2   0   0   6  0  0
 8270 564   0   7 123   9  0  0
 8271 660   0  10   0   0  1  0
 8272 564   0  11 122  12  0  0
 8273 212   0   0   0   6  0  0
 8274 564   0   0   0   9  0  0
 8275 94089   0   0   0   0  0  0
 8276   0   0   0   0   0  0  3
 8277   0   0   0   0   0  0  1
 8278  10   0   0   0   0  0  2
 8279  75   0   0   0   0  0  0
 8280  25   0   0   0   1  0  0
 8281 262   1   0   0   2  0  0
 8282 763   0   5  13   3  0  0
 8283 212   2   0   0   6  0  0
 8284 564   0   7 121   9  0  0
 8285 660   0  10   0   0  1  0
 8286 564   0  11 120  12  0  0
 8287 212   2   0   0   6  0  0
 8288 564   0   7 123   9  0  0
 8289 660   0  10   0   0  1  0
 8290 564   0  11 122  12  0  0
 8291 212   0   0   0   6  0  0
 8292 564   0   0   0   9  0  0
 8293 94089   0   0   0   0  0  0
 8294   0   0   0   0   0  0  3
 8295   0   0   0   0   0  0  1
 8296  10   0   0   0   0  0  2
 8297  75   0   0   0   0  0  0
 8298  25   0   0   0   1  0  0
 8299 262   1   0   0   2  0  0
 8300 763   0   5   4   3  0  0
 8301 212   2   0   0   6  0  0
 8302 564   0   7 117   9  0  0
 8303 660   0  10   0   0  1  0
 8304 564   0  11 116  12  0  0
 8305 212   2   0   0   6  0  0
 8306 564   0   7 119   9  0  0
 8307 660   0  10   0   0  1  0
 8308 564   0  11 118  12  0  0
 8309 212   0   0   0   6  0  0
 8310 564   0   0   0   9  0  0
 8311 94089   0   0   0   0  0  0
 8312   0   0   0   0   0  0  3
 8313   0   0   0   0   0  0  1
 8314  10   0   0   0   0  0  2
 8315  75   0   0   0   0  0  0
 8316  25   0   0   0   1  0  0
 8317 262   1   0   0   2  0  0
 8318 763   0   5  13   3  0  0
 8319 212   2   0   0   6  0  0
 8320 564   0   7 117   9  0  0
 8321 660   0  10   0   0  1  0
 8322 564   0  11 116  12  0  0
 8323 212   2   0   0   6  0  0
 8324 564   0   7 119   9  0  0
 8325 660   0  10   0   0  1  0
 8326 564   0  11 118  12  0  0
 8327 212   0   0   0   6  0  0
 8328 564   0   0   0   9  0  0
 8329 94089   0   0   0   0  0  0
 8330   0   0   0   0   0  0  3
 8331   0   0   0   0   0  0  1
 8332  10   0   0   0   0  0  2
 8333  75   0   0   0   0  0  0
 8334  25   0   0   0   1  0  0
 8335 262   1   0   0   2  0  0
 8336 763   0   5   4   3  0  0
 8337 212   2   0   0   6  0  0
 8338 564   0   7 113   9  0  0
 8339 660   0  10   0   0  1  0
 8340 564   0  11 112  12  0  0
 8341 212   2   0   0   6  0  0
 8342 564   0   7 115   9  0  0
 8343 660   0  10   0   0  1  0
 8344 564   0  11 114  12  0  0
 8345 212   0   0   0   6  0  0
 8346 564   0   0   0   9  0  0
 8347 94089   0   0   0   0  0  0
 8348   0   0   0   0   0  0  3
 8349   0   0   0   0   0  0  1
 8350  10   0   0   0   0  0  2
 8351  75   0   0   0   0  0  0
 8352  25   0   0   0   1  0  0
 8353 262   1   0   0   2  0  0
 8354 763   0   5  13   3  0  0
 8355 212   2   0   0   6  0  0
 8356 564   0   7 113   9  0  0
 8357 660   0  10   0   0  1  0
 8358 564   0  11 112  12  0  0
 8359 212   2   0   0   6  0  0
 8360 564   0   7 115   9  0  0
 8361 660   0  10   0   0  1  0
 8362 564   0  11 114  12  0  0
 8363 212   0   0   0   6  0  0
 8364 564   0   0   0   9  0  0
 8365 94089   0   0   0   0  0  0
 8366   0   0   0   0   0  0  3
 8367   0   0   0   0   0  0  1
 8368  10   0   0   0   0  0  2
 8369  75   0   0   0   0  0  0
 8370  25   0   0   0   1  0  0
 8371 262   1   0   0   2  0  0
 8372 763   0   5   4   3  0  0
 8373 212   2   0   0   6  0  0
 8374 564   0   7 109   9  0  0
 8375 660   0  10   0   0  1  0
 8376 564   0  11 108  12  0  0
 8377 212   2   0   0   6  0  0
 8378 564   0   7 111   9  0  0
 8379 660   0  10   0   0  1  0
 8380 564   0  11 110  12  0  0
 8381 212   0   0   0   6  0  0
 8382 564   0   0   0   9  0  0
 8383 94089   0   0   0   0  0  0
 8384   0   0   0   0   0  0  3
 8385   0   0   0   0   0  0  1
 8386  10   0   0   0   0  0  2
 8387  75   0   0   0   0  0  0
 8388  25   0   0   0   1  0  0
 8389 262   1   0   0   2  0  0
 8390 763   0   5  13   3  0  0
 8391 212   2   0   0   6  0  0
 8392 564   0   7 109   9  0  0
 8393 660   0  10   0   0  1  0
 8394 564   0  11 108  12  0  0
 8395 212   2   0   0   6  0  0
 8396 564   0   7 111   9  0  0
 8397 660   0  10   0   0  1  0
 8398 564   0  11 110  12  0  0
 8399 212   0   0   0   6  0  0
 8400 564   0   0   0   9  0  0
 8401 94089   0   0   0   0  0  0
 8402   0   0   0   0   0  0  3
 8403   0   0   0   0   0  0  1
 8404  10   0   0   0   0  0  2
 8405  75   0   0   0   0  0  0
 8406  25   0   0   0   1  0  0
 8407 262   1   0   0   2  0  0
 8408 763   0   5   4   3  0  0
 8409 212   2   0   0   6  0  0
 8410 564   0   7 105   9  0  0
 8411 660   0  10   0   0  1  0
 8412 564   0  11 104  12  0  0
 8413 212   2   0   0   6  0  0
 8414 564   0   7 107   9  0  0
 8415 660   0  10   0   0  1  0
 8416 564   0  11 106  12  0  0
 8417 212   0   0   0   6  0  0
 8418 564   0   0   0   9  0  0
 8419 94089   0   0   0   0  0  0
 8420   0   0   0   0   0  0  3
 8421   0   0   0   0   0  0  1
 8422  10   0   0   0   0  0  2
 8423  75   0   0   0   0  0  0
 8424  25   0   0   0   1  0  0
 8425 262   1   0   0   2  0  0
 8426 763   0   5  13   3  0  0
 8427 212   2   0   0   6  0  0
 8428 564   0   7 105   9  0  0
 8429 660   0  10   0   0  1  0
 8430 564   0  11 104  12  0  0
 8431 212   2   0   0   6  0  0
 8432 564   0   7 107   9  0  0
 8433 660   0  10   0   0  1  0
 8434 564   0  11 106  12  0  0
 8435 212   0   0   0   6  0  0
 8436 564   0   0   0   9  0  0
 8437 94089   0   0   0   0  0  0
 8438   0   0   0   0   0  0  3
 8439   0   0   0   0   0  0  1
 8440  10   0   0   0   0  0  2
 8441  75   0   0   0   0  0  0
 8442  25   0   0   0   1  0  0
 8443 262   1   0   0   2  0  0
 8444 763   0   5   4   3  0  0
 8445 212   2   0   0   6  0  0
 8446 564   0   7 101   9  0  0
 8447 660   0  10   0   0  1  0
 8448 564   0  11 100  12  0  0
 8449 212   2   0   0   6  0  0
 8450 564   0   7 103   9  0  0
 8451 660   0  10   0   0  1  0
 8452 564   0  11 102  12  0  0
 8453 212   0   0   0   6  0  0
 8454 564   0   0   0   9  0  0
 8455 94089   0   0   0   0  0  0
 8456   0   0   0   0   0  0  3
 8457   0   0   0   0   0  0  1
 8458  10   0   0   0   0  0  2
 8459  75   0   0   0   0  0  0
 8460  25   0   0   0   1  0  0
 8461 262   1   0   0   2  0  0
 8462 763   0   5  13   3  0  0
 8463 212   2   0   0   6  0  0
 8464 564   0   7 101   9  0  0
 8465 660   0  10   0   0  1  0
 8466 564   0  11 100  12  0  0
 8467 212   2   0   0   6  0  0
 8468 564   0   7 103   9  0  0
 8469 660   0  10   0   0  1  0
 8470 564   0  11 102  12  0  0
 8471 212   0   0   0   6  0  0
 8472 564   0   0   0   9  0  0
 8473 94089   0   0   0   0  0  0
 8474   0   0   0   0   0  0  3
 8475   0   0   0   0   0  0  1
 8476  10   0   0   0   0  0  2
 8477  75   0   0   0   0  0  0
 8478  25   0   0   0   1  0  0
 8479 262   1   0   0   2  0  0
 8480 763   0   5   4   3  0  0
 8481 212   2   0   0   6  0  0
 8482 564   0   7  97   9  0  0
 8483 660   0  10   0   0  1  0
 8484 564   0  11  96  12  0  0
 8485 212   2   0   0   6  0  0
 8486 564   0   7  99   9  0  0
 8487 660   0  10   0   0  1  0
 8488 564   0  11  98  12  0  0
 8489 212   0   0   0   6  0  0
 8490 564   0   0   0   9  0  0
 8491 94089   0   0   0   0  0  0
 8492   0   0   0   0   0  0  3
 8493   0   0   0   0   0  0  1
 8494  10   0   0   0   0  0  2
 8495  75   0   0   0   0  0  0
 8496  25   0   0   0   1  0  0
 8497 262   1   0   0   2  0  0
 8498 763   0   5  13   3  0  0
 8499 212   2   0   0   6  0  0
 8500 564   0   7  97   9  0  0
 8501 660   0  10   0   0  1  0
 8502 564   0  11  96  12  0  0
 8503 212   2   0   0   6  0  0
 8504 564   0   7  99   9  0  0
 8505 660   0  10   0   0  1  0
 8506 564   0  11  98  12  0  0
 8507 212   0   0   0   6  0  0
 8508 564   0   0   0   9  0  0
 8509 94089   0   0   0   0  0  0
 8510   0   0   0   0   0  0  3
 8511   0   0   0   0   0  0  1
 8512  10   0   0   0   0  0  2
 8513  75   0   0   0   0  0  0
 8514  25   0   0   0   1  0  0
 8515 262   1   0   0   2  0  0
 8516 763   0   5   4   3  0  0
 8517 212   2   0   0   6  0  0
 8518 564   0   7  93   9  0  0
 8519 660   0  10   0   0  1  0
 8520 564   0  11  92  12  0  0
 8521 212   2   0   0   6  0  0
 8522 564   0   7  95   9  0  0
 8523 660   0  10   0   0  1  0
 8524 564   0  11  94  12  0  0
 8525 212   0   0   0   6  0  0
 8526 564   0   0   0   9  0  0
 8527 94089   0   0   0   0  0  0
 8528   0   0   0   0   0  0  3
 8529   0   0   0   0   0  0  1
 8530  10   0   0   0   0  0  2
 8531  75   0   0   0   0  0  0
 8532  25   0   0   0   1  0  0
 8533 262   1   0   0   2  0  0
 8534 763   0   5  13   3  0  0
 8535 212   2   0   0   6  0  0
 8536 564   0   7  93   9  0  0
 8537 660   0  10   0   0  1  0
 8538 564   0  11  92  12  0  0
 8539 212   2   0   0   6  0  0
 8540 564   0   7  95   9  0  0
 8541 660   0  10   0   0  1  0
 8542 564   0  11  94  12  0  0
 8543 212   0   0   0   6  0  0
 8544 564   0   0   0   9  0  0
 8545 94089   0   0   0   0  0  0
 8546   0   0   0   0   0  0  3
 8547   0   0   0   0   0  0  1
 8548  10   0   0   0   0  0  2
 8549  75   0   0   0   0  0  0
 8550  25   0   0   0   1  0  0
 8551 262   1   0   0   2  0  0
 8552 763   0   5   4   3  0  0
 8553 212   2   0   0   6  0  0
 8554 564   0   7  89   9  0  0
 8555 660   0  10   0   0  1  0
 8556 564   0  11  88  12  0  0
 8557 212   2   0   0   6  0  0
 8558 564   0   7  91   9  0  0
 8559 660   0  10   0   0  1  0
 8560 564   0  11  90  12  0  0
 8561 212   0   0   0   6  0  0
 8562 564   0   0   0   9  0  0
 8563 94089   0   0   0   0  0  0
 8564   0   0   0   0   0  0  3
 8565   0   0   0   0   0  0  1
 8566  10   0   0   0   0  0  2
 8567  75   0   0   0   0  0  0
 8568  25   0   0   0   1  0  0
 8569 262   1   0   0   2  0  0
 8570 763   0   5  13   3  0  0
 8571 212   2   0   0   6  0  0
 8572 564   0   7  89   9  0  0
 8573 660   0  10   0   0  1  0
 8574 564   0  11  88  12  0  0
 8575 212   2   0   0   6  0  0
 8576 564   0   7  91   9  0  0
 8577 660   0  10   0   0  1  0
 8578 564   0  11  90  12  0  0
 8579 212   0   0   0   6  0  0
 8580 564   0   0   0   9  0  0
 8581 94089   0   0   0   0  0  0
 8582   0   0   0   0   0  0  3
 8583   0   0   0   0   0  0  1
 8584  10   0   0   0   0  0  2
 8585  75   0   0   0   0  0  0
 8586  25   0   0   0   1  0  0
 8587 262   1   0   0   2  0  0
 8588 763   0   5   4   3  0  0
 8589 212   2   0   0   6  0  0
 8590 564   0   7  85   9  0  0
 8591 660   0  10   0   0  1  0
 8592 564   0  11  84  12  0  0
 8593 212   2   0   0   6  0  0
 8594 564   0   7  87   9  0  0
 8595 660   0  10   0   0  1  0
 8596 564   0  11  86  12  0  0
 8597 212   0   0   0   6  0  0
 8598 564   0   0   0   9  0  0
 8599 94089   0   0   0   0  0  0
 8600   0   0   0   0   0  0  3
 8601   0   0   0   0   0  0  1
 8602  10   0   0   0   0  0  2
 8603  75   0   0   0   0  0  0
 8604  25   0   0   0   1  0  0
 8605 262   1   0   0   2  0  0
 8606 763   0   5  13   3  0  0
 8607 212   2   0   0   6  0  0
 8608 564   0   7  85   9  0  0
 8609 660   0  10   0   0  1  0
 8610 564   0  11  84  12  0  0
 8611 212   2   0   0   6  0  0
 8612 564   0   7  87   9  0  0
 8613 660   0  10   0   0  1  0
 8614 564   0  11  86  12  0  0
 8615 212   0   0   0   6  0  0
 8616 564   0   0   0   9  0  0
 8617 94089   0   0   0   0  0  0
 8618   0   0   0   0   0  0  3
 8619   0   0   0   0   0  0  1
 8620  10   0   0   0   0  0  2
 8621  75   0   0   0   0  0  0
 8622  25   0   0   0   1  0  0
 8623 262   1   0   0   2  0  0
 8624 763   0   5   4   3  0  0
 8625 212   2   0   0   6  0  0
 8626 564   0   7  81   9  0  0
 8627 660   0  10   0   0  1  0
 8628 564   0  11  80  12  0  0
 8629 212   2   0   0   6  0  0
 8630 564   0   7  83   9  0  0
 8631 660   0  10   0   0  1  0
 8632 564   0  11  82  12  0  0
 8633 212   0   0   0   6  0  0
 8634 564   0   0   0   9  0  0
 8635 94089   0   0   0   0  0  0
 8636   0   0   0   0   0  0  3
 8637   0   0   0   0   0  0  1
 8638  10   0   0   0   0  0  2
 8639  75   0   0   0   0  0  0
 8640  25   0   0   0   1  0  0
 8641 262   1   0   0   2  0  0
 8642 763   0   5  13   3  0  0
 8643 212   2   0   0   6  0  0
 8644 564   0   7  81   9  0  0
 8645 660   0  10   0   0  1  0
 8646 564   0  11  80  12  0  0
 8647 212   2   0   0   6  0  0
 8648 564   0   7  83   9  0  0
 8649 660   0  10   0   0  1  0
 8650 564   0  11  82  12  0  0
 8651 212   0   0   0   6  0  0
 8652 564   0   0   0   9  0  0
 8653 94089   0   0   0   0  0  0
 8654   0   0   0   0   0  0  3
 8655   0   0   0   0   0  0  1
 8656  10   0   0   0   0  0  2
 8657  75   0   0   0   0  0  0
 8658  25   0   0   0   1  0  0
 8659 262   1   0   0   2  0  0
 8660 763   0   5   4   3  0  0
 8661 212   2   0   0   6  0  0
 8662 564   0   7  77   9  0  0
 8663 660   0  10   0   0  1  0
 8664 564   0  11  76  12  0  0
 8665 212   2   0   0   6  0  0
 8666 564   0   7  79   9  0  0
 8667 660   0  10   0   0  1  0
 8668 564   0  11  78  12  0  0
 8669 212   0   0   0   6  0  0
 8670 564   0   0   0   9  0  0
 8671 94089   0   0   0   0  0  0
 8672   0   0   0   0   0  0  3
 8673   0   0   0   0   0  0  1
 8674  10   0   0   0   0  0  2
 8675  75   0   0   0   0  0  0
 8676  25   0   0   0   1  0  0
 8677 262   1   0   0   2  0  0
 8678 763   0   5  13   3  0  0
 8679 212   2   0   0   6  0  0
 8680 564   0   7  77   9  0  0
 8681 660   0  10   0   0  1  0
 8682 564   0  11  76  12  0  0
 8683 212   2   0   0   6  0  0
 8684 564   0   7  79   9  0  0
 8685 660   0  10   0   0  1  0
 8686 564   0  11  78  12  0  0
 8687 212   0   0   0   6  0  0
 8688 564   0   0   0   9  0  0
 8689 94089   0   0   0   0  0  0
 8690   0   0   0   0   0  0  3
 8691   0   0   0   0   0  0  1
 8692  10   0   0   0   0  0  2
 8693  75   0   0   0   0  0  0
 8694  25   0   0   0   1  0  0
 8695 262   1   0   0   2  0  0
 8696 763   0   5   4   3  0  0
 8697 212   2   0   0   6  0  0
 8698 564   0   7  73   9  0  0
 8699 660   0  10   0   0  1  0
 8700 564   0  11  72  12  0  0
 8701 212   2   0   0   6  0  0
 8702 564   0   7  75   9  0  0
 8703 660   0  10   0   0  1  0
 8704 564   0  11  74  12  0  0
 8705 212   0   0   0   6  0  0
 8706 564   0   0   0   9  0  0
 8707 94089   0   0   0   0  0  0
 8708   0   0   0   0   0  0  3
 8709   0   0   0   0   0  0  1
 8710  10   0   0   0   0  0  2
 8711  75   0   0   0   0  0  0
 8712  25   0   0   0   1  0  0
 8713 262   1   0   0   2  0  0
 8714 763   0   5  13   3  0  0
 8715 212   2   0   0   6  0  0
 8716 564   0   7  73   9  0  0
 8717 660   0  10   0   0  1  0
 8718 564   0  11  72  12  0  0
 8719 212   2   0   0   6  0  0
 8720 564   0   7  75   9  0  0
 8721 660   0  10   0   0  1  0
 8722 564   0  11  74  12  0  0
 8723 212   0   0   0   6  0  0
 8724 564   0   0   0   9  0  0
 8725 94089   0   0   0   0  0  0
 8726   0   0   0   0   0  0  3
 8727   0   0   0   0   0  0  1
 8728  10   0   0   0   0  0  2
 8729  75   0   0   0   0  0  0
 8730  25   0   0   0   1  0  0
 8731 262   1   0   0   2  0  0
 8732 763   0   5   4   3  0  0
 8733 212   2   0   0   6  0  0
 8734 564   0   7  69   9  0  0
 8735 660   0  10   0   0  1  0
 8736 564   0  11  68  12  0  0
 8737 212   2   0   0   6  0  0
 8738 564   0   7  71   9  0  0
 8739 660   0  10   0   0  1  0
 8740 564   0  11  70  12  0  0
 8741 212   0   0   0   6  0  0
 8742 564   0   0   0   9  0  0
 8743 94089   0   0   0   0  0  0
 8744   0   0   0   0   0  0  3
 8745   0   0   0   0   0  0  1
 8746  10   0   0   0   0  0  2
 8747  75   0   0   0   0  0  0
 8748  25   0   0   0   1  0  0
 8749 262   1   0   0   2  0  0
 8750 763   0   5  13   3  0  0
 8751 212   2   0   0   6  0  0
 8752 564   0   7  69   9  0  0
 8753 660   0  10   0   0  1  0
 8754 564   0  11  68  12  0  0
 8755 212   2   0   0   6  0  0
 8756 564   0   7  71   9  0  0
 8757 660   0  10   0   0  1  0
 8758 564   0  11  70  12  0  0
 8759 212   0   0   0   6  0  0
 8760 564   0   0   0   9  0  0
 8761 94089   0   0   0   0  0  0
 8762   0   0   0   0   0  0  3
 8763   0   0   0   0   0  0  1
 8764  10   0   0   0   0  0  2
 8765  75   0   0   0   0  0  0
 8766  25   0   0   0   1  0  0
 8767 262   1   0   0   2  0  0
 8768 763   0   5   4   3  0  0
 8769 212   2   0   0   6  0  0
 8770 564   0   7  65   9  0  0
 8771 660   0  10   0   0  1  0
 8772 564   0  11  64  12  0  0
 8773 212   2   0   0   6  0  0
 8774 564   0   7  67   9  0  0
 8775 660   0  10   0   0  1  0
 8776 564   0  11  66  12  0  0
 8777 212   0   0   0   6  0  0
 8778 564   0   0   0   9  0  0
 8779 94089   0   0   0   0  0  0
 8780   0   0   0   0   0  0  3
 8781   0   0   0   0   0  0  1
 8782  10   0   0   0   0  0  2
 8783  75   0   0   0   0  0  0
 8784  25   0   0   0   1  0  0
 8785 262   1   0   0   2  0  0
 8786 763   0   5  13   3  0  0
 8787 212   2   0   0   6  0  0
 8788 564   0   7  65   9  0  0
 8789 660   0  10   0   0  1  0
 8790 564   0  11  64  12  0  0
 8791 212   2   0   0   6  0  0
 8792 564   0   7  67   9  0  0
 8793 660   0  10   0   0  1  0
 8794 564   0  11  66  12  0  0
 8795 212   0   0   0   6  0  0
 8796 564   0   0   0   9  0  0
 8797 94089   0   0   0   0  0  0
 8798   0   0   0   0   0  0  3
 8799   0   0   0   0   0  0  1
 8800  10   0   0   0   0  0  2
 8801  75   0   0   0   0  0  0
 8802  25   0   0   0   1  0  0
 8803 262   1   0   0   2  0  0
 8804 763   0   5   4   3  0  0
 8805 212   2   0   0   6  0  0
 8806 564   0   7  61   9  0  0
 8807 660   0  10   0   0  1  0
 8808 564   0  11  60  12  0  0
 8809 212   2   0   0   6  0  0
 8810 564   0   7  63   9  0  0
 8811 660   0  10   0   0  1  0
 8812 564   0  11  62  12  0  0
 8813 212   0   0   0   6  0  0
 8814 564   0   0   0   9  0  0
 8815 94089   0   0   0   0  0  0
 8816   0   0   0   0   0  0  3
 8817   0   0   0   0   0  0  1
 8818  10   0   0   0   0  0  2
 8819  75   0   0   0   0  0  0
 8820  25   0   0   0   1  0  0
 8821 262   1   0   0   2  0  0
 8822 763   0   5  13   3  0  0
 8823 212   2   0   0   6  0  0
 8824 564   0   7  61   9  0  0
 8825 660   0  10   0   0  1  0
 8826 564   0  11  60  12  0  0
 8827 212   2   0   0   6  0  0
 8828 564   0   7  63   9  0  0
 8829 660   0  10   0   0  1  0
 8830 564   0  11  62  12  0  0
 8831 212   0   0   0   6  0  0
 8832 564   0   0   0   9  0  0
 8833 94089   0   0   0   0  0  0
 8834   0   0   0   0   0  0  3
 8835   0   0   0   0   0  0  1
 8836  10   0   0   0   0  0  2
 8837  75   0   0   0   0  0  0
 8838  25   0   0   0   1  0  0
 8839 262   1   0   0   2  0  0
 8840 763   0   5   4   3  0  0
 8841 212   2   0   0   6  0  0
 8842 564   0   7  57   9  0  0
 8843 660   0  10   0   0  1  0
 8844 564   0  11  56  12  0  0
 8845 212   2   0   0   6  0  0
 8846 564   0   7  59   9  0  0
 8847 660   0  10   0   0  1  0
 8848 564   0  11  58  12  0  0
 8849 212   0   0   0   6  0  0
 8850 564   0   0   0   9  0  0
 8851 94089   0   0   0   0  0  0
 8852   0   0   0   0   0  0  3
 8853   0   0   0   0   0  0  1
 8854  10   0   0   0   0  0  2
 8855  75   0   0   0   0  0  0
 8856  25   0   0   0   1  0  0
 8857 262   1   0   0   2  0  0
 8858 763   0   5  13   3  0  0
 8859 212   2   0   0   6  0  0
 8860 564   0   7  57   9  0  0
 8861 660   0  10   0   0  1  0
 8862 564   0  11  56  12  0  0
 8863 212   2   0   0   6  0  0
 8864 564   0   7  59   9  0  0
 8865 660   0  10   0   0  1  0
 8866 564   0  11  58  12  0  0
 8867 212   0   0   0   6  0  0
 8868 564   0   0   0   9  0  0
 8869 94089   0   0   0   0  0  0
 8870   0   0   0   0   0  0  3
 8871   0   0   0   0   0  0  1
 8872  10   0   0   0   0  0  2
 8873  75   0   0   0   0  0  0
 8874  25   0   0   0   1  0  0
 8875 262   1   0   0   2  0  0
 8876 763   0   5   4   3  0  0
 8877 212   2   0   0   6  0  0
 8878 564   0   7  53   9  0  0
 8879 660   0  10   0   0  1  0
 8880 564   0  11  52  12  0  0
 8881 212   2   0   0   6  0  0
 8882 564   0   7  55   9  0  0
 8883 660   0  10   0   0  1  0
 8884 564   0  11  54  12  0  0
 8885 212   0   0   0   6  0  0
 8886 564   0   0   0   9  0  0
 8887 94089   0   0   0   0  0  0
 8888   0   0   0   0   0  0  3
 8889   0   0   0   0   0  0  1
 8890  10   0   0   0   0  0  2
 8891  75   0   0   0   0  0  0
 8892  25   0   0   0   1  0  0
 8893 262   1   0   0   2  0  0
 8894 763   0   5  13   3  0  0
 8895 212   2   0   0   6  0  0
 8896 564   0   7  53   9  0  0
 8897 660   0  10   0   0  1  0
 8898 564   0  11  52  12  0  0
 8899 212   2   0   0   6  0  0
 8900 564   0   7  55   9  0  0
 8901 660   0  10   0   0  1  0
 8902 564   0  11  54  12  0  0
 8903 212   0   0   0   6  0  0
 8904 564   0   0   0   9  0  0
 8905 94089   0   0   0   0  0  0
 8906   0   0   0   0   0  0  3
 8907   0   0   0   0   0  0  1
 8908  10   0   0   0   0  0  2
 8909  75   0   0   0   0  0  0
 8910  25   0   0   0   1  0  0
 8911 262   1   0   0   2  0  0
 8912 763   0   5   4   3  0  0
 8913 212   2   0   0   6  0  0
 8914 564   0   7  49   9  0  0
 8915 660   0  10   0   0  1  0
 8916 564   0  11  48  12  0  0
 8917 212   2   0   0   6  0  0
 8918 564   0   7  51   9  0  0
 8919 660   0  10   0   0  1  0
 8920 564   0  11  50  12  0  0
 8921 212   0   0   0   6  0  0
 8922 564   0   0   0   9  0  0
 8923 94089   0   0   0   0  0  0
 8924   0   0   0   0   0  0  3
 8925   0   0   0   0   0  0  1
 8926  10   0   0   0   0  0  2
 8927  75   0   0   0   0  0  0
 8928  25   0   0   0   1  0  0
 8929 262   1   0   0   2  0  0
 8930 763   0   5  13   3  0  0
 8931 212   2   0   0   6  0  0
 8932 564   0   7  49   9  0  0
 8933 660   0  10   0   0  1  0
 8934 564   0  11  48  12  0  0
 8935 212   2   0   0   6  0  0
 8936 564   0   7  51   9  0  0
 8937 660   0  10   0   0  1  0
 8938 564   0  11  50  12  0  0
 8939 212   0   0   0   6  0  0
 8940 564   0   0   0   9  0  0
 8941 94089   0   0   0   0  0  0
 8942   0   0   0   0   0  0  3
 8943   0   0   0   0   0  0  1
 8944  10   0   0   0   0  0  2
 8945  75   0   0   0   0  0  0
 8946  25   0   0   0   1  0  0
 8947 262   1   0   0   2  0  0
 8948 763   0   5   4   3  0  0
 8949 212   2   0   0   6  0  0
 8950 564   0   7  45   9  0  0
 8951 660   0  10   0   0  1  0
 8952 564   0  11  44  12  0  0
 8953 212   2   0   0   6  0  0
 8954 564   0   7  47   9  0  0
 8955 660   0  10   0   0  1  0
 8956 564   0  11  46  12  0  0
 8957 212   0   0   0   6  0  0
 8958 564   0   0   0   9  0  0
 8959 94089   0   0   0   0  0  0
 8960   0   0   0   0   0  0  3
 8961   0   0   0   0   0  0  1
 8962  10   0   0   0   0  0  2
 8963  75   0   0   0   0  0  0
 8964  25   0   0   0   1  0  0
 8965 262   1   0   0   2  0  0
 8966 763   0   5  13   3  0  0
 8967 212   2   0   0   6  0  0
 8968 564   0   7  45   9  0  0
 8969 660   0  10   0   0  1  0
 8970 564   0  11  44  12  0  0
 8971 212   2   0   0   6  0  0
 8972 564   0   7  47   9  0  0
 8973 660   0  10   0   0  1  0
 8974 564   0  11  46  12  0  0
 8975 212   0   0   0   6  0  0
 8976 564   0   0   0   9  0  0
 8977 94089   0   0   0   0  0  0
 8978   0   0   0   0   0  0  3
 8979   0   0   0   0   0  0  1
 8980  10   0   0   0   0  0  2
 8981  75   0   0   0   0  0  0
 8982  25   0   0   0   1  0  0
 8983 262   1   0   0   2  0  0
 8984 763   0   5   4   3  0  0
 8985 212   2   0   0   6  0  0
 8986 564   0   7  41   9  0  0
 8987 660   0  10   0   0  1  0
 8988 564   0  11  40  12  0  0
 8989 212   2   0   0   6  0  0
 8990 564   0   7  43   9  0  0
 8991 660   0  10   0   0  1  0
 8992 564   0  11  42  12  0  0
 8993 212   0   0   0   6  0  0
 8994 564   0   0   0   9  0  0
 8995 94089   0   0   0   0  0  0
 8996   0   0   0   0   0  0  3
 8997   0   0   0   0   0  0  1
 8998  10   0   0   0   0  0  2
 8999  75   0   0   0   0  0  0
 9000  25   0   0   0   1  0  0
 9001 262   1   0   0   2  0  0
 9002 763   0   5  13   3  0  0
 9003 212   2   0   0   6  0  0
 9004 564   0   7  41   9  0  0
 9005 660   0  10   0   0  1  0
 9006 564   0  11  40  12  0  0
 9007 212   2   0   0   6  0  0
 9008 564   0   7  43   9  0  0
 9009 660   0  10   0   0  1  0
 9010 564   0  11  42  12  0  0
 9011 212   0   0   0   6  0  0
 9012 564   0   0   0   9  0  0
 9013 94089   0   0   0   0  0  0
 9014   0   0   0   0   0  0  3
 9015   0   0   0   0   0  0  1
 9016  10   0   0   0   0  0  2
 9017  75   0   0   0   0  0  0
 9018  25   0   0   0   1  0  0
 9019 262   1   0   0   2  0  0
 9020 763   0   5   4   3  0  0
 9021 212   2   0   0   6  0  0
 9022 564   0   7  37   9  0  0
 9023 660   0  10   0   0  1  0
 9024 564   0  11  36  12  0  0
 9025 212   2   0   0   6  0  0
 9026 564   0   7  39   9  0  0
 9027 660   0  10   0   0  1  0
 9028 564   0  11  38  12  0  0
 9029 212   0   0   0   6  0  0
 9030 564   0   0   0   9  0  0
 9031 94089   0   0   0   0  0  0
 9032   0   0   0   0   0  0  3
 9033   0   0   0   0   0  0  1
 9034  10   0   0   0   0  0  2
 9035  75   0   0   0   0  0  0
 9036  25   0   0   0   1  0  0
 9037 262   1   0   0   2  0  0
 9038 763   0   5  13   3  0  0
 9039 212   2   0   0   6  0  0
 9040 564   0   7  37   9  0  0
 9041 660   0  10   0   0  1  0
 9042 564   0  11  36  12  0  0
 9043 212   2   0   0   6  0  0
 9044 564   0   7  39   9  0  0
 9045 660   0  10   0   0  1  0
 9046 564   0  11  38  12  0  0
 9047 212   0   0   0   6  0  0
 9048 564   0   0   0   9  0  0
 9049 94089   0   0   0   0  0  0
 9050   0   0   0   0   0  0  3
 9051   0   0   0   0   0  0  1
 9052  10   0   0   0   0  0  2
 9053  75   0   0   0   0  0  0
 9054  25   0   0   0   1  0  0
 9055 262   1   0   0   2  0  0
 9056 763   0   5   4   3  0  0
 9057 212   2   0   0   6  0  0
 9058 564   0   7  33   9  0  0
 9059 660   0  10   0   0  1  0
 9060 564   0  11  32  12  0  0
 9061 212   2   0   0   6  0  0
 9062 564   0   7  35   9  0  0
 9063 660   0  10   0   0  1  0
 9064 564   0  11  34  12  0  0
 9065 212   0   0   0   6  0  0
 9066 564   0   0   0   9  0  0
 9067 94089   0   0   0   0  0  0
 9068   0   0   0   0   0  0  3
 9069   0   0   0   0   0  0  1
 9070  10   0   0   0   0  0  2
 9071  75   0   0   0   0  0  0
 9072  25   0   0   0   1  0  0
 9073 262   1   0   0   2  0  0
 9074 763   0   5  13   3  0  0
 9075 212   2   0   0   6  0  0
 9076 564   0   7  33   9  0  0
 9077 660   0  10   0   0  1  0
 9078 564   0  11  32  12  0  0
 9079 212   2   0   0   6  0  0
 9080 564   0   7  35   9  0  0
 9081 660   0  10   0   0  1  0
 9082 564   0  11  34  12  0  0
 9083 212   0   0   0   6  0  0
 9084 564   0   0   0   9  0  0
 9085 94089   0   0   0   0  0  0
 9086   0   0   0   0   0  0  3
 9087   0   0   0   0   0  0  1
 9088  10   0   0   0   0  0  2
 9089  75   0   0   0   0  0  0
 9090  25   0   0   0   1  0  0
 9091 262   1   0   0   2  0  0
 9092 763   0   5   4   3  0  0
 9093 212   2   0   0   6  0  0
 9094 564   0   7  29   9  0  0
 9095 660   0  10   0   0  1  0
 9096 564   0  11  28  12  0  0
 9097 212   2   0   0   6  0  0
 9098 564   0   7  31   9  0  0
 9099 660   0  10   0   0  1  0
 9100 564   0  11  30  12  0  0
 9101 212   0   0   0   6  0  0
 9102 564   0   0   0   9  0  0
 9103 94089   0   0   0   0  0  0
 9104   0   0   0   0   0  0  3
 9105   0   0   0   0   0  0  1
 9106  10   0   0   0   0  0  2
 9107  75   0   0   0   0  0  0
 9108  25   0   0   0   1  0  0
 9109 262   1   0   0   2  0  0
 9110 763   0   5  13   3  0  0
 9111 212   2   0   0   6  0  0
 9112 564   0   7  29   9  0  0
 9113 660   0  10   0   0  1  0
 9114 564   0  11  28  12  0  0
 9115 212   2   0   0   6  0  0
 9116 564   0   7  31   9  0  0
 9117 660   0  10   0   0  1  0
 9118 564   0  11  30  12  0  0
 9119 212   0   0   0   6  0  0
 9120 564   0   0   0   9  0  0
 9121 94089   0   0   0   0  0  0
 9122   0   0   0   0   0  0  3
 9123   0   0   0   0   0  0  1
 9124  10   0   0   0   0  0  2
 9125  75   0   0   0   0  0  0
 9126  25   0   0   0   1  0  0
 9127 262   1   0   0   2  0  0
 9128 763   0   5   4   3  0  0
 9129 212   2   0   0   6  0  0
 9130 564   0   7  25   9  0  0
 9131 660   0  10   0   0  1  0
 9132 564   0  11  24  12  0  0
 9133 212   2   0   0   6  0  0
 9134 564   0   7  27   9  0  0
 9135 660   0  10   0   0  1  0
 9136 564   0  11  26  12  0  0
 9137 212   0   0   0   6  0  0
 9138 564   0   0   0   9  0  0
 9139 94089   0   0   0   0  0  0
 9140   0   0   0   0   0  0  3
 9141   0   0   0   0   0  0  1
 9142  10   0   0   0   0  0  2
 9143  75   0   0   0   0  0  0
 9144  25   0   0   0   1  0  0
 9145 262   1   0   0   2  0  0
 9146 763   0   5  13   3  0  0
 9147 212   2   0   0   6  0  0
 9148 564   0   7  25   9  0  0
 9149 660   0  10   0   0  1  0
 9150 564   0  11  24  12  0  0
 9151 212   2   0   0   6  0  0
 9152 564   0   7  27   9  0  0
 9153 660   0  10   0   0  1  0
 9154 564   0  11  26  12  0  0
 9155 212   0   0   0   6  0  0
 9156 564   0   0   0   9  0  0
 9157 94089   0   0   0   0  0  0
 9158   0   0   0   0   0  0  3
 9159   0   0   0   0   0  0  1
 9160  10   0   0   0   0  0  2
 9161  75   0   0   0   0  0  0
 9162  25   0   0   0   1  0  0
 9163 262   1   0   0   2  0  0
 9164 763   0   5   4   3  0  0
 9165 212   2   0   0   6  0  0
 9166 564   0   7  21   9  0  0
 9167 660   0  10   0   0  1  0
 9168 564   0  11  20  12  0  0
 9169 212   2   0   0   6  0  0
 9170 564   0   7  23   9  0  0
 9171 660   0  10   0   0  1  0
 9172 564   0  11  22  12  0  0
 9173 212   0   0   0   6  0  0
 9174 564   0   0   0   9  0  0
 9175 94089   0   0   0   0  0  0
 9176   0   0   0   0   0  0  3
 9177   0   0   0   0   0  0  1
 9178  10   0   0   0   0  0  2
 9179  75   0   0   0   0  0  0
 9180  25   0   0   0   1  0  0
 9181 262   1   0   0   2  0  0
 9182 763   0   5  13   3  0  0
 9183 212   2   0   0   6  0  0
 9184 564   0   7  21   9  0  0
 9185 660   0  10   0   0  1  0
 9186 564   0  11  20  12  0  0
 9187 212   2   0   0   6  0  0
 9188 564   0   7  23   9  0  0
 9189 660   0  10   0   0  1  0
 9190 564   0  11  22  12  0  0
 9191 212   0   0   0   6  0  0
 9192 564   0   0   0   9  0  0
 9193 94089   0   0   0   0  0  0
 9194   0   0   0   0   0  0  3
 9195   0   0   0   0   0  0  1
 9196  10   0   0   0   0  0  2
 9197  75   0   0   0   0  0  0
 9198  25   0   0   0   1  0  0
 9199 262   1   0   0   2  0  0
 9200 763   0   5   4   3  0  0
 9201 212   2   0   0   6  0  0
 9202 564   0   7  17   9  0  0
 9203 660   0  10   0   0  1  0
 9204 564   0  11  16  12  0  0
 9205 212   2   0   0   6  0  0
 9206 564   0   7  19   9  0  0
 9207 660   0  10   0   0  1  0
 9208 564   0  11  18  12  0  0
 9209 212   0   0   0   6  0  0
 9210 564   0   0   0   9  0  0
 9211 94089   0   0   0   0  0  0
 9212   0   0   0   0   0  0  3
 9213   0   0   0   0   0  0  1
 9214  10   0   0   0   0  0  2
 9215  75   0   0   0   0  0  0
 9216  25   0   0   0   1  0  0
 9217 262   1   0   0   2  0  0
 9218 763   0   5  13   3  0  0
 9219 212   2   0   0   6  0  0
 9220 564   0   7  17   9  0  0
 9221 660   0  10   0   0  1  0
 9222 564   0  11  16  12  0  0
 9223 212   2   0   0   6  0  0
 9224 564   0   7  19   9  0  0
 9225 660   0  10   0   0  1  0
 9226 564   0  11  18  12  0  0
 9227 212   0   0   0   6  0  0
 9228 564   0   0   0   9  0  0
 9229 94064   0   0   0   0  0  0
 9230   0   0   0   0   0  0  3
 9231   0   0   0   0   0  0  1
 9232  10   0   0   0   0  0  2
 9233 100   0   0   0   0  0  0
 9234  25   0   0   0   1  0  0
 9235 262   1   0   0   2  0  0
 9236 763   0   5   4   3  0  0
 9237 212   2   0   0   6  0  0
 9238 564   0   7   8   9  0  0
 9239 660   0  10   0   0  0  0
 9240 564   0  11   8  12  0  0
 9241 212   2   0   0   6  0  0
 9242 564   0   7   8   9  0  0
 9243 660   0  10   0   0  0  0
 9244 564   0  11   8  12  0  0
 9245 212   0   0   0   6  0  0
 9246 564   0   0   0   9  0  0
 9247 94064   0   0   0   0  0  0
 9248   0   0   0   0   0  0  3
 9249   0   0   0   0   0  0  1
 9250  10   0   0   0   0  0  2
 9251 100   0   0   0   0  0  0
 9252  25   0   0   0   1  0  0
 9253 262   1   0   0   2  0  0
 9254 763   0   5  13   3  0  0
 9255 212   2   0   0   6  0  0
 9256 564   0   7   8   9  0  0
 9257 660   0  10   0   0  0  0
 9258 564   0  11   8  12  0  0
 9259 212   2   0   0   6  0  0
 9260 564   0   7   8   9  0  0
 9261 660   0  10   0   0  0  0
 9262 564   0  11   8  12  0  0
 9263 212   0   0   0   6  0  0
 9264 564   0   0   0   9  0  0
 9265 94064   0   0   0   0  0  0
 9266   0   0   0   0   0  0  3
 9267   0   0   0   0   0  0  1
 9268  10   0   0   0   0  0  2
 9269 100   0   0   0   0  0  0
 9270  25   0   0   0   1  0  0
 9271 262   1   0   0   2  0  0
 9272 763   0   5   4   3  0  0
 9273 212   2   0   0   6  0  0
 9274 564   0   7  14   9  0  0
 9275 660   0  10   0   0  1  0
 9276 564   0  11  15  12  0  0
 9277 212   2   0   0   6  0  0
 9278 564   0   7  15   9  0  0
 9279 660   0  10   0   0  1  0
 9280 564   0  11  14  12  0  0
 9281 212   0   0   0   6  0  0
 9282 564   0   0   0   9  0  0
 9283 94064   0   0   0   0  0  0
 9284   0   0   0   0   0  0  3
 9285   0   0   0   0   0  0  1
 9286  10   0   0   0   0  0  2
 9287 100   0   0   0   0  0  0
 9288  25   0   0   0   1  0  0
 9289 262   1   0   0   2  0  0
 9290 763   0   5  13   3  0  0
 9291 212   2   0   0   6  0  0
 9292 564   0   7  14   9  0  0
 9293 660   0  10   0   0  1  0
 9294 564   0  11  15  12  0  0
 9295 212   2   0   0   6  0  0
 9296 564   0   7  15   9  0  0
 9297 660   0  10   0   0  1  0
 9298 564   0  11  14  12  0  0
 9299 212   0   0   0   6  0  0
 9300 564   0   0   0   9  0  0
 9301 94064   0   0   0   0  0  0
 9302   0   0   0   0   0  0  3
 9303   0   0   0   0   0  0  1
 9304  10   0   0   0   0  0  2
 9305 100   0   0   0   0  0  0
 9306  25   0   0   0   1  0  0
 9307 262   1   0   0   2  0  0
 9308 763   0   5   4   3  0  0
 9309 212   2   0   0   6  0  0
 9310 564   0   7  16   9  0  0
 9311 660   0  10   0   0  1  0
 9312 564   0  11  17  12  0  0
 9313 212   2   0   0   6  0  0
 9314 564   0   7  18   9  0  0
 9315 660   0  10   0   0  1  0
 9316 564   0  11  19  12  0  0
 9317 212   0   0   0   6  0  0
 9318 564   0   0   0   9  0  0
 9319 94064   0   0   0   0  0  0
 9320   0   0   0   0   0  0  3
 9321   0   0   0   0   0  0  1
 9322  10   0   0   0   0  0  2
 9323 100   0   0   0   0  0  0
 9324  25   0   0   0   1  0  0
 9325 262   1   0   0   2  0  0
 9326 763   0   5  13   3  0  0
 9327 212   2   0   0   6  0  0
 9328 564   0   7  16   9  0  0
 9329 660   0  10   0   0  1  0
 9330 564   0  11  17  12  0  0
 9331 212   2   0   0   6  0  0
 9332 564   0   7  18   9  0  0
 9333 660   0  10   0   0  1  0
 9334 564   0  11  19  12  0  0
 9335 212   0   0   0   6  0  0
 9336 564   0   0   0   9  0  0
 9337 94064   0   0   0   0  0  0
 9338   0   0   0   0   0  0  3
 9339   0   0   0   0   0  0  1
 9340  10   0   0   0   0  0  2
 9341 100   0   0   0   0  0  0
 9342  25   0   0   0   1  0  0
 9343 262   1   0   0   2  0  0
 9344 763   0   5   4   3  0  0
 9345 212   2   0   0   6  0  0
 9346 564   0   7  20   9  0  0
 9347 660   0  10   0   0  1  0
 9348 564   0  11  21  12  0  0
 9349 212   2   0   0   6  0  0
 9350 564   0   7  22   9  0  0
 9351 660   0  10   0   0  1  0
 9352 564   0  11  23  12  0  0
 9353 212   0   0   0   6  0  0
 9354 564   0   0   0   9  0  0
 9355 94064   0   0   0   0  0  0
 9356   0   0   0   0   0  0  3
 9357   0   0   0   0   0  0  1
 9358  10   0   0   0   0  0  2
 9359 100   0   0   0   0  0  0
 9360  25   0   0   0   1  0  0
 9361 262   1   0   0   2  0  0
 9362 763   0   5  13   3  0  0
 9363 212   2   0   0   6  0  0
 9364 564   0   7  20   9  0  0
 9365 660   0  10   0   0  1  0
 9366 564   0  11  21  12  0  0
 9367 212   2   0   0   6  0  0
 9368 564   0   7  22   9  0  0
 9369 660   0  10   0   0  1  0
 9370 564   0  11  23  12  0  0
 9371 212   0   0   0   6  0  0
 9372 564   0   0   0   9  0  0
 9373 94064   0   0   0   0  0  0
 9374   0   0   0   0   0  0  3
 9375   0   0   0   0   0  0  1
 9376  10   0   0   0   0  0  2
 9377 100   0   0   0   0  0  0
 9378  25   0   0   0   1  0  0
 9379 262   1   0   0   2  0  0
 9380 763   0   5   4   3  0  0
 9381 212   2   0   0   6  0  0
 9382 564   0   7  24   9  0  0
 9383 660   0  10   0   0  1  0
 9384 564   0  11  25  12  0  0
 9385 212   2   0   0   6  0  0
 9386 564   0   7  26   9  0  0
 9387 660   0  10   0   0  1  0
 9388 564   0  11  27  12  0  0
 9389 212   0   0   0   6  0  0
 9390 564   0   0   0   9  0  0
 9391 94064   0   0   0   0  0  0
 9392   0   0   0   0   0  0  3
 9393   0   0   0   0   0  0  1
 9394  10   0   0   0   0  0  2
 9395 100   0   0   0   0  0  0
 9396  25   0   0   0   1  0  0
 9397 262   1   0   0   2  0  0
 9398 763   0   5  13   3  0  0
 9399 212   2   0   0   6  0  0
 9400 564   0   7  24   9  0  0
 9401 660   0  10   0   0  1  0
 9402 564   0  11  25  12  0  0
 9403 212   2   0   0   6  0  0
 9404 564   0   7  26   9  0  0
 9405 660   0  10   0   0  1  0
 9406 564   0  11  27  12  0  0
 9407 212   0   0   0   6  0  0
 9408 564   0   0   0   9  0  0
 9409 94064   0   0   0   0  0  0
 9410   0   0   0   0   0  0  3
 9411   0   0   0   0   0  0  1
 9412  10   0   0   0   0  0  2
 9413 100   0   0   0   0  0  0
 9414  25   0   0   0   1  0  0
 9415 262   1   0   0   2  0  0
 9416 763   0   5   4   3  0  0
 9417 212   2   0   0   6  0  0
 9418 564   0   7  28   9  0  0
 9419 660   0  10   0   0  1  0
 9420 564   0  11  29  12  0  0
 9421 212   2   0   0   6  0  0
 9422 564   0   7  30   9  0  0
 9423 660   0  10   0   0  1  0
 9424 564   0  11  31  12  0  0
 9425 212   0   0   0   6  0  0
 9426 564   0   0   0   9  0  0
 9427 94064   0   0   0   0  0  0
 9428   0   0   0   0   0  0  3
 9429   0   0   0   0   0  0  1
 9430  10   0   0   0   0  0  2
 9431 100   0   0   0   0  0  0
 9432  25   0   0   0   1  0  0
 9433 262   1   0   0   2  0  0
 9434 763   0   5  13   3  0  0
 9435 212   2   0   0   6  0  0
 9436 564   0   7  28   9  0  0
 9437 660   0  10   0   0  1  0
 9438 564   0  11  29  12  0  0
 9439 212   2   0   0   6  0  0
 9440 564   0   7  30   9  0  0
 9441 660   0  10   0   0  1  0
 9442 564   0  11  31  12  0  0
 9443 212   0   0   0   6  0  0
 9444 564   0   0   0   9  0  0
 9445 94064   0   0   0   0  0  0
 9446   0   0   0   0   0  0  3
 9447   0   0   0   0   0  0  1
 9448  10   0   0   0   0  0  2
 9449 100   0   0   0   0  0  0
 9450  25   0   0   0   1  0  0
 9451 262   1   0   0   2  0  0
 9452 763   0   5   4   3  0  0
 9453 212   2   0   0   6  0  0
 9454 564   0   7  32   9  0  0
 9455 660   0  10   0   0  1  0
 9456 564   0  11  33  12  0  0
 9457 212   2   0   0   6  0  0
 9458 564   0   7  34   9  0  0
 9459 660   0  10   0   0  1  0
 9460 564   0  11  35  12  0  0
 9461 212   0   0   0   6  0  0
 9462 564   0   0   0   9  0  0
 9463 94064   0   0   0   0  0  0
 9464   0   0   0   0   0  0  3
 9465   0   0   0   0   0  0  1
 9466  10   0   0   0   0  0  2
 9467 100   0   0   0   0  0  0
 9468  25   0   0   0   1  0  0
 9469 262   1   0   0   2  0  0
 9470 763   0   5  13   3  0  0
 9471 212   2   0   0   6  0  0
 9472 564   0   7  32   9  0  0
 9473 660   0  10   0   0  1  0
 9474 564   0  11  33  12  0  0
 9475 212   2   0   0   6  0  0
 9476 564   0   7  34   9  0  0
 9477 660   0  10   0   0  1  0
 9478 564   0  11  35  12  0  0
 9479 212   0   0   0   6  0  0
 9480 564   0   0   0   9  0  0
 9481 94064   0   0   0   0  0  0
 9482   0   0   0   0   0  0  3
 9483   0   0   0   0   0  0  1
 9484  10   0   0   0   0  0  2
 9485 100   0   0   0   0  0  0
 9486  25   0   0   0   1  0  0
 9487 262   1   0   0   2  0  0
 9488 763   0   5   4   3  0  0
 9489 212   2   0   0   6  0  0
 9490 564   0   7  36   9  0  0
 9491 660   0  10   0   0  1  0
 9492 564   0  11  37  12  0  0
 9493 212   2   0   0   6  0  0
 9494 564   0   7  38   9  0  0
 9495 660   0  10   0   0  1  0
 9496 564   0  11  39  12  0  0
 9497 212   0   0   0   6  0  0
 9498 564   0   0   0   9  0  0
 9499 94064   0   0   0   0  0  0
 9500   0   0   0   0   0  0  3
 9501   0   0   0   0   0  0  1
 9502  10   0   0   0   0  0  2
 9503 100   0   0   0   0  0  0
 9504  25   0   0   0   1  0  0
 9505 262   1   0   0   2  0  0
 9506 763   0   5  13   3  0  0
 9507 212   2   0   0   6  0  0
 9508 564   0   7  36   9  0  0
 9509 660   0  10   0   0  1  0
 9510 564   0  11  37  12  0  0
 9511 212   2   0   0   6  0  0
 9512 564   0   7  38   9  0  0
 9513 660   0  10   0   0  1  0
 9514 564   0  11  39  12  0  0
 9515 212   0   0   0   6  0  0
 9516 564   0   0   0   9  0  0
 9517 94064   0   0   0   0  0  0
 9518   0   0   0   0   0  0  3
 9519   0   0   0   0   0  0  1
 9520  10   0   0   0   0  0  2
 9521 100   0   0   0   0  0  0
 9522  25   0   0   0   1  0  0
 9523 262   1   0   0   2  0  0
 9524 763   0   5   4   3  0  0
 9525 212   2   0   0   6  0  0
 9526 564   0   7  40   9  0  0
 9527 660   0  10   0   0  1  0
 9528 564   0  11  41  12  0  0
 9529 212   2   0   0   6  0  0
 9530 564   0   7  42   9  0  0
 9531 660   0  10   0   0  1  0
 9532 564   0  11  43  12  0  0
 9533 212   0   0   0   6  0  0
 9534 564   0   0   0   9  0  0
 9535 94064   0   0   0   0  0  0
 9536   0   0   0   0   0  0  3
 9537   0   0   0   0   0  0  1
 9538  10   0   0   0   0  0  2
 9539 100   0   0   0   0  0  0
 9540  25   0   0   0   1  0  0
 9541 262   1   0   0   2  0  0
 9542 763   0   5  13   3  0  0
 9543 212   2   0   0   6  0  0
 9544 564   0   7  40   9  0  0
 9545 660   0  10   0   0  1  0
 9546 564   0  11  41  12  0  0
 9547 212   2   0   0   6  0  0
 9548 564   0   7  42   9  0  0
 9549 660   0  10   0   0  1  0
 9550 564   0  11  43  12  0  0
 9551 212   0   0   0   6  0  0
 9552 564   0   0   0   9  0  0
 9553 94064   0   0   0   0  0  0
 9554   0   0   0   0   0  0  3
 9555   0   0   0   0   0  0  1
 9556  10   0   0   0   0  0  2
 9557 100   0   0   0   0  0  0
 9558  25   0   0   0   1  0  0
 9559 262   1   0   0   2  0  0
 9560 763   0   5   4   3  0  0
 9561 212   2   0   0   6  0  0
 9562 564   0   7  44   9  0  0
 9563 660   0  10   0   0  1  0
 9564 564   0  11  45  12  0  0
 9565 212   2   0   0   6  0  0
 9566 564   0   7  46   9  0  0
 9567 660   0  10   0   0  1  0
 9568 564   0  11  47  12  0  0
 9569 212   0   0   0   6  0  0
 9570 564   0   0   0   9  0  0
 9571 94064   0   0   0   0  0  0
 9572   0   0   0   0   0  0  3
 9573   0   0   0   0   0  0  1
 9574  10   0   0   0   0  0  2
 9575 100   0   0   0   0  0  0
 9576  25   0   0   0   1  0  0
 9577 262   1   0   0   2  0  0
 9578 763   0   5  13   3  0  0
 9579 212   2   0   0   6  0  0
 9580 564   0   7  44   9  0  0
 9581 660   0  10   0   0  1  0
 9582 564   0  11  45  12  0  0
 9583 212   2   0   0   6  0  0
 9584 564   0   7  46   9  0  0
 9585 660   0  10   0   0  1  0
 9586 564   0  11  47  12  0  0
 9587 212   0   0   0   6  0  0
 9588 564   0   0   0   9  0  0
 9589 94064   0   0   0   0  0  0
 9590   0   0   0   0   0  0  3
 9591   0   0   0   0   0  0  1
 9592  10   0   0   0   0  0  2
 9593 100   0   0   0   0  0  0
 9594  25   0   0   0   1  0  0
 9595 262   1   0   0   2  0  0
 9596 763   0   5   4   3  0  0
 9597 212   2   0   0   6  0  0
 9598 564   0   7  48   9  0  0
 9599 660   0  10   0   0  1  0
 9600 564   0  11  49  12  0  0
 9601 212   2   0   0   6  0  0
 9602 564   0   7  50   9  0  0
 9603 660   0  10   0   0  1  0
 9604 564   0  11  51  12  0  0
 9605 212   0   0   0   6  0  0
 9606 564   0   0   0   9  0  0
 9607 94064   0   0   0   0  0  0
 9608   0   0   0   0   0  0  3
 9609   0   0   0   0   0  0  1
 9610  10   0   0   0   0  0  2
 9611 100   0   0   0   0  0  0
 9612  25   0   0   0   1  0  0
 9613 262   1   0   0   2  0  0
 9614 763   0   5  13   3  0  0
 9615 212   2   0   0   6  0  0
 9616 564   0   7  48   9  0  0
 9617 660   0  10   0   0  1  0
 9618 564   0  11  49  12  0  0
 9619 212   2   0   0   6  0  0
 9620 564   0   7  50   9  0  0
 9621 660   0  10   0   0  1  0
 9622 564   0  11  51  12  0  0
 9623 212   0   0   0   6  0  0
 9624 564   0   0   0   9  0  0
 9625 94064   0   0   0   0  0  0
 9626   0   0   0   0   0  0  3
 9627   0   0   0   0   0  0  1
 9628  10   0   0   0   0  0  2
 9629 100   0   0   0   0  0  0
 9630  25   0   0   0   1  0  0
 9631 262   1   0   0   2  0  0
 9632 763   0   5   4   3  0  0
 9633 212   2   0   0   6  0  0
 9634 564   0   7  52   9  0  0
 9635 660   0  10   0   0  1  0
 9636 564   0  11  53  12  0  0
 9637 212   2   0   0   6  0  0
 9638 564   0   7  54   9  0  0
 9639 660   0  10   0   0  1  0
 9640 564   0  11  55  12  0  0
 9641 212   0   0   0   6  0  0
 9642 564   0   0   0   9  0  0
 9643 94064   0   0   0   0  0  0
 9644   0   0   0   0   0  0  3
 9645   0   0   0   0   0  0  1
 9646  10   0   0   0   0  0  2
 9647 100   0   0   0   0  0  0
 9648  25   0   0   0   1  0  0
 9649 262   1   0   0   2  0  0
 9650 763   0   5  13   3  0  0
 9651 212   2   0   0   6  0  0
 9652 564   0   7  52   9  0  0
 9653 660   0  10   0   0  1  0
 9654 564   0  11  53  12  0  0
 9655 212   2   0   0   6  0  0
 9656 564   0   7  54   9  0  0
 9657 660   0  10   0   0  1  0
 9658 564   0  11  55  12  0  0
 9659 212   0   0   0   6  0  0
 9660 564   0   0   0   9  0  0
 9661 94064   0   0   0   0  0  0
 9662   0   0   0   0   0  0  3
 9663   0   0   0   0   0  0  1
 9664  10   0   0   0   0  0  2
 9665 100   0   0   0   0  0  0
 9666  25   0   0   0   1  0  0
 9667 262   1   0   0   2  0  0
 9668 763   0   5   4   3  0  0
 9669 212   2   0   0   6  0  0
 9670 564   0   7  56   9  0  0
 9671 660   0  10   0   0  1  0
 9672 564   0  11  57  12  0  0
 9673 212   2   0   0   6  0  0
 9674 564   0   7  58   9  0  0
 9675 660   0  10   0   0  1  0
 9676 564   0  11  59  12  0  0
 9677 212   0   0   0   6  0  0
 9678 564   0   0   0   9  0  0
 9679 94064   0   0   0   0  0  0
 9680   0   0   0   0   0  0  3
 9681   0   0   0   0   0  0  1
 9682  10   0   0   0   0  0  2
 9683 100   0   0   0   0  0  0
 9684  25   0   0   0   1  0  0
 9685 262   1   0   0   2  0  0
 9686 763   0   5  13   3  0  0
 9687 212   2   0   0   6  0  0
 9688 564   0   7  56   9  0  0
 9689 660   0  10   0   0  1  0
 9690 564   0  11  57  12  0  0
 9691 212   2   0   0   6  0  0
 9692 564   0   7  58   9  0  0
 9693 660   0  10   0   0  1  0
 9694 564   0  11  59  12  0  0
 9695 212   0   0   0   6  0  0
 9696 564   0   0   0   9  0  0
 9697 94064   0   0   0   0  0  0
 9698   0   0   0   0   0  0  3
 9699   0   0   0   0   0  0  1
 9700  10   0   0   0   0  0  2
 9701 100   0   0   0   0  0  0
 9702  25   0   0   0   1  0  0
 9703 262   1   0   0   2  0  0
 9704 763   0   5   4   3  0  0
 9705 212   2   0   0   6  0  0
 9706 564   0   7  60   9  0  0
 9707 660   0  10   0   0  1  0
 9708 564   0  11  61  12  0  0
 9709 212   2   0   0   6  0  0
 9710 564   0   7  62   9  0  0
 9711 660   0  10   0   0  1  0
 9712 564   0  11  63  12  0  0
 9713 212   0   0   0   6  0  0
 9714 564   0   0   0   9  0  0
 9715 94064   0   0   0   0  0  0
 9716   0   0   0   0   0  0  3
 9717   0   0   0   0   0  0  1
 9718  10   0   0   0   0  0  2
 9719 100   0   0   0   0  0  0
 9720  25   0   0   0   1  0  0
 9721 262   1   0   0   2  0  0
 9722 763   0   5  13   3  0  0
 9723 212   2   0   0   6  0  0
 9724 564   0   7  60   9  0  0
 9725 660   0  10   0   0  1  0
 9726 564   0  11  61  12  0  0
 9727 212   2   0   0   6  0  0
 9728 564   0   7  62   9  0  0
 9729 660   0  10   0   0  1  0
 9730 564   0  11  63  12  0  0
 9731 212   0   0   0   6  0  0
 9732 564   0   0   0   9  0  0
 9733 94064   0   0   0   0  0  0
 9734   0   0   0   0   0  0  3
 9735   0   0   0   0   0  0  1
 9736  10   0   0   0   0  0  2
 9737 100   0   0   0   0  0  0
 9738  25   0   0   0   1  0  0
 9739 262   1   0   0   2  0  0
 9740 763   0   5   4   3  0  0
 9741 212   2   0   0   6  0  0
 9742 564   0   7  64   9  0  0
 9743 660   0  10   0   0  1  0
 9744 564   0  11  65  12  0  0
 9745 212   2   0   0   6  0  0
 9746 564   0   7  66   9  0  0
 9747 660   0  10   0   0  1  0
 9748 564   0  11  67  12  0  0
 9749 212   0   0   0   6  0  0
 9750 564   0   0   0   9  0  0
 9751 94064   0   0   0   0  0  0
 9752   0   0   0   0   0  0  3
 9753   0   0   0   0   0  0  1
 9754  10   0   0   0   0  0  2
 9755 100   0   0   0   0  0  0
 9756  25   0   0   0   1  0  0
 9757 262   1   0   0   2  0  0
 9758 763   0   5  13   3  0  0
 9759 212   2   0   0   6  0  0
 9760 564   0   7  64   9  0  0
 9761 660   0  10   0   0  1  0
 9762 564   0  11  65  12  0  0
 9763 212   2   0   0   6  0  0
 9764 564   0   7  66   9  0  0
 9765 660   0  10   0   0  1  0
 9766 564   0  11  67  12  0  0
 9767 212   0   0   0   6  0  0
 9768 564   0   0   0   9  0  0
 9769 94064   0   0   0   0  0  0
 9770   0   0   0   0   0  0  3
 9771   0   0   0   0   0  0  1
 9772  10   0   0   0   0  0  2
 9773 100   0   0   0   0  0  0
 9774  25   0   0   0   1  0  0
 9775 262   1   0   0   2  0  0
 9776 763   0   5   4   3  0  0
 9777 212   2   0   0   6  0  0
 9778 564   0   7  68   9  0  0
 9779 660   0  10   0   0  1  0
 9780 564   0  11  69  12  0  0
 9781 212   2   0   0   6  0  0
 9782 564   0   7  70   9  0  0
 9783 660   0  10   0   0  1  0
 9784 564   0  11  71  12  0  0
 9785 212   0   0   0   6  0  0
 9786 564   0   0   0   9  0  0
 9787 94064   0   0   0   0  0  0
 9788   0   0   0   0   0  0  3
 9789   0   0   0   0   0  0  1
 9790  10   0   0   0   0  0  2
 9791 100   0   0   0   0  0  0
 9792  25   0   0   0   1  0  0
 9793 262   1   0   0   2  0  0
 9794 763   0   5  13   3  0  0
 9795 212   2   0   0   6  0  0
 9796 564   0   7  68   9  0  0
 9797 660   0  10   0   0  1  0
 9798 564   0  11  69  12  0  0
 9799 212   2   0   0   6  0  0
 9800 564   0   7  70   9  0  0
 9801 660   0  10   0   0  1  0
 9802 564   0  11  71  12  0  0
 9803 212   0   0   0   6  0  0
 9804 564   0   0   0   9  0  0
 9805 94064   0   0   0   0  0  0
 9806   0   0   0   0   0  0  3
 9807   0   0   0   0   0  0  1
 9808  10   0   0   0   0  0  2
 9809 100   0   0   0   0  0  0
 9810  25   0   0   0   1  0  0
 9811 262   1   0   0   2  0  0
 9812 763   0   5   4   3  0  0
 9813 212   2   0   0   6  0  0
 9814 564   0   7  72   9  0  0
 9815 660   0  10   0   0  1  0
 9816 564   0  11  73  12  0  0
 9817 212   2   0   0   6  0  0
 9818 564   0   7  74   9  0  0
 9819 660   0  10   0   0  1  0
 9820 564   0  11  75  12  0  0
 9821 212   0   0   0   6  0  0
 9822 564   0   0   0   9  0  0
 9823 94064   0   0   0   0  0  0
 9824   0   0   0   0   0  0  3
 9825   0   0   0   0   0  0  1
 9826  10   0   0   0   0  0  2
 9827 100   0   0   0   0  0  0
 9828  25   0   0   0   1  0  0
 9829 262   1   0   0   2  0  0
 9830 763   0   5  13   3  0  0
 9831 212   2   0   0   6  0  0
 9832 564   0   7  72   9  0  0
 9833 660   0  10   0   0  1  0
 9834 564   0  11  73  12  0  0
 9835 212   2   0   0   6  0  0
 9836 564   0   7  74   9  0  0
 9837 660   0  10   0   0  1  0
 9838 564   0  11  75  12  0  0
 9839 212   0   0   0   6  0  0
 9840 564   0   0   0   9  0  0
 9841 94064   0   0   0   0  0  0
 9842   0   0   0   0   0  0  3
 9843   0   0   0   0   0  0  1
 9844  10   0   0   0   0  0  2
 9845 100   0   0   0   0  0  0
 9846  25   0   0   0   1  0  0
 9847 262   1   0   0   2  0  0
 9848 763   0   5   4   3  0  0
 9849 212   2   0   0   6  0  0
 9850 564   0   7  76   9  0  0
 9851 660   0  10   0   0  1  0
 9852 564   0  11  77  12  0  0
 9853 212   2   0   0   6  0  0
 9854 564   0   7  78   9  0  0
 9855 660   0  10   0   0  1  0
 9856 564   0  11  79  12  0  0
 9857 212   0   0   0   6  0  0
 9858 564   0   0   0   9  0  0
 9859 94064   0   0   0   0  0  0
 9860   0   0   0   0   0  0  3
 9861   0   0   0   0   0  0  1
 9862  10   0   0   0   0  0  2
 9863 100   0   0   0   0  0  0
 9864  25   0   0   0   1  0  0
 9865 262   1   0   0   2  0  0
 9866 763   0   5  13   3  0  0
 9867 212   2   0   0   6  0  0
 9868 564   0   7  76   9  0  0
 9869 660   0  10   0   0  1  0
 9870 564   0  11  77  12  0  0
 9871 212   2   0   0   6  0  0
 9872 564   0   7  78   9  0  0
 9873 660   0  10   0   0  1  0
 9874 564   0  11  79  12  0  0
 9875 212   0   0   0   6  0  0
 9876 564   0   0   0   9  0  0
 9877 94064   0   0   0   0  0  0
 9878   0   0   0   0   0  0  3
 9879   0   0   0   0   0  0  1
 9880  10   0   0   0   0  0  2
 9881 100   0   0   0   0  0  0
 9882  25   0   0   0   1  0  0
 9883 262   1   0   0   2  0  0
 9884 763   0   5   4   3  0  0
 9885 212   2   0   0   6  0  0
 9886 564   0   7  80   9  0  0
 9887 660   0  10   0   0  1  0
 9888 564   0  11  81  12  0  0
 9889 212   2   0   0   6  0  0
 9890 564   0   7  82   9  0  0
 9891 660   0  10   0   0  1  0
 9892 564   0  11  83  12  0  0
 9893 212   0   0   0   6  0  0
 9894 564   0   0   0   9  0  0
 9895 94064   0   0   0   0  0  0
 9896   0   0   0   0   0  0  3
 9897   0   0   0   0   0  0  1
 9898  10   0   0   0   0  0  2
 9899 100   0   0   0   0  0  0
 9900  25   0   0   0   1  0  0
 9901 262   1   0   0   2  0  0
 9902 763   0   5  13   3  0  0
 9903 212   2   0   0   6  0  0
 9904 564   0   7  80   9  0  0
 9905 660   0  10   0   0  1  0
 9906 564   0  11  81  12  0  0
 9907 212   2   0   0   6  0  0
 9908 564   0   7  82   9  0  0
 9909 660   0  10   0   0  1  0
 9910 564   0  11  83  12  0  0
 9911 212   0   0   0   6  0  0
 9912 564   0   0   0   9  0  0
 9913 94064   0   0   0   0  0  0
 9914   0   0   0   0   0  0  3
 9915   0   0   0   0   0  0  1
 9916  10   0   0   0   0  0  2
 9917 100   0   0   0   0  0  0
 9918  25   0   0   0   1  0  0
 9919 262   1   0   0   2  0  0
 9920 763   0   5   4   3  0  0
 9921 212   2   0   0   6  0  0
 9922 564   0   7  84   9  0  0
 9923 660   0  10   0   0  1  0
 9924 564   0  11  85  12  0  0
 9925 212   2   0   0   6  0  0
 9926 564   0   7  86   9  0  0
 9927 660   0  10   0   0  1  0
 9928 564   0  11  87  12  0  0
 9929 212   0   0   0   6  0  0
 9930 564   0   0   0   9  0  0
 9931 94064   0   0   0   0  0  0
 9932   0   0   0   0   0  0  3
 9933   0   0   0   0   0  0  1
 9934  10   0   0   0   0  0  2
 9935 100   0   0   0   0  0  0
 9936  25   0   0   0   1  0  0
 9937 262   1   0   0   2  0  0
 9938 763   0   5  13   3  0  0
 9939 212   2   0   0   6  0  0
 9940 564   0   7  84   9  0  0
 9941 660   0  10   0   0  1  0
 9942 564   0  11  85  12  0  0
 9943 212   2   0   0   6  0  0
 9944 564   0   7  86   9  0  0
 9945 660   0  10   0   0  1  0
 9946 564   0  11  87  12  0  0
 9947 212   0   0   0   6  0  0
 9948 564   0   0   0   9  0  0
 9949 94064   0   0   0   0  0  0
 9950   0   0   0   0   0  0  3
 9951   0   0   0   0   0  0  1
 9952  10   0   0   0   0  0  2
 9953 100   0   0   0   0  0  0
 9954  25   0   0   0   1  0  0
 9955 262   1   0   0   2  0  0
 9956 763   0   5   4   3  0  0
 9957 212   2   0   0   6  0  0
 9958 564   0   7  88   9  0  0
 9959 660   0  10   0   0  1  0
 9960 564   0  11  89  12  0  0
 9961 212   2   0   0   6  0  0
 9962 564   0   7  90   9  0  0
 9963 660   0  10   0   0  1  0
 9964 564   0  11  91  12  0  0
 9965 212   0   0   0   6  0  0
 9966 564   0   0   0   9  0  0
 9967 94064   0   0   0   0  0  0
 9968   0   0   0   0   0  0  3
 9969   0   0   0   0   0  0  1
 9970  10   0   0   0   0  0  2
 9971 100   0   0   0   0  0  0
 9972  25   0   0   0   1  0  0
 9973 262   1   0   0   2  0  0
 9974 763   0   5  13   3  0  0
 9975 212   2   0   0   6  0  0
 9976 564   0   7  88   9  0  0
 9977 660   0  10   0   0  1  0
 9978 564   0  11  89  12  0  0
 9979 212   2   0   0   6  0  0
 9980 564   0   7  90   9  0  0
 9981 660   0  10   0   0  1  0
 9982 564   0  11  91  12  0  0
 9983 212   0   0   0   6  0  0
 9984 564   0   0   0   9  0  0
 9985 94064   0   0   0   0  0  0
 9986   0   0   0   0   0  0  3
 9987   0   0   0   0   0  0  1
 9988  10   0   0   0   0  0  2
 9989 100   0   0   0   0  0  0
 9990  25   0   0   0   1  0  0
 9991 262   1   0   0   2  0  0
 9992 763   0   5   4   3  0  0
 9993 212   2   0   0   6  0  0
 9994 564   0   7  92   9  0  0
 9995 660   0  10   0   0  1  0
 9996 564   0  11  93  12  0  0
 9997 212   2   0   0   6  0  0
 9998 564   0   7  94   9  0  0
 9999 660   0  10   0   0  1  0
10000 564   0  11  95  12  0  0
10001 212   0   0   0   6  0  0
10002 564   0   0   0   9  0  0
10003 94064   0   0   0   0  0  0
10004   0   0   0   0   0  0  3
10005   0   0   0   0   0  0  1
10006  10   0   0   0   0  0  2
10007 100   0   0   0   0  0  0
10008  25   0   0   0   1  0  0
10009 262   1   0   0   2  0  0
10010 763   0   5  13   3  0  0
10011 212   2   0   0   6  0  0
10012 564   0   7  92   9  0  0
10013 660   0  10   0   0  1  0
10014 564   0  11  93  12  0  0
10015 212   2   0   0   6  0  0
10016 564   0   7  94   9  0  0
10017 660   0  10   0   0  1  0
10018 564   0  11  95  12  0  0
10019 212   0   0   0   6  0  0
10020 564   0   0   0   9  0  0
10021 94064   0   0   0   0  0  0
10022   0   0   0   0   0  0  3
10023   0   0   0   0   0  0  1
10024  10   0   0   0   0  0  2
10025 100   0   0   0   0  0  0
10026  25   0   0   0   1  0  0
10027 262   1   0   0   2  0  0
10028 763   0   5   4   3  0  0
10029 212   2   0   0   6  0  0
10030 564   0   7  96   9  0  0
10031 660   0  10   0   0  1  0
10032 564   0  11  97  12  0  0
10033 212   2   0   0   6  0  0
10034 564   0   7  98   9  0  0
10035 660   0  10   0   0  1  0
10036 564   0  11  99  12  0  0
10037 212   0   0   0   6  0  0
10038 564   0   0   0   9  0  0
10039 94064   0   0   0   0  0  0
10040   0   0   0   0   0  0  3
10041   0   0   0   0   0  0  1
10042  10   0   0   0   0  0  2
10043 100   0   0   0   0  0  0
10044  25   0   0   0   1  0  0
10045 262   1   0   0   2  0  0
10046 763   0   5  13   3  0  0
10047 212   2   0   0   6  0  0
10048 564   0   7  96   9  0  0
10049 660   0  10   0   0  1  0
10050 564   0  11  97  12  0  0
10051 212   2   0   0   6  0  0
10052 564   0   7  98   9  0  0
10053 660   0  10   0   0  1  0
10054 564   0  11  99  12  0  0
10055 212   0   0   0   6  0  0
10056 564   0   0   0   9  0  0
10057 94064   0   0   0   0  0  0
10058   0   0   0   0   0  0  3
10059   0   0   0   0   0  0  1
10060  10   0   0   0   0  0  2
10061 100   0   0   0   0  0  0
10062  25   0   0   0   1  0  0
10063 262   1   0   0   2  0  0
10064 763   0   5   4   3  0  0
10065 212   2   0   0   6  0  0
10066 564   0   7 100   9  0  0
10067 660   0  10   0   0  1  0
10068 564   0  11 101  12  0  0
10069 212   2   0   0   6  0  0
10070 564   0   7 102   9  0  0
10071 660   0  10   0   0  1  0
10072 564   0  11 103  12  0  0
10073 212   0   0   0   6  0  0
10074 564   0   0   0   9  0  0
10075 94064   0   0   0   0  0  0
10076   0   0   0   0   0  0  3
10077   0   0   0   0   0  0  1
10078  10   0   0   0   0  0  2
10079 100   0   0   0   0  0  0
10080  25   0   0   0   1  0  0
10081 262   1   0   0   2  0  0
10082 763   0   5  13   3  0  0
10083 212   2   0   0   6  0  0
10084 564   0   7 100   9  0  0
10085 660   0  10   0   0  1  0
10086 564   0  11 101  12  0  0
10087 212   2   0   0   6  0  0
10088 564   0   7 102   9  0  0
10089 660   0  10   0   0  1  0
10090 564   0  11 103  12  0  0
10091 212   0   0   0   6  0  0
10092 564   0   0   0   9  0  0
10093 94064   0   0   0   0  0  0
10094   0   0   0   0   0  0  3
10095   0   0   0   0   0  0  1
10096  10   0   0   0   0  0  2
10097 100   0   0   0   0  0  0
10098  25   0   0   0   1  0  0
10099 262   1   0   0   2  0  0
10100 763   0   5   4   3  0  0
10101 212   2   0   0   6  0  0
10102 564   0   7 104   9  0  0
10103 660   0  10   0   0  1  0
10104 564   0  11 105  12  0  0
10105 212   2   0   0   6  0  0
10106 564   0   7 106   9  0  0
10107 660   0  10   0   0  1  0
10108 564   0  11 107  12  0  0
10109 212   0   0   0   6  0  0
10110 564   0   0   0   9  0  0
10111 94064   0   0   0   0  0  0
10112   0   0   0   0   0  0  3
10113   0   0   0   0   0  0  1
10114  10   0   0   0   0  0  2
10115 100   0   0   0   0  0  0
10116  25   0   0   0   1  0  0
10117 262   1   0   0   2  0  0
10118 763   0   5  13   3  0  0
10119 212   2   0   0   6  0  0
10120 564   0   7 104   9  0  0
10121 660   0  10   0   0  1  0
10122 564   0  11 105  12  0  0
10123 212   2   0   0   6  0  0
10124 564   0   7 106   9  0  0
10125 660   0  10   0   0  1  0
10126 564   0  11 107  12  0  0
10127 212   0   0   0   6  0  0
10128 564   0   0   0   9  0  0
10129 94064   0   0   0   0  0  0
10130   0   0   0   0   0  0  3
10131   0   0   0   0   0  0  1
10132  10   0   0   0   0  0  2
10133 100   0   0   0   0  0  0
10134  25   0   0   0   1  0  0
10135 262   1   0   0   2  0  0
10136 763   0   5   4   3  0  0
10137 212   2   0   0   6  0  0
10138 564   0   7 108   9  0  0
10139 660   0  10   0   0  1  0
10140 564   0  11 109  12  0  0
10141 212   2   0   0   6  0  0
10142 564   0   7 110   9  0  0
10143 660   0  10   0   0  1  0
10144 564   0  11 111  12  0  0
10145 212   0   0   0   6  0  0
10146 564   0   0   0   9  0  0
10147 94064   0   0   0   0  0  0
10148   0   0   0   0   0  0  3
10149   0   0   0   0   0  0  1
10150  10   0   0   0   0  0  2
10151 100   0   0   0   0  0  0
10152  25   0   0   0   1  0  0
10153 262   1   0   0   2  0  0
10154 763   0   5  13   3  0  0
10155 212   2   0   0   6  0  0
10156 564   0   7 108   9  0  0
10157 660   0  10   0   0  1  0
10158 564   0  11 109  12  0  0
10159 212   2   0   0   6  0  0
10160 564   0   7 110   9  0  0
10161 660   0  10   0   0  1  0
10162 564   0  11 111  12  0  0
10163 212   0   0   0   6  0  0
10164 564   0   0   0   9  0  0
10165 94064   0   0   0   0  0  0
10166   0   0   0   0   0  0  3
10167   0   0   0   0   0  0  1
10168  10   0   0   0   0  0  2
10169 100   0   0   0   0  0  0
10170  25   0   0   0   1  0  0
10171 262   1   0   0   2  0  0
10172 763   0   5   4   3  0  0
10173 212   2   0   0   6  0  0
10174 564   0   7 112   9  0  0
10175 660   0  10   0   0  1  0
10176 564   0  11 113  12  0  0
10177 212   2   0   0   6  0  0
10178 564   0   7 114   9  0  0
10179 660   0  10   0   0  1  0
10180 564   0  11 115  12  0  0
10181 212   0   0   0   6  0  0
10182 564   0   0   0   9  0  0
10183 94064   0   0   0   0  0  0
10184   0   0   0   0   0  0  3
10185   0   0   0   0   0  0  1
10186  10   0   0   0   0  0  2
10187 100   0   0   0   0  0  0
10188  25   0   0   0   1  0  0
10189 262   1   0   0   2  0  0
10190 763   0   5  13   3  0  0
10191 212   2   0   0   6  0  0
10192 564   0   7 112   9  0  0
10193 660   0  10   0   0  1  0
10194 564   0  11 113  12  0  0
10195 212   2   0   0   6  0  0
10196 564   0   7 114   9  0  0
10197 660   0  10   0   0  1  0
10198 564   0  11 115  12  0  0
10199 212   0   0   0   6  0  0
10200 564   0   0   0   9  0  0
10201 94064   0   0   0   0  0  0
10202   0   0   0   0   0  0  3
10203   0   0   0   0   0  0  1
10204  10   0   0   0   0  0  2
10205 100   0   0   0   0  0  0
10206  25   0   0   0   1  0  0
10207 262   1   0   0   2  0  0
10208 763   0   5   4   3  0  0
10209 212   2   0   0   6  0  0
10210 564   0   7 116   9  0  0
10211 660   0  10   0   0  1  0
10212 564   0  11 117  12  0  0
10213 212   2   0   0   6  0  0
10214 564   0   7 118   9  0  0
10215 660   0  10   0   0  1  0
10216 564   0  11 119  12  0  0
10217 212   0   0   0   6  0  0
10218 564   0   0   0   9  0  0
10219 94064   0   0   0   0  0  0
10220   0   0   0   0   0  0  3
10221   0   0   0   0   0  0  1
10222  10   0   0   0   0  0  2
10223 100   0   0   0   0  0  0
10224  25   0   0   0   1  0  0
10225 262   1   0   0   2  0  0
10226 763   0   5  13   3  0  0
10227 212   2   0   0   6  0  0
10228 564   0   7 116   9  0  0
10229 660   0  10   0   0  1  0
10230 564   0  11 117  12  0  0
10231 212   2   0   0   6  0  0
10232 564   0   7 118   9  0  0
10233 660   0  10   0   0  1  0
10234 564   0  11 119  12  0  0
10235 212   0   0   0   6  0  0
10236 564   0   0   0   9  0  0
10237 94064   0   0   0   0  0  0
10238   0   0   0   0   0  0  3
10239   0   0   0   0   0  0  1
10240  10   0   0   0   0  0  2
10241 100   0   0   0   0  0  0
10242  25   0   0   0   1  0  0
10243 262   1   0   0   2  0  0
10244 763   0   5   4   3  0  0
10245 212   2   0   0   6  0  0
10246 564   0   7 120   9  0  0
10247 660   0  10   0   0  1  0
10248 564   0  11 121  12  0  0
10249 212   2   0   0   6  0  0
10250 564   0   7 122   9  0  0
10251 660   0  10   0   0  1  0
10252 564   0  11 123  12  0  0
10253 212   0   0   0   6  0  0
10254 564   0   0   0   9  0  0
10255 94064   0   0   0   0  0  0
10256   0   0   0   0   0  0  3
10257   0   0   0   0   0  0  1
10258  10   0   0   0   0  0  2
10259 100   0   0   0   0  0  0
10260  25   0   0   0   1  0  0
10261 262   1   0   0   2  0  0
10262 763   0   5  13   3  0  0
10263 212   2   0   0   6  0  0
10264 564   0   7 120   9  0  0
10265 660   0  10   0   0  1  0
10266 564   0  11 121  12  0  0
10267 212   2   0   0   6  0  0
10268 564   0   7 122   9  0  0
10269 660   0  10   0   0  1  0
10270 564   0  11 123  12  0  0
10271 212   0   0   0   6  0  0
10272 564   0   0   0   9  0  0
10273 94064   0   0   0   0  0  0
10274   0   0   0   0   0  0  3
10275   0   0   0   0   0  0  1
10276  10   0   0   0   0  0  2
10277 100   0   0   0   0  0  0
10278  25   0   0   0   1  0  0
10279 262   1   0   0   2  0  0
10280 763   0   5   4   3  0  0
10281 212   2   0   0   6  0  0
10282 564   0   7 124   9  0  0
10283 660   0  10   0   0  1  0
10284 564   0  11 125  12  0  0
10285 212   2   0   0   6  0  0
10286 564   0   7 126   9  0  0
10287 660   0  10   0   0  1  0
10288 564   0  11 127  12  0  0
10289 212   0   0   0   6  0  0
10290 564   0   0   0   9  0  0
10291 94064   0   0   0   0  0  0
10292   0   0   0   0   0  0  3
10293   0   0   0   0   0  0  1
10294  10   0   0   0   0  0  2
10295 100   0   0   0   0  0  0
10296  25   0   0   0   1  0  0
10297 262   1   0   0   2  0  0
10298 763   0   5  13   3  0  0
10299 212   2   0   0   6  0  0
10300 564   0   7 124   9  0  0
10301 660   0  10   0   0  1  0
10302 564   0  11 125  12  0  0
10303 212   2   0   0   6  0  0
10304 564   0   7 126   9  0  0
10305 660   0  10   0   0  1  0
10306 564   0  11 127  12  0  0
10307 212   0   0   0   6  0  0
10308 564   0   0   0   9  0  0
10309 94064   0   0   0   0  0  0
10310   0   0   0   0   0  0  3
10311   0   0   0   0   0  0  1
10312  10   0   0   0   0  0  2
10313 100   0   0   0   0  0  0
10314  25   0   0   0   1  0  0
10315 262   1   0   0   2  0  0
10316 763   0   5   4   3  0  0
10317 212   2   0   0   6  0  0
10318 564   0   7 128   9  0  0
10319 660   0  10   0   0  1  0
10320 564   0  11 129  12  0  0
10321 212   2   0   0   6  0  0
10322 564   0   7 130   9  0  0
10323 660   0  10   0   0  1  0
10324 564   0  11 131  12  0  0
10325 212   0   0   0   6  0  0
10326 564   0   0   0   9  0  0
10327 94064   0   0   0   0  0  0
10328   0   0   0   0   0  0  3
10329   0   0   0   0   0  0  1
10330  10   0   0   0   0  0  2
10331 100   0   0   0   0  0  0
10332  25   0   0   0   1  0  0
10333 262   1   0   0   2  0  0
10334 763   0   5  13   3  0  0
10335 212   2   0   0   6  0  0
10336 564   0   7 128   9  0  0
10337 660   0  10   0   0  1  0
10338 564   0  11 129  12  0  0
10339 212   2   0   0   6  0  0
10340 564   0   7 130   9  0  0
10341 660   0  10   0   0  1  0
10342 564   0  11 131  12  0  0
10343 212   0   0   0   6  0  0
10344 564   0   0   0   9  0  0
10345 94064   0   0   0   0  0  0
10346   0   0   0   0   0  0  3
10347   0   0   0   0   0  0  1
10348  10   0   0   0   0  0  2
10349 100   0   0   0   0  0  0
10350  25   0   0   0   1  0  0
10351 262   1   0   0   2  0  0
10352 763   0   5   4   3  0  0
10353 212   2   0   0   6  0  0
10354 564   0   7 132   9  0  0
10355 660   0  10   0   0  1  0
10356 564   0  11 133  12  0  0
10357 212   2   0   0   6  0  0
10358 564   0   7 134   9  0  0
10359 660   0  10   0   0  1  0
10360 564   0  11 135  12  0  0
10361 212   0   0   0   6  0  0
10362 564   0   0   0   9  0  0
10363 94064   0   0   0   0  0  0
10364   0   0   0   0   0  0  3
10365   0   0   0   0   0  0  1
10366  10   0   0   0   0  0  2
10367 100   0   0   0   0  0  0
10368  25   0   0   0   1  0  0
10369 262   1   0   0   2  0  0
10370 763   0   5  13   3  0  0
10371 212   2   0   0   6  0  0
10372 564   0   7 132   9  0  0
10373 660   0  10   0   0  1  0
10374 564   0  11 133  12  0  0
10375 212   2   0   0   6  0  0
10376 564   0   7 134   9  0  0
10377 660   0  10   0   0  1  0
10378 564   0  11 135  12  0  0
10379 212   0   0   0   6  0  0
10380 564   0   0   0   9  0  0
10381 94064   0   0   0   0  0  0
10382   0   0   0   0   0  0  3
10383   0   0   0   0   0  0  1
10384  10   0   0   0   0  0  2
10385 100   0   0   0   0  0  0
10386  25   0   0   0   1  0  0
10387 262   1   0   0   2  0  0
10388 763   0   5   4   3  0  0
10389 212   2   0   0   6  0  0
10390 564   0   7 136   9  0  0
10391 660   0  10   0   0  1  0
10392 564   0  11 137  12  0  0
10393 212   2   0   0   6  0  0
10394 564   0   7 138   9  0  0
10395 660   0  10   0   0  1  0
10396 564   0  11 139  12  0  0
10397 212   0   0   0   6  0  0
10398 564   0   0   0   9  0  0
10399 94064   0   0   0   0  0  0
10400   0   0   0   0   0  0  3
10401   0   0   0   0   0  0  1
10402  10   0   0   0   0  0  2
10403 100   0   0   0   0  0  0
10404  25   0   0   0   1  0  0
10405 262   1   0   0   2  0  0
10406 763   0   5  13   3  0  0
10407 212   2   0   0   6  0  0
10408 564   0   7 136   9  0  0
10409 660   0  10   0   0  1  0
10410 564   0  11 137  12  0  0
10411 212   2   0   0   6  0  0
10412 564   0   7 138   9  0  0
10413 660   0  10   0   0  1  0
10414 564   0  11 139  12  0  0
10415 212   0   0   0   6  0  0
10416 564   0   0   0   9  0  0
10417 94064   0   0   0   0  0  0
10418   0   0   0   0   0  0  3
10419   0   0   0   0   0  0  1
10420  10   0   0   0   0  0  2
10421 100   0   0   0   0  0  0
10422  25   0   0   0   1  0  0
10423 262   1   0   0   2  0  0
10424 763   0   5   4   3  0  0
10425 212   2   0   0   6  0  0
10426 564   0   7   8   9  0  0
10427 660   0  10   0   0  1  0
10428 564   0  11   8  12  0  0
10429 212   2   0   0   6  0  0
10430 564   0   7 140   9  0  0
10431 660   0  10   0   0  1  0
10432 564   0  11 141  12  0  0
10433 212   0   0   0   6  0  0
10434 564   0   0   0   9  0  0
10435 94064   0   0   0   0  0  0
10436   0   0   0   0   0  0  3
10437   0   0   0   0   0  0  1
10438  10   0   0   0   0  0  2
10439 100   0   0   0   0  0  0
10440  25   0   0   0   1  0  0
10441 262   1   0   0   2  0  0
10442 763   0   5  13   3  0  0
10443 212   2   0   0   6  0  0
10444 564   0   7   8   9  0  0
10445 660   0  10   0   0  1  0
10446 564   0  11   8  12  0  0
10447 212   2   0   0   6  0  0
10448 564   0   7 140   9  0  0
10449 660   0  10   0   0  1  0
10450 564   0  11 141  12  0  0
10451 212   0   0   0   6  0  0
10452 564   0   0   0   9  0  0
10453 94064   0   0   0   0  0  0
10454   0   0   0   0   0  0  3
10455   0   0   0   0   0  0  1
10456  10   0   0   0   0  0  2
10457 100   0   0   0   0  0  0
10458  25   0   0   0   1  0  0
10459 262   1   0   0   2  0  0
10460 763   0   5   4   3  0  0
10461 212   2   0   0   6  0  0
10462 564   0   7 137   9  0  0
10463 660   0  10   0   0  1  0
10464 564   0  11 136  12  0  0
10465 212   2   0   0   6  0  0
10466 564   0   7 139   9  0  0
10467 660   0  10   0   0  1  0
10468 564   0  11 138  12  0  0
10469 212   0   0   0   6  0  0
10470 564   0   0   0   9  0  0
10471 94064   0   0   0   0  0  0
10472   0   0   0   0   0  0  3
10473   0   0   0   0   0  0  1
10474  10   0   0   0   0  0  2
10475 100   0   0   0   0  0  0
10476  25   0   0   0   1  0  0
10477 262   1   0   0   2  0  0
10478 763   0   5  13   3  0  0
10479 212   2   0   0   6  0  0
10480 564   0   7 137   9  0  0
10481 660   0  10   0   0  1  0
10482 564   0  11 136  12  0  0
10483 212   2   0   0   6  0  0
10484 564   0   7 139   9  0  0
10485 660   0  10   0   0  1  0
10486 564   0  11 138  12  0  0
10487 212   0   0   0   6  0  0
10488 564   0   0   0   9  0  0
10489 94064   0   0   0   0  0  0
10490   0   0   0   0   0  0  3
10491   0   0   0   0   0  0  1
10492  10   0   0   0   0  0  2
10493 100   0   0   0   0  0  0
10494  25   0   0   0   1  0  0
10495 262   1   0   0   2  0  0
10496 763   0   5   4   3  0  0
10497 212   2   0   0   6  0  0
10498 564   0   7 133   9  0  0
10499 660   0  10   0   0  1  0
10500 564   0  11 132  12  0  0
10501 212   2   0   0   6  0  0
10502 564   0   7 135   9  0  0
10503 660   0  10   0   0  1  0
10504 564   0  11 134  12  0  0
10505 212   0   0   0   6  0  0
10506 564   0   0   0   9  0  0
10507 94064   0   0   0   0  0  0
10508   0   0   0   0   0  0  3
10509   0   0   0   0   0  0  1
10510  10   0   0   0   0  0  2
10511 100   0   0   0   0  0  0
10512  25   0   0   0   1  0  0
10513 262   1   0   0   2  0  0
10514 763   0   5  13   3  0  0
10515 212   2   0   0   6  0  0
10516 564   0   7 133   9  0  0
10517 660   0  10   0   0  1  0
10518 564   0  11 132  12  0  0
10519 212   2   0   0   6  0  0
10520 564   0   7 135   9  0  0
10521 660   0  10   0   0  1  0
10522 564   0  11 134  12  0  0
10523 212   0   0   0   6  0  0
10524 564   0   0   0   9  0  0
10525 94064   0   0   0   0  0  0
10526   0   0   0   0   0  0  3
10527   0   0   0   0   0  0  1
10528  10   0   0   0   0  0  2
10529 100   0   0   0   0  0  0
10530  25   0   0   0   1  0  0
10531 262   1   0   0   2  0  0
10532 763   0   5   4   3  0  0
10533 212   2   0   0   6  0  0
10534 564   0   7 129   9  0  0
10535 660   0  10   0   0  1  0
10536 564   0  11 128  12  0  0
10537 212   2   0   0   6  0  0
10538 564   0   7 131   9  0  0
10539 660   0  10   0   0  1  0
10540 564   0  11 130  12  0  0
10541 212   0   0   0   6  0  0
10542 564   0   0   0   9  0  0
10543 94064   0   0   0   0  0  0
10544   0   0   0   0   0  0  3
10545   0   0   0   0   0  0  1
10546  10   0   0   0   0  0  2
10547 100   0   0   0   0  0  0
10548  25   0   0   0   1  0  0
10549 262   1   0   0   2  0  0
10550 763   0   5  13   3  0  0
10551 212   2   0   0   6  0  0
10552 564   0   7 129   9  0  0
10553 660   0  10   0   0  1  0
10554 564   0  11 128  12  0  0
10555 212   2   0   0   6  0  0
10556 564   0   7 131   9  0  0
10557 660   0  10   0   0  1  0
10558 564   0  11 130  12  0  0
10559 212   0   0   0   6  0  0
10560 564   0   0   0   9  0  0
10561 94064   0   0   0   0  0  0
10562   0   0   0   0   0  0  3
10563   0   0   0   0   0  0  1
10564  10   0   0   0   0  0  2
10565 100   0   0   0   0  0  0
10566  25   0   0   0   1  0  0
10567 262   1   0   0   2  0  0
10568 763   0   5   4   3  0  0
10569 212   2   0   0   6  0  0
10570 564   0   7 125   9  0  0
10571 660   0  10   0   0  1  0
10572 564   0  11 124  12  0  0
10573 212   2   0   0   6  0  0
10574 564   0   7 127   9  0  0
10575 660   0  10   0   0  1  0
10576 564   0  11 126  12  0  0
10577 212   0   0   0   6  0  0
10578 564   0   0   0   9  0  0
10579 94064   0   0   0   0  0  0
10580   0   0   0   0   0  0  3
10581   0   0   0   0   0  0  1
10582  10   0   0   0   0  0  2
10583 100   0   0   0   0  0  0
10584  25   0   0   0   1  0  0
10585 262   1   0   0   2  0  0
10586 763   0   5  13   3  0  0
10587 212   2   0   0   6  0  0
10588 564   0   7 125   9  0  0
10589 660   0  10   0   0  1  0
10590 564   0  11 124  12  0  0
10591 212   2   0   0   6  0  0
10592 564   0   7 127   9  0  0
10593 660   0  10   0   0  1  0
10594 564   0  11 126  12  0  0
10595 212   0   0   0   6  0  0
10596 564   0   0   0   9  0  0
10597 94064   0   0   0   0  0  0
10598   0   0   0   0   0  0  3
10599   0   0   0   0   0  0  1
10600  10   0   0   0   0  0  2
10601 100   0   0   0   0  0  0
10602  25   0   0   0   1  0  0
10603 262   1   0   0   2  0  0
10604 763   0   5   4   3  0  0
10605 212   2   0   0   6  0  0
10606 564   0   7 121   9  0  0
10607 660   0  10   0   0  1  0
10608 564   0  11 120  12  0  0
10609 212   2   0   0   6  0  0
10610 564   0   7 123   9  0  0
10611 660   0  10   0   0  1  0
10612 564   0  11 122  12  0  0
10613 212   0   0   0   6  0  0
10614 564   0   0   0   9  0  0
10615 94064   0   0   0   0  0  0
10616   0   0   0   0   0  0  3
10617   0   0   0   0   0  0  1
10618  10   0   0   0   0  0  2
10619 100   0   0   0   0  0  0
10620  25   0   0   0   1  0  0
10621 262   1   0   0   2  0  0
10622 763   0   5  13   3  0  0
10623 212   2   0   0   6  0  0
10624 564   0   7 121   9  0  0
10625 660   0  10   0   0  1  0
10626 564   0  11 120  12  0  0
10627 212   2   0   0   6  0  0
10628 564   0   7 123   9  0  0
10629 660   0  10   0   0  1  0
10630 564   0  11 122  12  0  0
10631 212   0   0   0   6  0  0
10632 564   0   0   0   9  0  0
10633 94064   0   0   0   0  0  0
10634   0   0   0   0   0  0  3
10635   0   0   0   0   0  0  1
10636  10   0   0   0   0  0  2
10637 100   0   0   0   0  0  0
10638  25   0   0   0   1  0  0
10639 262   1   0   0   2  0  0
10640 763   0   5   4   3  0  0
10641 212   2   0   0   6  0  0
10642 564   0   7 117   9  0  0
10643 660   0  10   0   0  1  0
10644 564   0  11 116  12  0  0
10645 212   2   0   0   6  0  0
10646 564   0   7 119   9  0  0
10647 660   0  10   0   0  1  0
10648 564   0  11 118  12  0  0
10649 212   0   0   0   6  0  0
10650 564   0   0   0   9  0  0
10651 94064   0   0   0   0  0  0
10652   0   0   0   0   0  0  3
10653   0   0   0   0   0  0  1
10654  10   0   0   0   0  0  2
10655 100   0   0   0   0  0  0
10656  25   0   0   0   1  0  0
10657 262   1   0   0   2  0  0
10658 763   0   5  13   3  0  0
10659 212   2   0   0   6  0  0
10660 564   0   7 117   9  0  0
10661 660   0  10   0   0  1  0
10662 564   0  11 116  12  0  0
10663 212   2   0   0   6  0  0
10664 564   0   7 119   9  0  0
10665 660   0  10   0   0  1  0
10666 564   0  11 118  12  0  0
10667 212   0   0   0   6  0  0
10668 564   0   0   0   9  0  0
10669 94064   0   0   0   0  0  0
10670   0   0   0   0   0  0  3
10671   0   0   0   0   0  0  1
10672  10   0   0   0   0  0  2
10673 100   0   0   0   0  0  0
10674  25   0   0   0   1  0  0
10675 262   1   0   0   2  0  0
10676 763   0   5   4   3  0  0
10677 212   2   0   0   6  0  0
10678 564   0   7 113   9  0  0
10679 660   0  10   0   0  1  0
10680 564   0  11 112  12  0  0
10681 212   2   0   0   6  0  0
10682 564   0   7 115   9  0  0
10683 660   0  10   0   0  1  0
10684 564   0  11 114  12  0  0
10685 212   0   0   0   6  0  0
10686 564   0   0   0   9  0  0
10687 94064   0   0   0   0  0  0
10688   0   0   0   0   0  0  3
10689   0   0   0   0   0  0  1
10690  10   0   0   0   0  0  2
10691 100   0   0   0   0  0  0
10692  25   0   0   0   1  0  0
10693 262   1   0   0   2  0  0
10694 763   0   5  13   3  0  0
10695 212   2   0   0   6  0  0
10696 564   0   7 113   9  0  0
10697 660   0  10   0   0  1  0
10698 564   0  11 112  12  0  0
10699 212   2   0   0   6  0  0
10700 564   0   7 115   9  0  0
10701 660   0  10   0   0  1  0
10702 564   0  11 114  12  0  0
10703 212   0   0   0   6  0  0
10704 564   0   0   0   9  0  0
10705 94064   0   0   0   0  0  0
10706   0   0   0   0   0  0  3
10707   0   0   0   0   0  0  1
10708  10   0   0   0   0  0  2
10709 100   0   0   0   0  0  0
10710  25   0   0   0   1  0  0
10711 262   1   0   0   2  0  0
10712 763   0   5   4   3  0  0
10713 212   2   0   0   6  0  0
10714 564   0   7 109   9  0  0
10715 660   0  10   0   0  1  0
10716 564   0  11 108  12  0  0
10717 212   2   0   0   6  0  0
10718 564   0   7 111   9  0  0
10719 660   0  10   0   0  1  0
10720 564   0  11 110  12  0  0
10721 212   0   0   0   6  0  0
10722 564   0   0   0   9  0  0
10723 94064   0   0   0   0  0  0
10724   0   0   0   0   0  0  3
10725   0   0   0   0   0  0  1
10726  10   0   0   0   0  0  2
10727 100   0   0   0   0  0  0
10728  25   0   0   0   1  0  0
10729 262   1   0   0   2  0  0
10730 763   0   5  13   3  0  0
10731 212   2   0   0   6  0  0
10732 564   0   7 109   9  0  0
10733 660   0  10   0   0  1  0
10734 564   0  11 108  12  0  0
10735 212   2   0   0   6  0  0
10736 564   0   7 111   9  0  0
10737 660   0  10   0   0  1  0
10738 564   0  11 110  12  0  0
10739 212   0   0   0   6  0  0
10740 564   0   0   0   9  0  0
10741 94064   0   0   0   0  0  0
10742   0   0   0   0   0  0  3
10743   0   0   0   0   0  0  1
10744  10   0   0   0   0  0  2
10745 100   0   0   0   0  0  0
10746  25   0   0   0   1  0  0
10747 262   1   0   0   2  0  0
10748 763   0   5   4   3  0  0
10749 212   2   0   0   6  0  0
10750 564   0   7 105   9  0  0
10751 660   0  10   0   0  1  0
10752 564   0  11 104  12  0  0
10753 212   2   0   0   6  0  0
10754 564   0   7 107   9  0  0
10755 660   0  10   0   0  1  0
10756 564   0  11 106  12  0  0
10757 212   0   0   0   6  0  0
10758 564   0   0   0   9  0  0
10759 94064   0   0   0   0  0  0
10760   0   0   0   0   0  0  3
10761   0   0   0   0   0  0  1
10762  10   0   0   0   0  0  2
10763 100   0   0   0   0  0  0
10764  25   0   0   0   1  0  0
10765 262   1   0   0   2  0  0
10766 763   0   5  13   3  0  0
10767 212   2   0   0   6  0  0
10768 564   0   7 105   9  0  0
10769 660   0  10   0   0  1  0
10770 564   0  11 104  12  0  0
10771 212   2   0   0   6  0  0
10772 564   0   7 107   9  0  0
10773 660   0  10   0   0  1  0
10774 564   0  11 106  12  0  0
10775 212   0   0   0   6  0  0
10776 564   0   0   0   9  0  0
10777 94064   0   0   0   0  0  0
10778   0   0   0   0   0  0  3
10779   0   0   0   0   0  0  1
10780  10   0   0   0   0  0  2
10781 100   0   0   0   0  0  0
10782  25   0   0   0   1  0  0
10783 262   1   0   0   2  0  0
10784 763   0   5   4   3  0  0
10785 212   2   0   0   6  0  0
10786 564   0   7 101   9  0  0
10787 660   0  10   0   0  1  0
10788 564   0  11 100  12  0  0
10789 212   2   0   0   6  0  0
10790 564   0   7 103   9  0  0
10791 660   0  10   0   0  1  0
10792 564   0  11 102  12  0  0
10793 212   0   0   0   6  0  0
10794 564   0   0   0   9  0  0
10795 94064   0   0   0   0  0  0
10796   0   0   0   0   0  0  3
10797   0   0   0   0   0  0  1
10798  10   0   0   0   0  0  2
10799 100   0   0   0   0  0  0
10800  25   0   0   0   1  0  0
10801 262   1   0   0   2  0  0
10802 763   0   5  13   3  0  0
10803 212   2   0   0   6  0  0
10804 564   0   7 101   9  0  0
10805 660   0  10   0   0  1  0
10806 564   0  11 100  12  0  0
10807 212   2   0   0   6  0  0
10808 564   0   7 103   9  0  0
10809 660   0  10   0   0  1  0
10810 564   0  11 102  12  0  0
10811 212   0   0   0   6  0  0
10812 564   0   0   0   9  0  0
10813 94064   0   0   0   0  0  0
10814   0   0   0   0   0  0  3
10815   0   0   0   0   0  0  1
10816  10   0   0   0   0  0  2
10817 100   0   0   0   0  0  0
10818  25   0   0   0   1  0  0
10819 262   1   0   0   2  0  0
10820 763   0   5   4   3  0  0
10821 212   2   0   0   6  0  0
10822 564   0   7  97   9  0  0
10823 660   0  10   0   0  1  0
10824 564   0  11  96  12  0  0
10825 212   2   0   0   6  0  0
10826 564   0   7  99   9  0  0
10827 660   0  10   0   0  1  0
10828 564   0  11  98  12  0  0
10829 212   0   0   0   6  0  0
10830 564   0   0   0   9  0  0
10831 94064   0   0   0   0  0  0
10832   0   0   0   0   0  0  3
10833   0   0   0   0   0  0  1
10834  10   0   0   0   0  0  2
10835 100   0   0   0   0  0  0
10836  25   0   0   0   1  0  0
10837 262   1   0   0   2  0  0
10838 763   0   5  13   3  0  0
10839 212   2   0   0   6  0  0
10840 564   0   7  97   9  0  0
10841 660   0  10   0   0  1  0
10842 564   0  11  96  12  0  0
10843 212   2   0   0   6  0  0
10844 564   0   7  99   9  0  0
10845 660   0  10   0   0  1  0
10846 564   0  11  98  12  0  0
10847 212   0   0   0   6  0  0
10848 564   0   0   0   9  0  0
10849 94064   0   0   0   0  0  0
10850   0   0   0   0   0  0  3
10851   0   0   0   0   0  0  1
10852  10   0   0   0   0  0  2
10853 100   0   0   0   0  0  0
10854  25   0   0   0   1  0  0
10855 262   1   0   0   2  0  0
10856 763   0   5   4   3  0  0
10857 212   2   0   0   6  0  0
10858 564   0   7  93   9  0  0
10859 660   0  10   0   0  1  0
10860 564   0  11  92  12  0  0
10861 212   2   0   0   6  0  0
10862 564   0   7  95   9  0  0
10863 660   0  10   0   0  1  0
10864 564   0  11  94  12  0  0
10865 212   0   0   0   6  0  0
10866 564   0   0   0   9  0  0
10867 94064   0   0   0   0  0  0
10868   0   0   0   0   0  0  3
10869   0   0   0   0   0  0  1
10870  10   0   0   0   0  0  2
10871 100   0   0   0   0  0  0
10872  25   0   0   0   1  0  0
10873 262   1   0   0   2  0  0
10874 763   0   5  13   3  0  0
10875 212   2   0   0   6  0  0
10876 564   0   7  93   9  0  0
10877 660   0  10   0   0  1  0
10878 564   0  11  92  12  0  0
10879 212   2   0   0   6  0  0
10880 564   0   7  95   9  0  0
10881 660   0  10   0   0  1  0
10882 564   0  11  94  12  0  0
10883 212   0   0   0   6  0  0
10884 564   0   0   0   9  0  0
10885 94064   0   0   0   0  0  0
10886   0   0   0   0   0  0  3
10887   0   0   0   0   0  0  1
10888  10   0   0   0   0  0  2
10889 100   0   0   0   0  0  0
10890  25   0   0   0   1  0  0
10891 262   1   0   0   2  0  0
10892 763   0   5   4   3  0  0
10893 212   2   0   0   6  0  0
10894 564   0   7  89   9  0  0
10895 660   0  10   0   0  1  0
10896 564   0  11  88  12  0  0
10897 212   2   0   0   6  0  0
10898 564   0   7  91   9  0  0
10899 660   0  10   0   0  1  0
10900 564   0  11  90  12  0  0
10901 212   0   0   0   6  0  0
10902 564   0   0   0   9  0  0
10903 94064   0   0   0   0  0  0
10904   0   0   0   0   0  0  3
10905   0   0   0   0   0  0  1
10906  10   0   0   0   0  0  2
10907 100   0   0   0   0  0  0
10908  25   0   0   0   1  0  0
10909 262   1   0   0   2  0  0
10910 763   0   5  13   3  0  0
10911 212   2   0   0   6  0  0
10912 564   0   7  89   9  0  0
10913 660   0  10   0   0  1  0
10914 564   0  11  88  12  0  0
10915 212   2   0   0   6  0  0
10916 564   0   7  91   9  0  0
10917 660   0  10   0   0  1  0
10918 564   0  11  90  12  0  0
10919 212   0   0   0   6  0  0
10920 564   0   0   0   9  0  0
10921 94064   0   0   0   0  0  0
10922   0   0   0   0   0  0  3
10923   0   0   0   0   0  0  1
10924  10   0   0   0   0  0  2
10925 100   0   0   0   0  0  0
10926  25   0   0   0   1  0  0
10927 262   1   0   0   2  0  0
10928 763   0   5   4   3  0  0
10929 212   2   0   0   6  0  0
10930 564   0   7  85   9  0  0
10931 660   0  10   0   0  1  0
10932 564   0  11  84  12  0  0
10933 212   2   0   0   6  0  0
10934 564   0   7  87   9  0  0
10935 660   0  10   0   0  1  0
10936 564   0  11  86  12  0  0
10937 212   0   0   0   6  0  0
10938 564   0   0   0   9  0  0
10939 94064   0   0   0   0  0  0
10940   0   0   0   0   0  0  3
10941   0   0   0   0   0  0  1
10942  10   0   0   0   0  0  2
10943 100   0   0   0   0  0  0
10944  25   0   0   0   1  0  0
10945 262   1   0   0   2  0  0
10946 763   0   5  13   3  0  0
10947 212   2   0   0   6  0  0
10948 564   0   7  85   9  0  0
10949 660   0  10   0   0  1  0
10950 564   0  11  84  12  0  0
10951 212   2   0   0   6  0  0
10952 564   0   7  87   9  0  0
10953 660   0  10   0   0  1  0
10954 564   0  11  86  12  0  0
10955 212   0   0   0   6  0  0
10956 564   0   0   0   9  0  0
10957 94064   0   0   0   0  0  0
10958   0   0   0   0   0  0  3
10959   0   0   0   0   0  0  1
10960  10   0   0   0   0  0  2
10961 100   0   0   0   0  0  0
10962  25   0   0   0   1  0  0
10963 262   1   0   0   2  0  0
10964 763   0   5   4   3  0  0
10965 212   2   0   0   6  0  0
10966 564   0   7  81   9  0  0
10967 660   0  10   0   0  1  0
10968 564   0  11  80  12  0  0
10969 212   2   0   0   6  0  0
10970 564   0   7  83   9  0  0
10971 660   0  10   0   0  1  0
10972 564   0  11  82  12  0  0
10973 212   0   0   0   6  0  0
10974 564   0   0   0   9  0  0
10975 94064   0   0   0   0  0  0
10976   0   0   0   0   0  0  3
10977   0   0   0   0   0  0  1
10978  10   0   0   0   0  0  2
10979 100   0   0   0   0  0  0
10980  25   0   0   0   1  0  0
10981 262   1   0   0   2  0  0
10982 763   0   5  13   3  0  0
10983 212   2   0   0   6  0  0
10984 564   0   7  81   9  0  0
10985 660   0  10   0   0  1  0
10986 564   0  11  80  12  0  0
10987 212   2   0   0   6  0  0
10988 564   0   7  83   9  0  0
10989 660   0  10   0   0  1  0
10990 564   0  11  82  12  0  0
10991 212   0   0   0   6  0  0
10992 564   0   0   0   9  0  0
10993 94064   0   0   0   0  0  0
10994   0   0   0   0   0  0  3
10995   0   0   0   0   0  0  1
10996  10   0   0   0   0  0  2
10997 100   0   0   0   0  0  0
10998  25   0   0   0   1  0  0
10999 262   1   0   0   2  0  0
11000 763   0   5   4   3  0  0
11001 212   2   0   0   6  0  0
11002 564   0   7  77   9  0  0
11003 660   0  10   0   0  1  0
11004 564   0  11  76  12  0  0
11005 212   2   0   0   6  0  0
11006 564   0   7  79   9  0  0
11007 660   0  10   0   0  1  0
11008 564   0  11  78  12  0  0
11009 212   0   0   0   6  0  0
11010 564   0   0   0   9  0  0
11011 94064   0   0   0   0  0  0
11012   0   0   0   0   0  0  3
11013   0   0   0   0   0  0  1
11014  10   0   0   0   0  0  2
11015 100   0   0   0   0  0  0
11016  25   0   0   0   1  0  0
11017 262   1   0   0   2  0  0
11018 763   0   5  13   3  0  0
11019 212   2   0   0   6  0  0
11020 564   0   7  77   9  0  0
11021 660   0  10   0   0  1  0
11022 564   0  11  76  12  0  0
11023 212   2   0   0   6  0  0
11024 564   0   7  79   9  0  0
11025 660   0  10   0   0  1  0
11026 564   0  11  78  12  0  0
11027 212   0   0   0   6  0  0
11028 564   0   0   0   9  0  0
11029 94064   0   0   0   0  0  0
11030   0   0   0   0   0  0  3
11031   0   0   0   0   0  0  1
11032  10   0   0   0   0  0  2
11033 100   0   0   0   0  0  0
11034  25   0   0   0   1  0  0
11035 262   1   0   0   2  0  0
11036 763   0   5   4   3  0  0
11037 212   2   0   0   6  0  0
11038 564   0   7  73   9  0  0
11039 660   0  10   0   0  1  0
11040 564   0  11  72  12  0  0
11041 212   2   0   0   6  0  0
11042 564   0   7  75   9  0  0
11043 660   0  10   0   0  1  0
11044 564   0  11  74  12  0  0
11045 212   0   0   0   6  0  0
11046 564   0   0   0   9  0  0
11047 94064   0   0   0   0  0  0
11048   0   0   0   0   0  0  3
11049   0   0   0   0   0  0  1
11050  10   0   0   0   0  0  2
11051 100   0   0   0   0  0  0
11052  25   0   0   0   1  0  0
11053 262   1   0   0   2  0  0
11054 763   0   5  13   3  0  0
11055 212   2   0   0   6  0  0
11056 564   0   7  73   9  0  0
11057 660   0  10   0   0  1  0
11058 564   0  11  72  12  0  0
11059 212   2   0   0   6  0  0
11060 564   0   7  75   9  0  0
11061 660   0  10   0   0  1  0
11062 564   0  11  74  12  0  0
11063 212   0   0   0   6  0  0
11064 564   0   0   0   9  0  0
11065 94064   0   0   0   0  0  0
11066   0   0   0   0   0  0  3
11067   0   0   0   0   0  0  1
11068  10   0   0   0   0  0  2
11069 100   0   0   0   0  0  0
11070  25   0   0   0   1  0  0
11071 262   1   0   0   2  0  0
11072 763   0   5   4   3  0  0
11073 212   2   0   0   6  0  0
11074 564   0   7  69   9  0  0
11075 660   0  10   0   0  1  0
11076 564   0  11  68  12  0  0
11077 212   2   0   0   6  0  0
11078 564   0   7  71   9  0  0
11079 660   0  10   0   0  1  0
11080 564   0  11  70  12  0  0
11081 212   0   0   0   6  0  0
11082 564   0   0   0   9  0  0
11083 94064   0   0   0   0  0  0
11084   0   0   0   0   0  0  3
11085   0   0   0   0   0  0  1
11086  10   0   0   0   0  0  2
11087 100   0   0   0   0  0  0
11088  25   0   0   0   1  0  0
11089 262   1   0   0   2  0  0
11090 763   0   5  13   3  0  0
11091 212   2   0   0   6  0  0
11092 564   0   7  69   9  0  0
11093 660   0  10   0   0  1  0
11094 564   0  11  68  12  0  0
11095 212   2   0   0   6  0  0
11096 564   0   7  71   9  0  0
11097 660   0  10   0   0  1  0
11098 564   0  11  70  12  0  0
11099 212   0   0   0   6  0  0
11100 564   0   0   0   9  0  0
11101 94064   0   0   0   0  0  0
11102   0   0   0   0   0  0  3
11103   0   0   0   0   0  0  1
11104  10   0   0   0   0  0  2
11105 100   0   0   0   0  0  0
11106  25   0   0   0   1  0  0
11107 262   1   0   0   2  0  0
11108 763   0   5   4   3  0  0
11109 212   2   0   0   6  0  0
11110 564   0   7  65   9  0  0
11111 660   0  10   0   0  1  0
11112 564   0  11  64  12  0  0
11113 212   2   0   0   6  0  0
11114 564   0   7  67   9  0  0
11115 660   0  10   0   0  1  0
11116 564   0  11  66  12  0  0
11117 212   0   0   0   6  0  0
11118 564   0   0   0   9  0  0
11119 94064   0   0   0   0  0  0
11120   0   0   0   0   0  0  3
11121   0   0   0   0   0  0  1
11122  10   0   0   0   0  0  2
11123 100   0   0   0   0  0  0
11124  25   0   0   0   1  0  0
11125 262   1   0   0   2  0  0
11126 763   0   5  13   3  0  0
11127 212   2   0   0   6  0  0
11128 564   0   7  65   9  0  0
11129 660   0  10   0   0  1  0
11130 564   0  11  64  12  0  0
11131 212   2   0   0   6  0  0
11132 564   0   7  67   9  0  0
11133 660   0  10   0   0  1  0
11134 564   0  11  66  12  0  0
11135 212   0   0   0   6  0  0
11136 564   0   0   0   9  0  0
11137 94064   0   0   0   0  0  0
11138   0   0   0   0   0  0  3
11139   0   0   0   0   0  0  1
11140  10   0   0   0   0  0  2
11141 100   0   0   0   0  0  0
11142  25   0   0   0   1  0  0
11143 262   1   0   0   2  0  0
11144 763   0   5   4   3  0  0
11145 212   2   0   0   6  0  0
11146 564   0   7  61   9  0  0
11147 660   0  10   0   0  1  0
11148 564   0  11  60  12  0  0
11149 212   2   0   0   6  0  0
11150 564   0   7  63   9  0  0
11151 660   0  10   0   0  1  0
11152 564   0  11  62  12  0  0
11153 212   0   0   0   6  0  0
11154 564   0   0   0   9  0  0
11155 94064   0   0   0   0  0  0
11156   0   0   0   0   0  0  3
11157   0   0   0   0   0  0  1
11158  10   0   0   0   0  0  2
11159 100   0   0   0   0  0  0
11160  25   0   0   0   1  0  0
11161 262   1   0   0   2  0  0
11162 763   0   5  13   3  0  0
11163 212   2   0   0   6  0  0
11164 564   0   7  61   9  0  0
11165 660   0  10   0   0  1  0
11166 564   0  11  60  12  0  0
11167 212   2   0   0   6  0  0
11168 564   0   7  63   9  0  0
11169 660   0  10   0   0  1  0
11170 564   0  11  62  12  0  0
11171 212   0   0   0   6  0  0
11172 564   0   0   0   9  0  0
11173 94064   0   0   0   0  0  0
11174   0   0   0   0   0  0  3
11175   0   0   0   0   0  0  1
11176  10   0   0   0   0  0  2
11177 100   0   0   0   0  0  0
11178  25   0   0   0   1  0  0
11179 262   1   0   0   2  0  0
11180 763   0   5   4   3  0  0
11181 212   2   0   0   6  0  0
11182 564   0   7  57   9  0  0
11183 660   0  10   0   0  1  0
11184 564   0  11  56  12  0  0
11185 212   2   0   0   6  0  0
11186 564   0   7  59   9  0  0
11187 660   0  10   0   0  1  0
11188 564   0  11  58  12  0  0
11189 212   0   0   0   6  0  0
11190 564   0   0   0   9  0  0
11191 94064   0   0   0   0  0  0
11192   0   0   0   0   0  0  3
11193   0   0   0   0   0  0  1
11194  10   0   0   0   0  0  2
11195 100   0   0   0   0  0  0
11196  25   0   0   0   1  0  0
11197 262   1   0   0   2  0  0
11198 763   0   5  13   3  0  0
11199 212   2   0   0   6  0  0
11200 564   0   7  57   9  0  0
11201 660   0  10   0   0  1  0
11202 564   0  11  56  12  0  0
11203 212   2   0   0   6  0  0
11204 564   0   7  59   9  0  0
11205 660   0  10   0   0  1  0
11206 564   0  11  58  12  0  0
11207 212   0   0   0   6  0  0
11208 564   0   0   0   9  0  0
11209 94064   0   0   0   0  0  0
11210   0   0   0   0   0  0  3
11211   0   0   0   0   0  0  1
11212  10   0   0   0   0  0  2
11213 100   0   0   0   0  0  0
11214  25   0   0   0   1  0  0
11215 262   1   0   0   2  0  0
11216 763   0   5   4   3  0  0
11217 212   2   0   0   6  0  0
11218 564   0   7  53   9  0  0
11219 660   0  10   0   0  1  0
11220 564   0  11  52  12  0  0
11221 212   2   0   0   6  0  0
11222 564   0   7  55   9  0  0
11223 660   0  10   0   0  1  0
11224 564   0  11  54  12  0  0
11225 212   0   0   0   6  0  0
11226 564   0   0   0   9  0  0
11227 94064   0   0   0   0  0  0
11228   0   0   0   0   0  0  3
11229   0   0   0   0   0  0  1
11230  10   0   0   0   0  0  2
11231 100   0   0   0   0  0  0
11232  25   0   0   0   1  0  0
11233 262   1   0   0   2  0  0
11234 763   0   5  13   3  0  0
11235 212   2   0   0   6  0  0
11236 564   0   7  53   9  0  0
11237 660   0  10   0   0  1  0
11238 564   0  11  52  12  0  0
11239 212   2   0   0   6  0  0
11240 564   0   7  55   9  0  0
11241 660   0  10   0   0  1  0
11242 564   0  11  54  12  0  0
11243 212   0   0   0   6  0  0
11244 564   0   0   0   9  0  0
11245 94064   0   0   0   0  0  0
11246   0   0   0   0   0  0  3
11247   0   0   0   0   0  0  1
11248  10   0   0   0   0  0  2
11249 100   0   0   0   0  0  0
11250  25   0   0   0   1  0  0
11251 262   1   0   0   2  0  0
11252 763   0   5   4   3  0  0
11253 212   2   0   0   6  0  0
11254 564   0   7  49   9  0  0
11255 660   0  10   0   0  1  0
11256 564   0  11  48  12  0  0
11257 212   2   0   0   6  0  0
11258 564   0   7  51   9  0  0
11259 660   0  10   0   0  1  0
11260 564   0  11  50  12  0  0
11261 212   0   0   0   6  0  0
11262 564   0   0   0   9  0  0
11263 94064   0   0   0   0  0  0
11264   0   0   0   0   0  0  3
11265   0   0   0   0   0  0  1
11266  10   0   0   0   0  0  2
11267 100   0   0   0   0  0  0
11268  25   0   0   0   1  0  0
11269 262   1   0   0   2  0  0
11270 763   0   5  13   3  0  0
11271 212   2   0   0   6  0  0
11272 564   0   7  49   9  0  0
11273 660   0  10   0   0  1  0
11274 564   0  11  48  12  0  0
11275 212   2   0   0   6  0  0
11276 564   0   7  51   9  0  0
11277 660   0  10   0   0  1  0
11278 564   0  11  50  12  0  0
11279 212   0   0   0   6  0  0
11280 564   0   0   0   9  0  0
11281 94064   0   0   0   0  0  0
11282   0   0   0   0   0  0  3
11283   0   0   0   0   0  0  1
11284  10   0   0   0   0  0  2
11285 100   0   0   0   0  0  0
11286  25   0   0   0   1  0  0
11287 262   1   0   0   2  0  0
11288 763   0   5   4   3  0  0
11289 212   2   0   0   6  0  0
11290 564   0   7  45   9  0  0
11291 660   0  10   0   0  1  0
11292 564   0  11  44  12  0  0
11293 212   2   0   0   6  0  0
11294 564   0   7  47   9  0  0
11295 660   0  10   0   0  1  0
11296 564   0  11  46  12  0  0
11297 212   0   0   0   6  0  0
11298 564   0   0   0   9  0  0
11299 94064   0   0   0   0  0  0
11300   0   0   0   0   0  0  3
11301   0   0   0   0   0  0  1
11302  10   0   0   0   0  0  2
11303 100   0   0   0   0  0  0
11304  25   0   0   0   1  0  0
11305 262   1   0   0   2  0  0
11306 763   0   5  13   3  0  0
11307 212   2   0   0   6  0  0
11308 564   0   7  45   9  0  0
11309 660   0  10   0   0  1  0
11310 564   0  11  44  12  0  0
11311 212   2   0   0   6  0  0
11312 564   0   7  47   9  0  0
11313 660   0  10   0   0  1  0
11314 564   0  11  46  12  0  0
11315 212   0   0   0   6  0  0
11316 564   0   0   0   9  0  0
11317 94064   0   0   0   0  0  0
11318   0   0   0   0   0  0  3
11319   0   0   0   0   0  0  1
11320  10   0   0   0   0  0  2
11321 100   0   0   0   0  0  0
11322  25   0   0   0   1  0  0
11323 262   1   0   0   2  0  0
11324 763   0   5   4   3  0  0
11325 212   2   0   0   6  0  0
11326 564   0   7  41   9  0  0
11327 660   0  10   0   0  1  0
11328 564   0  11  40  12  0  0
11329 212   2   0   0   6  0  0
11330 564   0   7  43   9  0  0
11331 660   0  10   0   0  1  0
11332 564   0  11  42  12  0  0
11333 212   0   0   0   6  0  0
11334 564   0   0   0   9  0  0
11335 94064   0   0   0   0  0  0
11336   0   0   0   0   0  0  3
11337   0   0   0   0   0  0  1
11338  10   0   0   0   0  0  2
11339 100   0   0   0   0  0  0
11340  25   0   0   0   1  0  0
11341 262   1   0   0   2  0  0
11342 763   0   5  13   3  0  0
11343 212   2   0   0   6  0  0
11344 564   0   7  41   9  0  0
11345 660   0  10   0   0  1  0
11346 564   0  11  40  12  0  0
11347 212   2   0   0   6  0  0
11348 564   0   7  43   9  0  0
11349 660   0  10   0   0  1  0
11350 564   0  11  42  12  0  0
11351 212   0   0   0   6  0  0
11352 564   0   0   0   9  0  0
11353 94064   0   0   0   0  0  0
11354   0   0   0   0   0  0  3
11355   0   0   0   0   0  0  1
11356  10   0   0   0   0  0  2
11357 100   0   0   0   0  0  0
11358  25   0   0   0   1  0  0
11359 262   1   0   0   2  0  0
11360 763   0   5   4   3  0  0
11361 212   2   0   0   6  0  0
11362 564   0   7  37   9  0  0
11363 660   0  10   0   0  1  0
11364 564   0  11  36  12  0  0
11365 212   2   0   0   6  0  0
11366 564   0   7  39   9  0  0
11367 660   0  10   0   0  1  0
11368 564   0  11  38  12  0  0
11369 212   0   0   0   6  0  0
11370 564   0   0   0   9  0  0
11371 94064   0   0   0   0  0  0
11372   0   0   0   0   0  0  3
11373   0   0   0   0   0  0  1
11374  10   0   0   0   0  0  2
11375 100   0   0   0   0  0  0
11376  25   0   0   0   1  0  0
11377 262   1   0   0   2  0  0
11378 763   0   5  13   3  0  0
11379 212   2   0   0   6  0  0
11380 564   0   7  37   9  0  0
11381 660   0  10   0   0  1  0
11382 564   0  11  36  12  0  0
11383 212   2   0   0   6  0  0
11384 564   0   7  39   9  0  0
11385 660   0  10   0   0  1  0
11386 564   0  11  38  12  0  0
11387 212   0   0   0   6  0  0
11388 564   0   0   0   9  0  0
11389 94064   0   0   0   0  0  0
11390   0   0   0   0   0  0  3
11391   0   0   0   0   0  0  1
11392  10   0   0   0   0  0  2
11393 100   0   0   0   0  0  0
11394  25   0   0   0   1  0  0
11395 262   1   0   0   2  0  0
11396 763   0   5   4   3  0  0
11397 212   2   0   0   6  0  0
11398 564   0   7  33   9  0  0
11399 660   0  10   0   0  1  0
11400 564   0  11  32  12  0  0
11401 212   2   0   0   6  0  0
11402 564   0   7  35   9  0  0
11403 660   0  10   0   0  1  0
11404 564   0  11  34  12  0  0
11405 212   0   0   0   6  0  0
11406 564   0   0   0   9  0  0
11407 94064   0   0   0   0  0  0
11408   0   0   0   0   0  0  3
11409   0   0   0   0   0  0  1
11410  10   0   0   0   0  0  2
11411 100   0   0   0   0  0  0
11412  25   0   0   0   1  0  0
11413 262   1   0   0   2  0  0
11414 763   0   5  13   3  0  0
11415 212   2   0   0   6  0  0
11416 564   0   7  33   9  0  0
11417 660   0  10   0   0  1  0
11418 564   0  11  32  12  0  0
11419 212   2   0   0   6  0  0
11420 564   0   7  35   9  0  0
11421 660   0  10   0   0  1  0
11422 564   0  11  34  12  0  0
11423 212   0   0   0   6  0  0
11424 564   0   0   0   9  0  0
11425 94064   0   0   0   0  0  0
11426   0   0   0   0   0  0  3
11427   0   0   0   0   0  0  1
11428  10   0   0   0   0  0  2
11429 100   0   0   0   0  0  0
11430  25   0   0   0   1  0  0
11431 262   1   0   0   2  0  0
11432 763   0   5   4   3  0  0
11433 212   2   0   0   6  0  0
11434 564   0   7  29   9  0  0
11435 660   0  10   0   0  1  0
11436 564   0  11  28  12  0  0
11437 212   2   0   0   6  0  0
11438 564   0   7  31   9  0  0
11439 660   0  10   0   0  1  0
11440 564   0  11  30  12  0  0
11441 212   0   0   0   6  0  0
11442 564   0   0   0   9  0  0
11443 94064   0   0   0   0  0  0
11444   0   0   0   0   0  0  3
11445   0   0   0   0   0  0  1
11446  10   0   0   0   0  0  2
11447 100   0   0   0   0  0  0
11448  25   0   0   0   1  0  0
11449 262   1   0   0   2  0  0
11450 763   0   5  13   3  0  0
11451 212   2   0   0   6  0  0
11452 564   0   7  29   9  0  0
11453 660   0  10   0   0  1  0
11454 564   0  11  28  12  0  0
11455 212   2   0   0   6  0  0
11456 564   0   7  31   9  0  0
11457 660   0  10   0   0  1  0
11458 564   0  11  30  12  0  0
11459 212   0   0   0   6  0  0
11460 564   0   0   0   9  0  0
11461 94064   0   0   0   0  0  0
11462   0   0   0   0   0  0  3
11463   0   0   0   0   0  0  1
11464  10   0   0   0   0  0  2
11465 100   0   0   0   0  0  0
11466  25   0   0   0   1  0  0
11467 262   1   0   0   2  0  0
11468 763   0   5   4   3  0  0
11469 212   2   0   0   6  0  0
11470 564   0   7  25   9  0  0
11471 660   0  10   0   0  1  0
11472 564   0  11  24  12  0  0
11473 212   2   0   0   6  0  0
11474 564   0   7  27   9  0  0
11475 660   0  10   0   0  1  0
11476 564   0  11  26  12  0  0
11477 212   0   0   0   6  0  0
11478 564   0   0   0   9  0  0
11479 94064   0   0   0   0  0  0
11480   0   0   0   0   0  0  3
11481   0   0   0   0   0  0  1
11482  10   0   0   0   0  0  2
11483 100   0   0   0   0  0  0
11484  25   0   0   0   1  0  0
11485 262   1   0   0   2  0  0
11486 763   0   5  13   3  0  0
11487 212   2   0   0   6  0  0
11488 564   0   7  25   9  0  0
11489 660   0  10   0   0  1  0
11490 564   0  11  24  12  0  0
11491 212   2   0   0   6  0  0
11492 564   0   7  27   9  0  0
11493 660   0  10   0   0  1  0
11494 564   0  11  26  12  0  0
11495 212   0   0   0   6  0  0
11496 564   0   0   0   9  0  0
11497 94064   0   0   0   0  0  0
11498   0   0   0   0   0  0  3
11499   0   0   0   0   0  0  1
11500  10   0   0   0   0  0  2
11501 100   0   0   0   0  0  0
11502  25   0   0   0   1  0  0
11503 262   1   0   0   2  0  0
11504 763   0   5   4   3  0  0
11505 212   2   0   0   6  0  0
11506 564   0   7  21   9  0  0
11507 660   0  10   0   0  1  0
11508 564   0  11  20  12  0  0
11509 212   2   0   0   6  0  0
11510 564   0   7  23   9  0  0
11511 660   0  10   0   0  1  0
11512 564   0  11  22  12  0  0
11513 212   0   0   0   6  0  0
11514 564   0   0   0   9  0  0
11515 94064   0   0   0   0  0  0
11516   0   0   0   0   0  0  3
11517   0   0   0   0   0  0  1
11518  10   0   0   0   0  0  2
11519 100   0   0   0   0  0  0
11520  25   0   0   0   1  0  0
11521 262   1   0   0   2  0  0
11522 763   0   5  13   3  0  0
11523 212   2   0   0   6  0  0
11524 564   0   7  21   9  0  0
11525 660   0  10   0   0  1  0
11526 564   0  11  20  12  0  0
11527 212   2   0   0   6  0  0
11528 564   0   7  23   9  0  0
11529 660   0  10   0   0  1  0
11530 564   0  11  22  12  0  0
11531 212   0   0   0   6  0  0
11532 564   0   0   0   9  0  0
11533 94064   0   0   0   0  0  0
11534   0   0   0   0   0  0  3
11535   0   0   0   0   0  0  1
11536  10   0   0   0   0  0  2
11537 100   0   0   0   0  0  0
11538  25   0   0   0   1  0  0
11539 262   1   0   0   2  0  0
11540 763   0   5   4   3  0  0
11541 212   2   0   0   6  0  0
11542 564   0   7  17   9  0  0
11543 660   0  10   0   0  1  0
11544 564   0  11  16  12  0  0
11545 212   2   0   0   6  0  0
11546 564   0   7  19   9  0  0
11547 660   0  10   0   0  1  0
11548 564   0  11  18  12  0  0
11549 212   0   0   0   6  0  0
11550 564   0   0   0   9  0  0
11551 94064   0   0   0   0  0  0
11552   0   0   0   0   0  0  3
11553   0   0   0   0   0  0  1
11554  10   0   0   0   0  0  2
11555 100   0   0   0   0  0  0
11556  25   0   0   0   1  0  0
11557 262   1   0   0   2  0  0
11558 763   0   5  13   3  0  0
11559 212   2   0   0   6  0  0
11560 564   0   7  17   9  0  0
11561 660   0  10   0   0  1  0
11562 564   0  11  16  12  0  0
11563 212   2   0   0   6  0  0
11564 564   0   7  19   9  0  0
11565 660   0  10   0   0  1  0
11566 564   0  11  18  12  0  0
11567 212   0   0   0   6  0  0
11568 564   0   0   0   9  0  0
11569 94039   0   0   0   0  0  0
11570   0   0   0   0   0  0  3
11571   0   0   0   0   0  0  1
11572  10   0   0   0   0  0  2
11573 125   0   0   0   0  0  0
11574  25   0   0   0   1  0  0
11575 262   1   0   0   2  0  0
11576 763   0   5   4   3  0  0
11577 212   2   0   0   6  0  0
11578 564   0   7   8   9  0  0
11579 660   0  10   0   0  0  0
11580 564   0  11   8  12  0  0
11581 212   2   0   0   6  0  0
11582 564   0   7   8   9  0  0
11583 660   0  10   0   0  0  0
11584 564   0  11   8  12  0  0
11585 212   0   0   0   6  0  0
11586 564   0   0   0   9  0  0
11587 94039   0   0   0   0  0  0
11588   0   0   0   0   0  0  3
11589   0   0   0   0   0  0  1
11590  10   0   0   0   0  0  2
11591 125   0   0   0   0  0  0
11592  25   0   0   0   1  0  0
11593 262   1   0   0   2  0  0
11594 763   0   5  13   3  0  0
11595 212   2   0   0   6  0  0
11596 564   0   7   8   9  0  0
11597 660   0  10   0   0  0  0
11598 564   0  11   8  12  0  0
11599 212   2   0   0   6  0  0
11600 564   0   7   8   9  0  0
11601 660   0  10   0   0  0  0
11602 564   0  11   8  12  0  0
11603 212   0   0   0   6  0  0
11604 564   0   0   0   9  0  0
11605 94039   0   0   0   0  0  0
11606   0   0   0   0   0  0  3
11607   0   0   0   0   0  0  1
11608  10   0   0   0   0  0  2
11609 125   0   0   0   0  0  0
11610  25   0   0   0   1  0  0
11611 262   1   0   0   2  0  0
11612 763   0   5   4   3  0  0
11613 212   2   0   0   6  0  0
11614 564   0   7  14   9  0  0
11615 660   0  10   0   0  1  0
11616 564   0  11  15  12  0  0
11617 212   2   0   0   6  0  0
11618 564   0   7  15   9  0  0
11619 660   0  10   0   0  1  0
11620 564   0  11  14  12  0  0
11621 212   0   0   0   6  0  0
11622 564   0   0   0   9  0  0
11623 94039   0   0   0   0  0  0
11624   0   0   0   0   0  0  3
11625   0   0   0   0   0  0  1
11626  10   0   0   0   0  0  2
11627 125   0   0   0   0  0  0
11628  25   0   0   0   1  0  0
11629 262   1   0   0   2  0  0
11630 763   0   5  13   3  0  0
11631 212   2   0   0   6  0  0
11632 564   0   7  14   9  0  0
11633 660   0  10   0   0  1  0
11634 564   0  11  15  12  0  0
11635 212   2   0   0   6  0  0
11636 564   0   7  15   9  0  0
11637 660   0  10   0   0  1  0
11638 564   0  11  14  12  0  0
11639 212   0   0   0   6  0  0
11640 564   0   0   0   9  0  0
11641 94039   0   0   0   0  0  0
11642   0   0   0   0   0  0  3
11643   0   0   0   0   0  0  1
11644  10   0   0   0   0  0  2
11645 125   0   0   0   0  0  0
11646  25   0   0   0   1  0  0
11647 262   1   0   0   2  0  0
11648 763   0   5   4   3  0  0
11649 212   2   0   0   6  0  0
11650 564   0   7  16   9  0  0
11651 660   0  10   0   0  1  0
11652 564   0  11  17  12  0  0
11653 212   2   0   0   6  0  0
11654 564   0   7  18   9  0  0
11655 660   0  10   0   0  1  0
11656 564   0  11  19  12  0  0
11657 212   0   0   0   6  0  0
11658 564   0   0   0   9  0  0
11659 94039   0   0   0   0  0  0
11660   0   0   0   0   0  0  3
11661   0   0   0   0   0  0  1
11662  10   0   0   0   0  0  2
11663 125   0   0   0   0  0  0
11664  25   0   0   0   1  0  0
11665 262   1   0   0   2  0  0
11666 763   0   5  13   3  0  0
11667 212   2   0   0   6  0  0
11668 564   0   7  16   9  0  0
11669 660   0  10   0   0  1  0
11670 564   0  11  17  12  0  0
11671 212   2   0   0   6  0  0
11672 564   0   7  18   9  0  0
11673 660   0  10   0   0  1  0
11674 564   0  11  19  12  0  0
11675 212   0   0   0   6  0  0
11676 564   0   0   0   9  0  0
11677 94039   0   0   0   0  0  0
11678   0   0   0   0   0  0  3
11679   0   0   0   0   0  0  1
11680  10   0   0   0   0  0  2
11681 125   0   0   0   0  0  0
11682  25   0   0   0   1  0  0
11683 262   1   0   0   2  0  0
11684 763   0   5   4   3  0  0
11685 212   2   0   0   6  0  0
11686 564   0   7  20   9  0  0
11687 660   0  10   0   0  1  0
11688 564   0  11  21  12  0  0
11689 212   2   0   0   6  0  0
11690 564   0   7  22   9  0  0
11691 660   0  10   0   0  1  0
11692 564   0  11  23  12  0  0
11693 212   0   0   0   6  0  0
11694 564   0   0   0   9  0  0
11695 94039   0   0   0   0  0  0
11696   0   0   0   0   0  0  3
11697   0   0   0   0   0  0  1
11698  10   0   0   0   0  0  2
11699 125   0   0   0   0  0  0
11700  25   0   0   0   1  0  0
11701 262   1   0   0   2  0  0
11702 763   0   5  13   3  0  0
11703 212   2   0   0   6  0  0
11704 564   0   7  20   9  0  0
11705 660   0  10   0   0  1  0
11706 564   0  11  21  12  0  0
11707 212   2   0   0   6  0  0
11708 564   0   7  22   9  0  0
11709 660   0  10   0   0  1  0
11710 564   0  11  23  12  0  0
11711 212   0   0   0   6  0  0
11712 564   0   0   0   9  0  0
11713 94039   0   0   0   0  0  0
11714   0   0   0   0   0  0  3
11715   0   0   0   0   0  0  1
11716  10   0   0   0   0  0  2
11717 125   0   0   0   0  0  0
11718  25   0   0   0   1  0  0
11719 262   1   0   0   2  0  0
11720 763   0   5   4   3  0  0
11721 212   2   0   0   6  0  0
11722 564   0   7  24   9  0  0
11723 660   0  10   0   0  1  0
11724 564   0  11  25  12  0  0
11725 212   2   0   0   6  0  0
11726 564   0   7  26   9  0  0
11727 660   0  10   0   0  1  0
11728 564   0  11  27  12  0  0
11729 212   0   0   0   6  0  0
11730 564   0   0   0   9  0  0
11731 94039   0   0   0   0  0  0
11732   0   0   0   0   0  0  3
11733   0   0   0   0   0  0  1
11734  10   0   0   0   0  0  2
11735 125   0   0   0   0  0  0
11736  25   0   0   0   1  0  0
11737 262   1   0   0   2  0  0
11738 763   0   5  13   3  0  0
11739 212   2   0   0   6  0  0
11740 564   0   7  24   9  0  0
11741 660   0  10   0   0  1  0
11742 564   0  11  25  12  0  0
11743 212   2   0   0   6  0  0
11744 564   0   7  26   9  0  0
11745 660   0  10   0   0  1  0
11746 564   0  11  27  12  0  0
11747 212   0   0   0   6  0  0
11748 564   0   0   0   9  0  0
11749 94039   0   0   0   0  0  0
11750   0   0   0   0   0  0  3
11751   0   0   0   0   0  0  1
11752  10   0   0   0   0  0  2
11753 125   0   0   0   0  0  0
11754  25   0   0   0   1  0  0
11755 262   1   0   0   2  0  0
11756 763   0   5   4   3  0  0
11757 212   2   0   0   6  0  0
11758 564   0   7  28   9  0  0
11759 660   0  10   0   0  1  0
11760 564   0  11  29  12  0  0
11761 212   2   0   0   6  0  0
11762 564   0   7  30   9  0  0
11763 660   0  10   0   0  1  0
11764 564   0  11  31  12  0  0
11765 212   0   0   0   6  0  0
11766 564   0   0   0   9  0  0
11767 94039   0   0   0   0  0  0
11768   0   0   0   0   0  0  3
11769   0   0   0   0   0  0  1
11770  10   0   0   0   0  0  2
11771 125   0   0   0   0  0  0
11772  25   0   0   0   1  0  0
11773 262   1   0   0   2  0  0
11774 763   0   5  13   3  0  0
11775 212   2   0   0   6  0  0
11776 564   0   7  28   9  0  0
11777 660   0  10   0   0  1  0
11778 564   0  11  29  12  0  0
11779 212   2   0   0   6  0  0
11780 564   0   7  30   9  0  0
11781 660   0  10   0   0  1  0
11782 564   0  11  31  12  0  0
11783 212   0   0   0   6  0  0
11784 564   0   0   0   9  0  0
11785 94039   0   0   0   0  0  0
11786   0   0   0   0   0  0  3
11787   0   0   0   0   0  0  1
11788  10   0   0   0   0  0  2
11789 125   0   0   0   0  0  0
11790  25   0   0   0   1  0  0
11791 262   1   0   0   2  0  0
11792 763   0   5   4   3  0  0
11793 212   2   0   0   6  0  0
11794 564   0   7  32   9  0  0
11795 660   0  10   0   0  1  0
11796 564   0  11  33  12  0  0
11797 212   2   0   0   6  0  0
11798 564   0   7  34   9  0  0
11799 660   0  10   0   0  1  0
11800 564   0  11  35  12  0  0
11801 212   0   0   0   6  0  0
11802 564   0   0   0   9  0  0
11803 94039   0   0   0   0  0  0
11804   0   0   0   0   0  0  3
11805   0   0   0   0   0  0  1
11806  10   0   0   0   0  0  2
11807 125   0   0   0   0  0  0
11808  25   0   0   0   1  0  0
11809 262   1   0   0   2  0  0
11810 763   0   5  13   3  0  0
11811 212   2   0   0   6  0  0
11812 564   0   7  32   9  0  0
11813 660   0  10   0   0  1  0
11814 564   0  11  33  12  0  0
11815 212   2   0   0   6  0  0
11816 564   0   7  34   9  0  0
11817 660   0  10   0   0  1  0
11818 564   0  11  35  12  0  0
11819 212   0   0   0   6  0  0
11820 564   0   0   0   9  0  0
11821 94039   0   0   0   0  0  0
11822   0   0   0   0   0  0  3
11823   0   0   0   0   0  0  1
11824  10   0   0   0   0  0  2
11825 125   0   0   0   0  0  0
11826  25   0   0   0   1  0  0
11827 262   1   0   0   2  0  0
11828 763   0   5   4   3  0  0
11829 212   2   0   0   6  0  0
11830 564   0   7  36   9  0  0
11831 660   0  10   0   0  1  0
11832 564   0  11  37  12  0  0
11833 212   2   0   0   6  0  0
11834 564   0   7  38   9  0  0
11835 660   0  10   0   0  1  0
11836 564   0  11  39  12  0  0
11837 212   0   0   0   6  0  0
11838 564   0   0   0   9  0  0
11839 94039   0   0   0   0  0  0
11840   0   0   0   0   0  0  3
11841   0   0   0   0   0  0  1
11842  10   0   0   0   0  0  2
11843 125   0   0   0   0  0  0
11844  25   0   0   0   1  0  0
11845 262   1   0   0   2  0  0
11846 763   0   5  13   3  0  0
11847 212   2   0   0   6  0  0
11848 564   0   7  36   9  0  0
11849 660   0  10   0   0  1  0
11850 564   0  11  37  12  0  0
11851 212   2   0   0   6  0  0
11852 564   0   7  38   9  0  0
11853 660   0  10   0   0  1  0
11854 564   0  11  39  12  0  0
11855 212   0   0   0   6  0  0
11856 564   0   0   0   9  0  0
11857 94039   0   0   0   0  0  0
11858   0   0   0   0   0  0  3
11859   0   0   0   0   0  0  1
11860  10   0   0   0   0  0  2
11861 125   0   0   0   0  0  0
11862  25   0   0   0   1  0  0
11863 262   1   0   0   2  0  0
11864 763   0   5   4   3  0  0
11865 212   2   0   0   6  0  0
11866 564   0   7  40   9  0  0
11867 660   0  10   0   0  1  0
11868 564   0  11  41  12  0  0
11869 212   2   0   0   6  0  0
11870 564   0   7  42   9  0  0
11871 660   0  10   0   0  1  0
11872 564   0  11  43  12  0  0
11873 212   0   0   0   6  0  0
11874 564   0   0   0   9  0  0
11875 94039   0   0   0   0  0  0
11876   0   0   0   0   0  0  3
11877   0   0   0   0   0  0  1
11878  10   0   0   0   0  0  2
11879 125   0   0   0   0  0  0
11880  25   0   0   0   1  0  0
11881 262   1   0   0   2  0  0
11882 763   0   5  13   3  0  0
11883 212   2   0   0   6  0  0
11884 564   0   7  40   9  0  0
11885 660   0  10   0   0  1  0
11886 564   0  11  41  12  0  0
11887 212   2   0   0   6  0  0
11888 564   0   7  42   9  0  0
11889 660   0  10   0   0  1  0
11890 564   0  11  43  12  0  0
11891 212   0   0   0   6  0  0
11892 564   0   0   0   9  0  0
11893 94039   0   0   0   0  0  0
11894   0   0   0   0   0  0  3
11895   0   0   0   0   0  0  1
11896  10   0   0   0   0  0  2
11897 125   0   0   0   0  0  0
11898  25   0   0   0   1  0  0
11899 262   1   0   0   2  0  0
11900 763   0   5   4   3  0  0
11901 212   2   0   0   6  0  0
11902 564   0   7  44   9  0  0
11903 660   0  10   0   0  1  0
11904 564   0  11  45  12  0  0
11905 212   2   0   0   6  0  0
11906 564   0   7  46   9  0  0
11907 660   0  10   0   0  1  0
11908 564   0  11  47  12  0  0
11909 212   0   0   0   6  0  0
11910 564   0   0   0   9  0  0
11911 94039   0   0   0   0  0  0
11912   0   0   0   0   0  0  3
11913   0   0   0   0   0  0  1
11914  10   0   0   0   0  0  2
11915 125   0   0   0   0  0  0
11916  25   0   0   0   1  0  0
11917 262   1   0   0   2  0  0
11918 763   0   5  13   3  0  0
11919 212   2   0   0   6  0  0
11920 564   0   7  44   9  0  0
11921 660   0  10   0   0  1  0
11922 564   0  11  45  12  0  0
11923 212   2   0   0   6  0  0
11924 564   0   7  46   9  0  0
11925 660   0  10   0   0  1  0
11926 564   0  11  47  12  0  0
11927 212   0   0   0   6  0  0
11928 564   0   0   0   9  0  0
11929 94039   0   0   0   0  0  0
11930   0   0   0   0   0  0  3
11931   0   0   0   0   0  0  1
11932  10   0   0   0   0  0  2
11933 125   0   0   0   0  0  0
11934  25   0   0   0   1  0  0
11935 262   1   0   0   2  0  0
11936 763   0   5   4   3  0  0
11937 212   2   0   0   6  0  0
11938 564   0   7  48   9  0  0
11939 660   0  10   0   0  1  0
11940 564   0  11  49  12  0  0
11941 212   2   0   0   6  0  0
11942 564   0   7  50   9  0  0
11943 660   0  10   0   0  1  0
11944 564   0  11  51  12  0  0
11945 212   0   0   0   6  0  0
11946 564   0   0   0   9  0  0
11947 94039   0   0   0   0  0  0
11948   0   0   0   0   0  0  3
11949   0   0   0   0   0  0  1
11950  10   0   0   0   0  0  2
11951 125   0   0   0   0  0  0
11952  25   0   0   0   1  0  0
11953 262   1   0   0   2  0  0
11954 763   0   5  13   3  0  0
11955 212   2   0   0   6  0  0
11956 564   0   7  48   9  0  0
11957 660   0  10   0   0  1  0
11958 564   0  11  49  12  0  0
11959 212   2   0   0   6  0  0
11960 564   0   7  50   9  0  0
11961 660   0  10   0   0  1  0
11962 564   0  11  51  12  0  0
11963 212   0   0   0   6  0  0
11964 564   0   0   0   9  0  0
11965 94039   0   0   0   0  0  0
11966   0   0   0   0   0  0  3
11967   0   0   0   0   0  0  1
11968  10   0   0   0   0  0  2
11969 125   0   0   0   0  0  0
11970  25   0   0   0   1  0  0
11971 262   1   0   0   2  0  0
11972 763   0   5   4   3  0  0
11973 212   2   0   0   6  0  0
11974 564   0   7  52   9  0  0
11975 660   0  10   0   0  1  0
11976 564   0  11  53  12  0  0
11977 212   2   0   0   6  0  0
11978 564   0   7  54   9  0  0
11979 660   0  10   0   0  1  0
11980 564   0  11  55  12  0  0
11981 212   0   0   0   6  0  0
11982 564   0   0   0   9  0  0
11983 94039   0   0   0   0  0  0
11984   0   0   0   0   0  0  3
11985   0   0   0   0   0  0  1
11986  10   0   0   0   0  0  2
11987 125   0   0   0   0  0  0
11988  25   0   0   0   1  0  0
11989 262   1   0   0   2  0  0
11990 763   0   5  13   3  0  0
11991 212   2   0   0   6  0  0
11992 564   0   7  52   9  0  0
11993 660   0  10   0   0  1  0
11994 564   0  11  53  12  0  0
11995 212   2   0   0   6  0  0
11996 564   0   7  54   9  0  0
11997 660   0  10   0   0  1  0
11998 564   0  11  55  12  0  0
11999 212   0   0   0   6  0  0
12000 564   0   0   0   9  0  0
12001 94039   0   0   0   0  0  0
12002   0   0   0   0   0  0  3
12003   0   0   0   0   0  0  1
12004  10   0   0   0   0  0  2
12005 125   0   0   0   0  0  0
12006  25   0   0   0   1  0  0
12007 262   1   0   0   2  0  0
12008 763   0   5   4   3  0  0
12009 212   2   0   0   6  0  0
12010 564   0   7  56   9  0  0
12011 660   0  10   0   0  1  0
12012 564   0  11  57  12  0  0
12013 212   2   0   0   6  0  0
12014 564   0   7  58   9  0  0
12015 660   0  10   0   0  1  0
12016 564   0  11  59  12  0  0
12017 212   0   0   0   6  0  0
12018 564   0   0   0   9  0  0
12019 94039   0   0   0   0  0  0
12020   0   0   0   0   0  0  3
12021   0   0   0   0   0  0  1
12022  10   0   0   0   0  0  2
12023 125   0   0   0   0  0  0
12024  25   0   0   0   1  0  0
12025 262   1   0   0   2  0  0
12026 763   0   5  13   3  0  0
12027 212   2   0   0   6  0  0
12028 564   0   7  56   9  0  0
12029 660   0  10   0   0  1  0
12030 564   0  11  57  12  0  0
12031 212   2   0   0   6  0  0
12032 564   0   7  58   9  0  0
12033 660   0  10   0   0  1  0
12034 564   0  11  59  12  0  0
12035 212   0   0   0   6  0  0
12036 564   0   0   0   9  0  0
12037 94039   0   0   0   0  0  0
12038   0   0   0   0   0  0  3
12039   0   0   0   0   0  0  1
12040  10   0   0   0   0  0  2
12041 125   0   0   0   0  0  0
12042  25   0   0   0   1  0  0
12043 262   1   0   0   2  0  0
12044 763   0   5   4   3  0  0
12045 212   2   0   0   6  0  0
12046 564   0   7  60   9  0  0
12047 660   0  10   0   0  1  0
12048 564   0  11  61  12  0  0
12049 212   2   0   0   6  0  0
12050 564   0   7  62   9  0  0
12051 660   0  10   0   0  1  0
12052 564   0  11  63  12  0  0
12053 212   0   0   0   6  0  0
12054 564   0   0   0   9  0  0
12055 94039   0   0   0   0  0  0
12056   0   0   0   0   0  0  3
12057   0   0   0   0   0  0  1
12058  10   0   0   0   0  0  2
12059 125   0   0   0   0  0  0
12060  25   0   0   0   1  0  0
12061 262   1   0   0   2  0  0
12062 763   0   5  13   3  0  0
12063 212   2   0   0   6  0  0
12064 564   0   7  60   9  0  0
12065 660   0  10   0   0  1  0
12066 564   0  11  61  12  0  0
12067 212   2   0   0   6  0  0
12068 564   0   7  62   9  0  0
12069 660   0  10   0   0  1  0
12070 564   0  11  63  12  0  0
12071 212   0   0   0   6  0  0
12072 564   0   0   0   9  0  0
12073 94039   0   0   0   0  0  0
12074   0   0   0   0   0  0  3
12075   0   0   0   0   0  0  1
12076  10   0   0   0   0  0  2
12077 125   0   0   0   0  0  0
12078  25   0   0   0   1  0  0
12079 262   1   0   0   2  0  0
12080 763   0   5   4   3  0  0
12081 212   2   0   0   6  0  0
12082 564   0   7  64   9  0  0
12083 660   0  10   0   0  1  0
12084 564   0  11  65  12  0  0
12085 212   2   0   0   6  0  0
12086 564   0   7  66   9  0  0
12087 660   0  10   0   0  1  0
12088 564   0  11  67  12  0  0
12089 212   0   0   0   6  0  0
12090 564   0   0   0   9  0  0
12091 94039   0   0   0   0  0  0
12092   0   0   0   0   0  0  3
12093   0   0   0   0   0  0  1
12094  10   0   0   0   0  0  2
12095 125   0   0   0   0  0  0
12096  25   0   0   0   1  0  0
12097 262   1   0   0   2  0  0
12098 763   0   5  13   3  0  0
12099 212   2   0   0   6  0  0
12100 564   0   7  64   9  0  0
12101 660   0  10   0   0  1  0
12102 564   0  11  65  12  0  0
12103 212   2   0   0   6  0  0
12104 564   0   7  66   9  0  0
12105 660   0  10   0   0  1  0
12106 564   0  11  67  12  0  0
12107 212   0   0   0   6  0  0
12108 564   0   0   0   9  0  0
12109 94039   0   0   0   0  0  0
12110   0   0   0   0   0  0  3
12111   0   0   0   0   0  0  1
12112  10   0   0   0   0  0  2
12113 125   0   0   0   0  0  0
12114  25   0   0   0   1  0  0
12115 262   1   0   0   2  0  0
12116 763   0   5   4   3  0  0
12117 212   2   0   0   6  0  0
12118 564   0   7  68   9  0  0
12119 660   0  10   0   0  1  0
12120 564   0  11  69  12  0  0
12121 212   2   0   0   6  0  0
12122 564   0   7  70   9  0  0
12123 660   0  10   0   0  1  0
12124 564   0  11  71  12  0  0
12125 212   0   0   0   6  0  0
12126 564   0   0   0   9  0  0
12127 94039   0   0   0   0  0  0
12128   0   0   0   0   0  0  3
12129   0   0   0   0   0  0  1
12130  10   0   0   0   0  0  2
12131 125   0   0   0   0  0  0
12132  25   0   0   0   1  0  0
12133 262   1   0   0   2  0  0
12134 763   0   5  13   3  0  0
12135 212   2   0   0   6  0  0
12136 564   0   7  68   9  0  0
12137 660   0  10   0   0  1  0
12138 564   0  11  69  12  0  0
12139 212   2   0   0   6  0  0
12140 564   0   7  70   9  0  0
12141 660   0  10   0   0  1  0
12142 564   0  11  71  12  0  0
12143 212   0   0   0   6  0  0
12144 564   0   0   0   9  0  0
12145 94039   0   0   0   0  0  0
12146   0   0   0   0   0  0  3
12147   0   0   0   0   0  0  1
12148  10   0   0   0   0  0  2
12149 125   0   0   0   0  0  0
12150  25   0   0   0   1  0  0
12151 262   1   0   0   2  0  0
12152 763   0   5   4   3  0  0
12153 212   2   0   0   6  0  0
12154 564   0   7  72   9  0  0
12155 660   0  10   0   0  1  0
12156 564   0  11  73  12  0  0
12157 212   2   0   0   6  0  0
12158 564   0   7  74   9  0  0
12159 660   0  10   0   0  1  0
12160 564   0  11  75  12  0  0
12161 212   0   0   0   6  0  0
12162 564   0   0   0   9  0  0
12163 94039   0   0   0   0  0  0
12164   0   0   0   0   0  0  3
12165   0   0   0   0   0  0  1
12166  10   0   0   0   0  0  2
12167 125   0   0   0   0  0  0
12168  25   0   0   0   1  0  0
12169 262   1   0   0   2  0  0
12170 763   0   5  13   3  0  0
12171 212   2   0   0   6  0  0
12172 564   0   7  72   9  0  0
12173 660   0  10   0   0  1  0
12174 564   0  11  73  12  0  0
12175 212   2   0   0   6  0  0
12176 564   0   7  74   9  0  0
12177 660   0  10   0   0  1  0
12178 564   0  11  75  12  0  0
12179 212   0   0   0   6  0  0
12180 564   0   0   0   9  0  0
12181 94039   0   0   0   0  0  0
12182   0   0   0   0   0  0  3
12183   0   0   0   0   0  0  1
12184  10   0   0   0   0  0  2
12185 125   0   0   0   0  0  0
12186  25   0   0   0   1  0  0
12187 262   1   0   0   2  0  0
12188 763   0   5   4   3  0  0
12189 212   2   0   0   6  0  0
12190 564   0   7  76   9  0  0
12191 660   0  10   0   0  1  0
12192 564   0  11  77  12  0  0
12193 212   2   0   0   6  0  0
12194 564   0   7  78   9  0  0
12195 660   0  10   0   0  1  0
12196 564   0  11  79  12  0  0
12197 212   0   0   0   6  0  0
12198 564   0   0   0   9  0  0
12199 94039   0   0   0   0  0  0
12200   0   0   0   0   0  0  3
12201   0   0   0   0   0  0  1
12202  10   0   0   0   0  0  2
12203 125   0   0   0   0  0  0
12204  25   0   0   0   1  0  0
12205 262   1   0   0   2  0  0
12206 763   0   5  13   3  0  0
12207 212   2   0   0   6  0  0
12208 564   0   7  76   9  0  0
12209 660   0  10   0   0  1  0
12210 564   0  11  77  12  0  0
12211 212   2   0   0   6  0  0
12212 564   0   7  78   9  0  0
12213 660   0  10   0   0  1  0
12214 564   0  11  79  12  0  0
12215 212   0   0   0   6  0  0
12216 564   0   0   0   9  0  0
12217 94039   0   0   0   0  0  0
12218   0   0   0   0   0  0  3
12219   0   0   0   0   0  0  1
12220  10   0   0   0   0  0  2
12221 125   0   0   0   0  0  0
12222  25   0   0   0   1  0  0
12223 262   1   0   0   2  0  0
12224 763   0   5   4   3  0  0
12225 212   2   0   0   6  0  0
12226 564   0   7  80   9  0  0
12227 660   0  10   0   0  1  0
12228 564   0  11  81  12  0  0
12229 212   2   0   0   6  0  0
12230 564   0   7  82   9  0  0
12231 660   0  10   0   0  1  0
12232 564   0  11  83  12  0  0
12233 212   0   0   0   6  0  0
12234 564   0   0   0   9  0  0
12235 94039   0   0   0   0  0  0
12236   0   0   0   0   0  0  3
12237   0   0   0   0   0  0  1
12238  10   0   0   0   0  0  2
12239 125   0   0   0   0  0  0
12240  25   0   0   0   1  0  0
12241 262   1   0   0   2  0  0
12242 763   0   5  13   3  0  0
12243 212   2   0   0   6  0  0
12244 564   0   7  80   9  0  0
12245 660   0  10   0   0  1  0
12246 564   0  11  81  12  0  0
12247 212   2   0   0   6  0  0
12248 564   0   7  82   9  0  0
12249 660   0  10   0   0  1  0
12250 564   0  11  83  12  0  0
12251 212   0   0   0   6  0  0
12252 564   0   0   0   9  0  0
12253 94039   0   0   0   0  0  0
12254   0   0   0   0   0  0  3
12255   0   0   0   0   0  0  1
12256  10   0   0   0   0  0  2
12257 125   0   0   0   0  0  0
12258  25   0   0   0   1  0  0
12259 262   1   0   0   2  0  0
12260 763   0   5   4   3  0  0
12261 212   2   0   0   6  0  0
12262 564   0   7  84   9  0  0
12263 660   0  10   0   0  1  0
12264 564   0  11  85  12  0  0
12265 212   2   0   0   6  0  0
12266 564   0   7  86   9  0  0
12267 660   0  10   0   0  1  0
12268 564   0  11  87  12  0  0
12269 212   0   0   0   6  0  0
12270 564   0   0   0   9  0  0
12271 94039   0   0   0   0  0  0
12272   0   0   0   0   0  0  3
12273   0   0   0   0   0  0  1
12274  10   0   0   0   0  0  2
12275 125   0   0   0   0  0  0
12276  25   0   0   0   1  0  0
12277 262   1   0   0   2  0  0
12278 763   0   5  13   3  0  0
12279 212   2   0   0   6  0  0
12280 564   0   7  84   9  0  0
12281 660   0  10   0   0  1  0
12282 564   0  11  85  12  0  0
12283 212   2   0   0   6  0  0
12284 564   0   7  86   9  0  0
12285 660   0  10   0   0  1  0
12286 564   0  11  87  12  0  0
12287 212   0   0   0   6  0  0
12288 564   0   0   0   9  0  0
12289 94039   0   0   0   0  0  0
12290   0   0   0   0   0  0  3
12291   0   0   0   0   0  0  1
12292  10   0   0   0   0  0  2
12293 125   0   0   0   0  0  0
12294  25   0   0   0   1  0  0
12295 262   1   0   0   2  0  0
12296 763   0   5   4   3  0  0
12297 212   2   0   0   6  0  0
12298 564   0   7  88   9  0  0
12299 660   0  10   0   0  1  0
12300 564   0  11  89  12  0  0
12301 212   2   0   0   6  0  0
12302 564   0   7  90   9  0  0
12303 660   0  10   0   0  1  0
12304 564   0  11  91  12  0  0
12305 212   0   0   0   6  0  0
12306 564   0   0   0   9  0  0
12307 94039   0   0   0   0  0  0
12308   0   0   0   0   0  0  3
12309   0   0   0   0   0  0  1
12310  10   0   0   0   0  0  2
12311 125   0   0   0   0  0  0
12312  25   0   0   0   1  0  0
12313 262   1   0   0   2  0  0
12314 763   0   5  13   3  0  0
12315 212   2   0   0   6  0  0
12316 564   0   7  88   9  0  0
12317 660   0  10   0   0  1  0
12318 564   0  11  89  12  0  0
12319 212   2   0   0   6  0  0
12320 564   0   7  90   9  0  0
12321 660   0  10   0   0  1  0
12322 564   0  11  91  12  0  0
12323 212   0   0   0   6  0  0
12324 564   0   0   0   9  0  0
12325 94039   0   0   0   0  0  0
12326   0   0   0   0   0  0  3
12327   0   0   0   0   0  0  1
12328  10   0   0   0   0  0  2
12329 125   0   0   0   0  0  0
12330  25   0   0   0   1  0  0
12331 262   1   0   0   2  0  0
12332 763   0   5   4   3  0  0
12333 212   2   0   0   6  0  0
12334 564   0   7  92   9  0  0
12335 660   0  10   0   0  1  0
12336 564   0  11  93  12  0  0
12337 212   2   0   0   6  0  0
12338 564   0   7  94   9  0  0
12339 660   0  10   0   0  1  0
12340 564   0  11  95  12  0  0
12341 212   0   0   0   6  0  0
12342 564   0   0   0   9  0  0
12343 94039   0   0   0   0  0  0
12344   0   0   0   0   0  0  3
12345   0   0   0   0   0  0  1
12346  10   0   0   0   0  0  2
12347 125   0   0   0   0  0  0
12348  25   0   0   0   1  0  0
12349 262   1   0   0   2  0  0
12350 763   0   5  13   3  0  0
12351 212   2   0   0   6  0  0
12352 564   0   7  92   9  0  0
12353 660   0  10   0   0  1  0
12354 564   0  11  93  12  0  0
12355 212   2   0   0   6  0  0
12356 564   0   7  94   9  0  0
12357 660   0  10   0   0  1  0
12358 564   0  11  95  12  0  0
12359 212   0   0   0   6  0  0
12360 564   0   0   0   9  0  0
12361 94039   0   0   0   0  0  0
12362   0   0   0   0   0  0  3
12363   0   0   0   0   0  0  1
12364  10   0   0   0   0  0  2
12365 125   0   0   0   0  0  0
12366  25   0   0   0   1  0  0
12367 262   1   0   0   2  0  0
12368 763   0   5   4   3  0  0
12369 212   2   0   0   6  0  0
12370 564   0   7  96   9  0  0
12371 660   0  10   0   0  1  0
12372 564   0  11  97  12  0  0
12373 212   2   0   0   6  0  0
12374 564   0   7  98   9  0  0
12375 660   0  10   0   0  1  0
12376 564   0  11  99  12  0  0
12377 212   0   0   0   6  0  0
12378 564   0   0   0   9  0  0
12379 94039   0   0   0   0  0  0
12380   0   0   0   0   0  0  3
12381   0   0   0   0   0  0  1
12382  10   0   0   0   0  0  2
12383 125   0   0   0   0  0  0
12384  25   0   0   0   1  0  0
12385 262   1   0   0   2  0  0
12386 763   0   5  13   3  0  0
12387 212   2   0   0   6  0  0
12388 564   0   7  96   9  0  0
12389 660   0  10   0   0  1  0
12390 564   0  11  97  12  0  0
12391 212   2   0   0   6  0  0
12392 564   0   7  98   9  0  0
12393 660   0  10   0   0  1  0
12394 564   0  11  99  12  0  0
12395 212   0   0   0   6  0  0
12396 564   0   0   0   9  0  0
12397 94039   0   0   0   0  0  0
12398   0   0   0   0   0  0  3
12399   0   0   0   0   0  0  1
12400  10   0   0   0   0  0  2
12401 125   0   0   0   0  0  0
12402  25   0   0   0   1  0  0
12403 262   1   0   0   2  0  0
12404 763   0   5   4   3  0  0
12405 212   2   0   0   6  0  0
12406 564   0   7 100   9  0  0
12407 660   0  10   0   0  1  0
12408 564   0  11 101  12  0  0
12409 212   2   0   0   6  0  0
12410 564   0   7 102   9  0  0
12411 660   0  10   0   0  1  0
12412 564   0  11 103  12  0  0
12413 212   0   0   0   6  0  0
12414 564   0   0   0   9  0  0
12415 94039   0   0   0   0  0  0
12416   0   0   0   0   0  0  3
12417   0   0   0   0   0  0  1
12418  10   0   0   0   0  0  2
12419 125   0   0   0   0  0  0
12420  25   0   0   0   1  0  0
12421 262   1   0   0   2  0  0
12422 763   0   5  13   3  0  0
12423 212   2   0   0   6  0  0
12424 564   0   7 100   9  0  0
12425 660   0  10   0   0  1  0
12426 564   0  11 101  12  0  0
12427 212   2   0   0   6  0  0
12428 564   0   7 102   9  0  0
12429 660   0  10   0   0  1  0
12430 564   0  11 103  12  0  0
12431 212   0   0   0   6  0  0
12432 564   0   0   0   9  0  0
12433 94039   0   0   0   0  0  0
12434   0   0   0   0   0  0  3
12435   0   0   0   0   0  0  1
12436  10   0   0   0   0  0  2
12437 125   0   0   0   0  0  0
12438  25   0   0   0   1  0  0
12439 262   1   0   0   2  0  0
12440 763   0   5   4   3  0  0
12441 212   2   0   0   6  0  0
12442 564   0   7 104   9  0  0
12443 660   0  10   0   0  1  0
12444 564   0  11 105  12  0  0
12445 212   2   0   0   6  0  0
12446 564   0   7 106   9  0  0
12447 660   0  10   0   0  1  0
12448 564   0  11 107  12  0  0
12449 212   0   0   0   6  0  0
12450 564   0   0   0   9  0  0
12451 94039   0   0   0   0  0  0
12452   0   0   0   0   0  0  3
12453   0   0   0   0   0  0  1
12454  10   0   0   0   0  0  2
12455 125   0   0   0   0  0  0
12456  25   0   0   0   1  0  0
12457 262   1   0   0   2  0  0
12458 763   0   5  13   3  0  0
12459 212   2   0   0   6  0  0
12460 564   0   7 104   9  0  0
12461 660   0  10   0   0  1  0
12462 564   0  11 105  12  0  0
12463 212   2   0   0   6  0  0
12464 564   0   7 106   9  0  0
12465 660   0  10   0   0  1  0
12466 564   0  11 107  12  0  0
12467 212   0   0   0   6  0  0
12468 564   0   0   0   9  0  0
12469 94039   0   0   0   0  0  0
12470   0   0   0   0   0  0  3
12471   0   0   0   0   0  0  1
12472  10   0   0   0   0  0  2
12473 125   0   0   0   0  0  0
12474  25   0   0   0   1  0  0
12475 262   1   0   0   2  0  0
12476 763   0   5   4   3  0  0
12477 212   2   0   0   6  0  0
12478 564   0   7 108   9  0  0
12479 660   0  10   0   0  1  0
12480 564   0  11 109  12  0  0
12481 212   2   0   0   6  0  0
12482 564   0   7 110   9  0  0
12483 660   0  10   0   0  1  0
12484 564   0  11 111  12  0  0
12485 212   0   0   0   6  0  0
12486 564   0   0   0   9  0  0
12487 94039   0   0   0   0  0  0
12488   0   0   0   0   0  0  3
12489   0   0   0   0   0  0  1
12490  10   0   0   0   0  0  2
12491 125   0   0   0   0  0  0
12492  25   0   0   0   1  0  0
12493 262   1   0   0   2  0  0
12494 763   0   5  13   3  0  0
12495 212   2   0   0   6  0  0
12496 564   0   7 108   9  0  0
12497 660   0  10   0   0  1  0
12498 564   0  11 109  12  0  0
12499 212   2   0   0   6  0  0
12500 564   0   7 110   9  0  0
12501 660   0  10   0   0  1  0
12502 564   0  11 111  12  0  0
12503 212   0   0   0   6  0  0
12504 564   0   0   0   9  0  0
12505 94039   0   0   0   0  0  0
12506   0   0   0   0   0  0  3
12507   0   0   0   0   0  0  1
12508  10   0   0   0   0  0  2
12509 125   0   0   0   0  0  0
12510  25   0   0   0   1  0  0
12511 262   1   0   0   2  0  0
12512 763   0   5   4   3  0  0
12513 212   2   0   0   6  0  0
12514 564   0   7 112   9  0  0
12515 660   0  10   0   0  1  0
12516 564   0  11 113  12  0  0
12517 212   2   0   0   6  0  0
12518 564   0   7 114   9  0  0
12519 660   0  10   0   0  1  0
12520 564   0  11 115  12  0  0
12521 212   0   0   0   6  0  0
12522 564   0   0   0   9  0  0
12523 94039   0   0   0   0  0  0
12524   0   0   0   0   0  0  3
12525   0   0   0   0   0  0  1
12526  10   0   0   0   0  0  2
12527 125   0   0   0   0  0  0
12528  25   0   0   0   1  0  0
12529 262   1   0   0   2  0  0
12530 763   0   5  13   3  0  0
12531 212   2   0   0   6  0  0
12532 564   0   7 112   9  0  0
12533 660   0  10   0   0  1  0
12534 564   0  11 113  12  0  0
12535 212   2   0   0   6  0  0
12536 564   0   7 114   9  0  0
12537 660   0  10   0   0  1  0
12538 564   0  11 115  12  0  0
12539 212   0   0   0   6  0  0
12540 564   0   0   0   9  0  0
12541 94039   0   0   0   0  0  0
12542   0   0   0   0   0  0  3
12543   0   0   0   0   0  0  1
12544  10   0   0   0   0  0  2
12545 125   0   0   0   0  0  0
12546  25   0   0   0   1  0  0
12547 262   1   0   0   2  0  0
12548 763   0   5   4   3  0  0
12549 212   2   0   0   6  0  0
12550 564   0   7 116   9  0  0
12551 660   0  10   0   0  1  0
12552 564   0  11 117  12  0  0
12553 212   2   0   0   6  0  0
12554 564   0   7 118   9  0  0
12555 660   0  10   0   0  1  0
12556 564   0  11 119  12  0  0
12557 212   0   0   0   6  0  0
12558 564   0   0   0   9  0  0
12559 94039   0   0   0   0  0  0
12560   0   0   0   0   0  0  3
12561   0   0   0   0   0  0  1
12562  10   0   0   0   0  0  2
12563 125   0   0   0   0  0  0
12564  25   0   0   0   1  0  0
12565 262   1   0   0   2  0  0
12566 763   0   5  13   3  0  0
12567 212   2   0   0   6  0  0
12568 564   0   7 116   9  0  0
12569 660   0  10   0   0  1  0
12570 564   0  11 117  12  0  0
12571 212   2   0   0   6  0  0
12572 564   0   7 118   9  0  0
12573 660   0  10   0   0  1  0
12574 564   0  11 119  12  0  0
12575 212   0   0   0   6  0  0
12576 564   0   0   0   9  0  0
12577 94039   0   0   0   0  0  0
12578   0   0   0   0   0  0  3
12579   0   0   0   0   0  0  1
12580  10   0   0   0   0  0  2
12581 125   0   0   0   0  0  0
12582  25   0   0   0   1  0  0
12583 262   1   0   0   2  0  0
12584 763   0   5   4   3  0  0
12585 212   2   0   0   6  0  0
12586 564   0   7 120   9  0  0
12587 660   0  10   0   0  1  0
12588 564   0  11 121  12  0  0
12589 212   2   0   0   6  0  0
12590 564   0   7 122   9  0  0
12591 660   0  10   0   0  1  0
12592 564   0  11 123  12  0  0
12593 212   0   0   0   6  0  0
12594 564   0   0   0   9  0  0
12595 94039   0   0   0   0  0  0
12596   0   0   0   0   0  0  3
12597   0   0   0   0   0  0  1
12598  10   0   0   0   0  0  2
12599 125   0   0   0   0  0  0
12600  25   0   0   0   1  0  0
12601 262   1   0   0   2  0  0
12602 763   0   5  13   3  0  0
12603 212   2   0   0   6  0  0
12604 564   0   7 120   9  0  0
12605 660   0  10   0   0  1  0
12606 564   0  11 121  12  0  0
12607 212   2   0   0   6  0  0
12608 564   0   7 122   9  0  0
12609 660   0  10   0   0  1  0
12610 564   0  11 123  12  0  0
12611 212   0   0   0   6  0  0
12612 564   0   0   0   9  0  0
12613 94039   0   0   0   0  0  0
12614   0   0   0   0   0  0  3
12615   0   0   0   0   0  0  1
12616  10   0   0   0   0  0  2
12617 125   0   0   0   0  0  0
12618  25   0   0   0   1  0  0
12619 262   1   0   0   2  0  0
12620 763   0   5   4   3  0  0
12621 212   2   0   0   6  0  0
12622 564   0   7 124   9  0  0
12623 660   0  10   0   0  1  0
12624 564   0  11 125  12  0  0
12625 212   2   0   0   6  0  0
12626 564   0   7 126   9  0  0
12627 660   0  10   0   0  1  0
12628 564   0  11 127  12  0  0
12629 212   0   0   0   6  0  0
12630 564   0   0   0   9  0  0
12631 94039   0   0   0   0  0  0
12632   0   0   0   0   0  0  3
12633   0   0   0   0   0  0  1
12634  10   0   0   0   0  0  2
12635 125   0   0   0   0  0  0
12636  25   0   0   0   1  0  0
12637 262   1   0   0   2  0  0
12638 763   0   5  13   3  0  0
12639 212   2   0   0   6  0  0
12640 564   0   7 124   9  0  0
12641 660   0  10   0   0  1  0
12642 564   0  11 125  12  0  0
12643 212   2   0   0   6  0  0
12644 564   0   7 126   9  0  0
12645 660   0  10   0   0  1  0
12646 564   0  11 127  12  0  0
12647 212   0   0   0   6  0  0
12648 564   0   0   0   9  0  0
12649 94039   0   0   0   0  0  0
12650   0   0   0   0   0  0  3
12651   0   0   0   0   0  0  1
12652  10   0   0   0   0  0  2
12653 125   0   0   0   0  0  0
12654  25   0   0   0   1  0  0
12655 262   1   0   0   2  0  0
12656 763   0   5   4   3  0  0
12657 212   2   0   0   6  0  0
12658 564   0   7 128   9  0  0
12659 660   0  10   0   0  1  0
12660 564   0  11 129  12  0  0
12661 212   2   0   0   6  0  0
12662 564   0   7 130   9  0  0
12663 660   0  10   0   0  1  0
12664 564   0  11 131  12  0  0
12665 212   0   0   0   6  0  0
12666 564   0   0   0   9  0  0
12667 94039   0   0   0   0  0  0
12668   0   0   0   0   0  0  3
12669   0   0   0   0   0  0  1
12670  10   0   0   0   0  0  2
12671 125   0   0   0   0  0  0
12672  25   0   0   0   1  0  0
12673 262   1   0   0   2  0  0
12674 763   0   5  13   3  0  0
12675 212   2   0   0   6  0  0
12676 564   0   7 128   9  0  0
12677 660   0  10   0   0  1  0
12678 564   0  11 129  12  0  0
12679 212   2   0   0   6  0  0
12680 564   0   7 130   9  0  0
12681 660   0  10   0   0  1  0
12682 564   0  11 131  12  0  0
12683 212   0   0   0   6  0  0
12684 564   0   0   0   9  0  0
12685 94039   0   0   0   0  0  0
12686   0   0   0   0   0  0  3
12687   0   0   0   0   0  0  1
12688  10   0   0   0   0  0  2
12689 125   0   0   0   0  0  0
12690  25   0   0   0   1  0  0
12691 262   1   0   0   2  0  0
12692 763   0   5   4   3  0  0
12693 212   2   0   0   6  0  0
12694 564   0   7 132   9  0  0
12695 660   0  10   0   0  1  0
12696 564   0  11 133  12  0  0
12697 212   2   0   0   6  0  0
12698 564   0   7 134   9  0  0
12699 660   0  10   0   0  1  0
12700 564   0  11 135  12  0  0
12701 212   0   0   0   6  0  0
12702 564   0   0   0   9  0  0
12703 94039   0   0   0   0  0  0
12704   0   0   0   0   0  0  3
12705   0   0   0   0   0  0  1
12706  10   0   0   0   0  0  2
12707 125   0   0   0   0  0  0
12708  25   0   0   0   1  0  0
12709 262   1   0   0   2  0  0
12710 763   0   5  13   3  0  0
12711 212   2   0   0   6  0  0
12712 564   0   7 132   9  0  0
12713 660   0  10   0   0  1  0
12714 564   0  11 133  12  0  0
12715 212   2   0   0   6  0  0
12716 564   0   7 134   9  0  0
12717 660   0  10   0   0  1  0
12718 564   0  11 135  12  0  0
12719 212   0   0   0   6  0  0
12720 564   0   0   0   9  0  0
12721 94039   0   0   0   0  0  0
12722   0   0   0   0   0  0  3
12723   0   0   0   0   0  0  1
12724  10   0   0   0   0  0  2
12725 125   0   0   0   0  0  0
12726  25   0   0   0   1  0  0
12727 262   1   0   0   2  0  0
12728 763   0   5   4   3  0  0
12729 212   2   0   0   6  0  0
12730 564   0   7 136   9  0  0
12731 660   0  10   0   0  1  0
12732 564   0  11 137  12  0  0
12733 212   2   0   0   6  0  0
12734 564   0   7 138   9  0  0
12735 660   0  10   0   0  1  0
12736 564   0  11 139  12  0  0
12737 212   0   0   0   6  0  0
12738 564   0   0   0   9  0  0
12739 94039   0   0   0   0  0  0
12740   0   0   0   0   0  0  3
12741   0   0   0   0   0  0  1
12742  10   0   0   0   0  0  2
12743 125   0   0   0   0  0  0
12744  25   0   0   0   1  0  0
12745 262   1   0   0   2  0  0
12746 763   0   5  13   3  0  0
12747 212   2   0   0   6  0  0
12748 564   0   7 136   9  0  0
12749 660   0  10   0   0  1  0
12750 564   0  11 137  12  0  0
12751 212   2   0   0   6  0  0
12752 564   0   7 138   9  0  0
12753 660   0  10   0   0  1  0
12754 564   0  11 139  12  0  0
12755 212   0   0   0   6  0  0
12756 564   0   0   0   9  0  0
12757 94039   0   0   0   0  0  0
12758   0   0   0   0   0  0  3
12759   0   0   0   0   0  0  1
12760  10   0   0   0   0  0  2
12761 125   0   0   0   0  0  0
12762  25   0   0   0   1  0  0
12763 262   1   0   0   2  0  0
12764 763   0   5   4   3  0  0
12765 212   2   0   0   6  0  0
12766 564   0   7   8   9  0  0
12767 660   0  10   0   0  1  0
12768 564   0  11   8  12  0  0
12769 212   2   0   0   6  0  0
12770 564   0   7 140   9  0  0
12771 660   0  10   0   0  1  0
12772 564   0  11 141  12  0  0
12773 212   0   0   0   6  0  0
12774 564   0   0   0   9  0  0
12775 94039   0   0   0   0  0  0
12776   0   0   0   0   0  0  3
12777   0   0   0   0   0  0  1
12778  10   0   0   0   0  0  2
12779 125   0   0   0   0  0  0
12780  25   0   0   0   1  0  0
12781 262   1   0   0   2  0  0
12782 763   0   5  13   3  0  0
12783 212   2   0   0   6  0  0
12784 564   0   7   8   9  0  0
12785 660   0  10   0   0  1  0
12786 564   0  11   8  12  0  0
12787 212   2   0   0   6  0  0
12788 564   0   7 140   9  0  0
12789 660   0  10   0   0  1  0
12790 564   0  11 141  12  0  0
12791 212   0   0   0   6  0  0
12792 564   0   0   0   9  0  0
12793 94039   0   0   0   0  0  0
12794   0   0   0   0   0  0  3
12795   0   0   0   0   0  0  1
12796  10   0   0   0   0  0  2
12797 125   0   0   0   0  0  0
12798  25   0   0   0   1  0  0
12799 262   1   0   0   2  0  0
12800 763   0   5   4   3  0  0
12801 212   2   0   0   6  0  0
12802 564   0   7 137   9  0  0
12803 660   0  10   0   0  1  0
12804 564   0  11 136  12  0  0
12805 212   2   0   0   6  0  0
12806 564   0   7 139   9  0  0
12807 660   0  10   0   0  1  0
12808 564   0  11 138  12  0  0
12809 212   0   0   0   6  0  0
12810 564   0   0   0   9  0  0
12811 94039   0   0   0   0  0  0
12812   0   0   0   0   0  0  3
12813   0   0   0   0   0  0  1
12814  10   0   0   0   0  0  2
12815 125   0   0   0   0  0  0
12816  25   0   0   0   1  0  0
12817 262   1   0   0   2  0  0
12818 763   0   5  13   3  0  0
12819 212   2   0   0   6  0  0
12820 564   0   7 137   9  0  0
12821 660   0  10   0   0  1  0
12822 564   0  11 136  12  0  0
12823 212   2   0   0   6  0  0
12824 564   0   7 139   9  0  0
12825 660   0  10   0   0  1  0
12826 564   0  11 138  12  0  0
12827 212   0   0   0   6  0  0
12828 564   0   0   0   9  0  0
12829 94039   0   0   0   0  0  0
12830   0   0   0   0   0  0  3
12831   0   0   0   0   0  0  1
12832  10   0   0   0   0  0  2
12833 125   0   0   0   0  0  0
12834  25   0   0   0   1  0  0
12835 262   1   0   0   2  0  0
12836 763   0   5   4   3  0  0
12837 212   2   0   0   6  0  0
12838 564   0   7 133   9  0  0
12839 660   0  10   0   0  1  0
12840 564   0  11 132  12  0  0
12841 212   2   0   0   6  0  0
12842 564   0   7 135   9  0  0
12843 660   0  10   0   0  1  0
12844 564   0  11 134  12  0  0
12845 212   0   0   0   6  0  0
12846 564   0   0   0   9  0  0
12847 94039   0   0   0   0  0  0
12848   0   0   0   0   0  0  3
12849   0   0   0   0   0  0  1
12850  10   0   0   0   0  0  2
12851 125   0   0   0   0  0  0
12852  25   0   0   0   1  0  0
12853 262   1   0   0   2  0  0
12854 763   0   5  13   3  0  0
12855 212   2   0   0   6  0  0
12856 564   0   7 133   9  0  0
12857 660   0  10   0   0  1  0
12858 564   0  11 132  12  0  0
12859 212   2   0   0   6  0  0
12860 564   0   7 135   9  0  0
12861 660   0  10   0   0  1  0
12862 564   0  11 134  12  0  0
12863 212   0   0   0   6  0  0
12864 564   0   0   0   9  0  0
12865 94039   0   0   0   0  0  0
12866   0   0   0   0   0  0  3
12867   0   0   0   0   0  0  1
12868  10   0   0   0   0  0  2
12869 125   0   0   0   0  0  0
12870  25   0   0   0   1  0  0
12871 262   1   0   0   2  0  0
12872 763   0   5   4   3  0  0
12873 212   2   0   0   6  0  0
12874 564   0   7 129   9  0  0
12875 660   0  10   0   0  1  0
12876 564   0  11 128  12  0  0
12877 212   2   0   0   6  0  0
12878 564   0   7 131   9  0  0
12879 660   0  10   0   0  1  0
12880 564   0  11 130  12  0  0
12881 212   0   0   0   6  0  0
12882 564   0   0   0   9  0  0
12883 94039   0   0   0   0  0  0
12884   0   0   0   0   0  0  3
12885   0   0   0   0   0  0  1
12886  10   0   0   0   0  0  2
12887 125   0   0   0   0  0  0
12888  25   0   0   0   1  0  0
12889 262   1   0   0   2  0  0
12890 763   0   5  13   3  0  0
12891 212   2   0   0   6  0  0
12892 564   0   7 129   9  0  0
12893 660   0  10   0   0  1  0
12894 564   0  11 128  12  0  0
12895 212   2   0   0   6  0  0
12896 564   0   7 131   9  0  0
12897 660   0  10   0   0  1  0
12898 564   0  11 130  12  0  0
12899 212   0   0   0   6  0  0
12900 564   0   0   0   9  0  0
12901 94039   0   0   0   0  0  0
12902   0   0   0   0   0  0  3
12903   0   0   0   0   0  0  1
12904  10   0   0   0   0  0  2
12905 125   0   0   0   0  0  0
12906  25   0   0   0   1  0  0
12907 262   1   0   0   2  0  0
12908 763   0   5   4   3  0  0
12909 212   2   0   0   6  0  0
12910 564   0   7 125   9  0  0
12911 660   0  10   0   0  1  0
12912 564   0  11 124  12  0  0
12913 212   2   0   0   6  0  0
12914 564   0   7 127   9  0  0
12915 660   0  10   0   0  1  0
12916 564   0  11 126  12  0  0
12917 212   0   0   0   6  0  0
12918 564   0   0   0   9  0  0
12919 94039   0   0   0   0  0  0
12920   0   0   0   0   0  0  3
12921   0   0   0   0   0  0  1
12922  10   0   0   0   0  0  2
12923 125   0   0   0   0  0  0
12924  25   0   0   0   1  0  0
12925 262   1   0   0   2  0  0
12926 763   0   5  13   3  0  0
12927 212   2   0   0   6  0  0
12928 564   0   7 125   9  0  0
12929 660   0  10   0   0  1  0
12930 564   0  11 124  12  0  0
12931 212   2   0   0   6  0  0
12932 564   0   7 127   9  0  0
12933 660   0  10   0   0  1  0
12934 564   0  11 126  12  0  0
12935 212   0   0   0   6  0  0
12936 564   0   0   0   9  0  0
12937 94039   0   0   0   0  0  0
12938   0   0   0   0   0  0  3
12939   0   0   0   0   0  0  1
12940  10   0   0   0   0  0  2
12941 125   0   0   0   0  0  0
12942  25   0   0   0   1  0  0
12943 262   1   0   0   2  0  0
12944 763   0   5   4   3  0  0
12945 212   2   0   0   6  0  0
12946 564   0   7 121   9  0  0
12947 660   0  10   0   0  1  0
12948 564   0  11 120  12  0  0
12949 212   2   0   0   6  0  0
12950 564   0   7 123   9  0  0
12951 660   0  10   0   0  1  0
12952 564   0  11 122  12  0  0
12953 212   0   0   0   6  0  0
12954 564   0   0   0   9  0  0
12955 94039   0   0   0   0  0  0
12956   0   0   0   0   0  0  3
12957   0   0   0   0   0  0  1
12958  10   0   0   0   0  0  2
12959 125   0   0   0   0  0  0
12960  25   0   0   0   1  0  0
12961 262   1   0   0   2  0  0
12962 763   0   5  13   3  0  0
12963 212   2   0   0   6  0  0
12964 564   0   7 121   9  0  0
12965 660   0  10   0   0  1  0
12966 564   0  11 120  12  0  0
12967 212   2   0   0   6  0  0
12968 564   0   7 123   9  0  0
12969 660   0  10   0   0  1  0
12970 564   0  11 122  12  0  0
12971 212   0   0   0   6  0  0
12972 564   0   0   0   9  0  0
12973 94039   0   0   0   0  0  0
12974   0   0   0   0   0  0  3
12975   0   0   0   0   0  0  1
12976  10   0   0   0   0  0  2
12977 125   0   0   0   0  0  0
12978  25   0   0   0   1  0  0
12979 262   1   0   0   2  0  0
12980 763   0   5   4   3  0  0
12981 212   2   0   0   6  0  0
12982 564   0   7 117   9  0  0
12983 660   0  10   0   0  1  0
12984 564   0  11 116  12  0  0
12985 212   2   0   0   6  0  0
12986 564   0   7 119   9  0  0
12987 660   0  10   0   0  1  0
12988 564   0  11 118  12  0  0
12989 212   0   0   0   6  0  0
12990 564   0   0   0   9  0  0
12991 94039   0   0   0   0  0  0
12992   0   0   0   0   0  0  3
12993   0   0   0   0   0  0  1
12994  10   0   0   0   0  0  2
12995 125   0   0   0   0  0  0
12996  25   0   0   0   1  0  0
12997 262   1   0   0   2  0  0
12998 763   0   5  13   3  0  0
12999 212   2   0   0   6  0  0
13000 564   0   7 117   9  0  0
13001 660   0  10   0   0  1  0
13002 564   0  11 116  12  0  0
13003 212   2   0   0   6  0  0
13004 564   0   7 119   9  0  0
13005 660   0  10   0   0  1  0
13006 564   0  11 118  12  0  0
13007 212   0   0   0   6  0  0
13008 564   0   0   0   9  0  0
13009 94039   0   0   0   0  0  0
13010   0   0   0   0   0  0  3
13011   0   0   0   0   0  0  1
13012  10   0   0   0   0  0  2
13013 125   0   0   0   0  0  0
13014  25   0   0   0   1  0  0
13015 262   1   0   0   2  0  0
13016 763   0   5   4   3  0  0
13017 212   2   0   0   6  0  0
13018 564   0   7 113   9  0  0
13019 660   0  10   0   0  1  0
13020 564   0  11 112  12  0  0
13021 212   2   0   0   6  0  0
13022 564   0   7 115   9  0  0
13023 660   0  10   0   0  1  0
13024 564   0  11 114  12  0  0
13025 212   0   0   0   6  0  0
13026 564   0   0   0   9  0  0
13027 94039   0   0   0   0  0  0
13028   0   0   0   0   0  0  3
13029   0   0   0   0   0  0  1
13030  10   0   0   0   0  0  2
13031 125   0   0   0   0  0  0
13032  25   0   0   0   1  0  0
13033 262   1   0   0   2  0  0
13034 763   0   5  13   3  0  0
13035 212   2   0   0   6  0  0
13036 564   0   7 113   9  0  0
13037 660   0  10   0   0  1  0
13038 564   0  11 112  12  0  0
13039 212   2   0   0   6  0  0
13040 564   0   7 115   9  0  0
13041 660   0  10   0   0  1  0
13042 564   0  11 114  12  0  0
13043 212   0   0   0   6  0  0
13044 564   0   0   0   9  0  0
13045 94039   0   0   0   0  0  0
13046   0   0   0   0   0  0  3
13047   0   0   0   0   0  0  1
13048  10   0   0   0   0  0  2
13049 125   0   0   0   0  0  0
13050  25   0   0   0   1  0  0
13051 262   1   0   0   2  0  0
13052 763   0   5   4   3  0  0
13053 212   2   0   0   6  0  0
13054 564   0   7 109   9  0  0
13055 660   0  10   0   0  1  0
13056 564   0  11 108  12  0  0
13057 212   2   0   0   6  0  0
13058 564   0   7 111   9  0  0
13059 660   0  10   0   0  1  0
13060 564   0  11 110  12  0  0
13061 212   0   0   0   6  0  0
13062 564   0   0   0   9  0  0
13063 94039   0   0   0   0  0  0
13064   0   0   0   0   0  0  3
13065   0   0   0   0   0  0  1
13066  10   0   0   0   0  0  2
13067 125   0   0   0   0  0  0
13068  25   0   0   0   1  0  0
13069 262   1   0   0   2  0  0
13070 763   0   5  13   3  0  0
13071 212   2   0   0   6  0  0
13072 564   0   7 109   9  0  0
13073 660   0  10   0   0  1  0
13074 564   0  11 108  12  0  0
13075 212   2   0   0   6  0  0
13076 564   0   7 111   9  0  0
13077 660   0  10   0   0  1  0
13078 564   0  11 110  12  0  0
13079 212   0   0   0   6  0  0
13080 564   0   0   0   9  0  0
13081 94039   0   0   0   0  0  0
13082   0   0   0   0   0  0  3
13083   0   0   0   0   0  0  1
13084  10   0   0   0   0  0  2
13085 125   0   0   0   0  0  0
13086  25   0   0   0   1  0  0
13087 262   1   0   0   2  0  0
13088 763   0   5   4   3  0  0
13089 212   2   0   0   6  0  0
13090 564   0   7 105   9  0  0
13091 660   0  10   0   0  1  0
13092 564   0  11 104  12  0  0
13093 212   2   0   0   6  0  0
13094 564   0   7 107   9  0  0
13095 660   0  10   0   0  1  0
13096 564   0  11 106  12  0  0
13097 212   0   0   0   6  0  0
13098 564   0   0   0   9  0  0
13099 94039   0   0   0   0  0  0
13100   0   0   0   0   0  0  3
13101   0   0   0   0   0  0  1
13102  10   0   0   0   0  0  2
13103 125   0   0   0   0  0  0
13104  25   0   0   0   1  0  0
13105 262   1   0   0   2  0  0
13106 763   0   5  13   3  0  0
13107 212   2   0   0   6  0  0
13108 564   0   7 105   9  0  0
13109 660   0  10   0   0  1  0
13110 564   0  11 104  12  0  0
13111 212   2   0   0   6  0  0
13112 564   0   7 107   9  0  0
13113 660   0  10   0   0  1  0
13114 564   0  11 106  12  0  0
13115 212   0   0   0   6  0  0
13116 564   0   0   0   9  0  0
13117 94039   0   0   0   0  0  0
13118   0   0   0   0   0  0  3
13119   0   0   0   0   0  0  1
13120  10   0   0   0   0  0  2
13121 125   0   0   0   0  0  0
13122  25   0   0   0   1  0  0
13123 262   1   0   0   2  0  0
13124 763   0   5   4   3  0  0
13125 212   2   0   0   6  0  0
13126 564   0   7 101   9  0  0
13127 660   0  10   0   0  1  0
13128 564   0  11 100  12  0  0
13129 212   2   0   0   6  0  0
13130 564   0   7 103   9  0  0
13131 660   0  10   0   0  1  0
13132 564   0  11 102  12  0  0
13133 212   0   0   0   6  0  0
13134 564   0   0   0   9  0  0
13135 94039   0   0   0   0  0  0
13136   0   0   0   0   0  0  3
13137   0   0   0   0   0  0  1
13138  10   0   0   0   0  0  2
13139 125   0   0   0   0  0  0
13140  25   0   0   0   1  0  0
13141 262   1   0   0   2  0  0
13142 763   0   5  13   3  0  0
13143 212   2   0   0   6  0  0
13144 564   0   7 101   9  0  0
13145 660   0  10   0   0  1  0
13146 564   0  11 100  12  0  0
13147 212   2   0   0   6  0  0
13148 564   0   7 103   9  0  0
13149 660   0  10   0   0  1  0
13150 564   0  11 102  12  0  0
13151 212   0   0   0   6  0  0
13152 564   0   0   0   9  0  0
13153 94039   0   0   0   0  0  0
13154   0   0   0   0   0  0  3
13155   0   0   0   0   0  0  1
13156  10   0   0   0   0  0  2
13157 125   0   0   0   0  0  0
13158  25   0   0   0   1  0  0
13159 262   1   0   0   2  0  0
13160 763   0   5   4   3  0  0
13161 212   2   0   0   6  0  0
13162 564   0   7  97   9  0  0
13163 660   0  10   0   0  1  0
13164 564   0  11  96  12  0  0
13165 212   2   0   0   6  0  0
13166 564   0   7  99   9  0  0
13167 660   0  10   0   0  1  0
13168 564   0  11  98  12  0  0
13169 212   0   0   0   6  0  0
13170 564   0   0   0   9  0  0
13171 94039   0   0   0   0  0  0
13172   0   0   0   0   0  0  3
13173   0   0   0   0   0  0  1
13174  10   0   0   0   0  0  2
13175 125   0   0   0   0  0  0
13176  25   0   0   0   1  0  0
13177 262   1   0   0   2  0  0
13178 763   0   5  13   3  0  0
13179 212   2   0   0   6  0  0
13180 564   0   7  97   9  0  0
13181 660   0  10   0   0  1  0
13182 564   0  11  96  12  0  0
13183 212   2   0   0   6  0  0
13184 564   0   7  99   9  0  0
13185 660   0  10   0   0  1  0
13186 564   0  11  98  12  0  0
13187 212   0   0   0   6  0  0
13188 564   0   0   0   9  0  0
13189 94039   0   0   0   0  0  0
13190   0   0   0   0   0  0  3
13191   0   0   0   0   0  0  1
13192  10   0   0   0   0  0  2
13193 125   0   0   0   0  0  0
13194  25   0   0   0   1  0  0
13195 262   1   0   0   2  0  0
13196 763   0   5   4   3  0  0
13197 212   2   0   0   6  0  0
13198 564   0   7  93   9  0  0
13199 660   0  10   0   0  1  0
13200 564   0  11  92  12  0  0
13201 212   2   0   0   6  0  0
13202 564   0   7  95   9  0  0
13203 660   0  10   0   0  1  0
13204 564   0  11  94  12  0  0
13205 212   0   0   0   6  0  0
13206 564   0   0   0   9  0  0
13207 94039   0   0   0   0  0  0
13208   0   0   0   0   0  0  3
13209   0   0   0   0   0  0  1
13210  10   0   0   0   0  0  2
13211 125   0   0   0   0  0  0
13212  25   0   0   0   1  0  0
13213 262   1   0   0   2  0  0
13214 763   0   5  13   3  0  0
13215 212   2   0   0   6  0  0
13216 564   0   7  93   9  0  0
13217 660   0  10   0   0  1  0
13218 564   0  11  92  12  0  0
13219 212   2   0   0   6  0  0
13220 564   0   7  95   9  0  0
13221 660   0  10   0   0  1  0
13222 564   0  11  94  12  0  0
13223 212   0   0   0   6  0  0
13224 564   0   0   0   9  0  0
13225 94039   0   0   0   0  0  0
13226   0   0   0   0   0  0  3
13227   0   0   0   0   0  0  1
13228  10   0   0   0   0  0  2
13229 125   0   0   0   0  0  0
13230  25   0   0   0   1  0  0
13231 262   1   0   0   2  0  0
13232 763   0   5   4   3  0  0
13233 212   2   0   0   6  0  0
13234 564   0   7  89   9  0  0
13235 660   0  10   0   0  1  0
13236 564   0  11  88  12  0  0
13237 212   2   0   0   6  0  0
13238 564   0   7  91   9  0  0
13239 660   0  10   0   0  1  0
13240 564   0  11  90  12  0  0
13241 212   0   0   0   6  0  0
13242 564   0   0   0   9  0  0
13243 94039   0   0   0   0  0  0
13244   0   0   0   0   0  0  3
13245   0   0   0   0   0  0  1
13246  10   0   0   0   0  0  2
13247 125   0   0   0   0  0  0
13248  25   0   0   0   1  0  0
13249 262   1   0   0   2  0  0
13250 763   0   5  13   3  0  0
13251 212   2   0   0   6  0  0
13252 564   0   7  89   9  0  0
13253 660   0  10   0   0  1  0
13254 564   0  11  88  12  0  0
13255 212   2   0   0   6  0  0
13256 564   0   7  91   9  0  0
13257 660   0  10   0   0  1  0
13258 564   0  11  90  12  0  0
13259 212   0   0   0   6  0  0
13260 564   0   0   0   9  0  0
13261 94039   0   0   0   0  0  0
13262   0   0   0   0   0  0  3
13263   0   0   0   0   0  0  1
13264  10   0   0   0   0  0  2
13265 125   0   0   0   0  0  0
13266  25   0   0   0   1  0  0
13267 262   1   0   0   2  0  0
13268 763   0   5   4   3  0  0
13269 212   2   0   0   6  0  0
13270 564   0   7  85   9  0  0
13271 660   0  10   0   0  1  0
13272 564   0  11  84  12  0  0
13273 212   2   0   0   6  0  0
13274 564   0   7  87   9  0  0
13275 660   0  10   0   0  1  0
13276 564   0  11  86  12  0  0
13277 212   0   0   0   6  0  0
13278 564   0   0   0   9  0  0
13279 94039   0   0   0   0  0  0
13280   0   0   0   0   0  0  3
13281   0   0   0   0   0  0  1
13282  10   0   0   0   0  0  2
13283 125   0   0   0   0  0  0
13284  25   0   0   0   1  0  0
13285 262   1   0   0   2  0  0
13286 763   0   5  13   3  0  0
13287 212   2   0   0   6  0  0
13288 564   0   7  85   9  0  0
13289 660   0  10   0   0  1  0
13290 564   0  11  84  12  0  0
13291 212   2   0   0   6  0  0
13292 564   0   7  87   9  0  0
13293 660   0  10   0   0  1  0
13294 564   0  11  86  12  0  0
13295 212   0   0   0   6  0  0
13296 564   0   0   0   9  0  0
13297 94039   0   0   0   0  0  0
13298   0   0   0   0   0  0  3
13299   0   0   0   0   0  0  1
13300  10   0   0   0   0  0  2
13301 125   0   0   0   0  0  0
13302  25   0   0   0   1  0  0
13303 262   1   0   0   2  0  0
13304 763   0   5   4   3  0  0
13305 212   2   0   0   6  0  0
13306 564   0   7  81   9  0  0
13307 660   0  10   0   0  1  0
13308 564   0  11  80  12  0  0
13309 212   2   0   0   6  0  0
13310 564   0   7  83   9  0  0
13311 660   0  10   0   0  1  0
13312 564   0  11  82  12  0  0
13313 212   0   0   0   6  0  0
13314 564   0   0   0   9  0  0
13315 94039   0   0   0   0  0  0
13316   0   0   0   0   0  0  3
13317   0   0   0   0   0  0  1
13318  10   0   0   0   0  0  2
13319 125   0   0   0   0  0  0
13320  25   0   0   0   1  0  0
13321 262   1   0   0   2  0  0
13322 763   0   5  13   3  0  0
13323 212   2   0   0   6  0  0
13324 564   0   7  81   9  0  0
13325 660   0  10   0   0  1  0
13326 564   0  11  80  12  0  0
13327 212   2   0   0   6  0  0
13328 564   0   7  83   9  0  0
13329 660   0  10   0   0  1  0
13330 564   0  11  82  12  0  0
13331 212   0   0   0   6  0  0
13332 564   0   0   0   9  0  0
13333 94039   0   0   0   0  0  0
13334   0   0   0   0   0  0  3
13335   0   0   0   0   0  0  1
13336  10   0   0   0   0  0  2
13337 125   0   0   0   0  0  0
13338  25   0   0   0   1  0  0
13339 262   1   0   0   2  0  0
13340 763   0   5   4   3  0  0
13341 212   2   0   0   6  0  0
13342 564   0   7  77   9  0  0
13343 660   0  10   0   0  1  0
13344 564   0  11  76  12  0  0
13345 212   2   0   0   6  0  0
13346 564   0   7  79   9  0  0
13347 660   0  10   0   0  1  0
13348 564   0  11  78  12  0  0
13349 212   0   0   0   6  0  0
13350 564   0   0   0   9  0  0
13351 94039   0   0   0   0  0  0
13352   0   0   0   0   0  0  3
13353   0   0   0   0   0  0  1
13354  10   0   0   0   0  0  2
13355 125   0   0   0   0  0  0
13356  25   0   0   0   1  0  0
13357 262   1   0   0   2  0  0
13358 763   0   5  13   3  0  0
13359 212   2   0   0   6  0  0
13360 564   0   7  77   9  0  0
13361 660   0  10   0   0  1  0
13362 564   0  11  76  12  0  0
13363 212   2   0   0   6  0  0
13364 564   0   7  79   9  0  0
13365 660   0  10   0   0  1  0
13366 564   0  11  78  12  0  0
13367 212   0   0   0   6  0  0
13368 564   0   0   0   9  0  0
13369 94039   0   0   0   0  0  0
13370   0   0   0   0   0  0  3
13371   0   0   0   0   0  0  1
13372  10   0   0   0   0  0  2
13373 125   0   0   0   0  0  0
13374  25   0   0   0   1  0  0
13375 262   1   0   0   2  0  0
13376 763   0   5   4   3  0  0
13377 212   2   0   0   6  0  0
13378 564   0   7  73   9  0  0
13379 660   0  10   0   0  1  0
13380 564   0  11  72  12  0  0
13381 212   2   0   0   6  0  0
13382 564   0   7  75   9  0  0
13383 660   0  10   0   0  1  0
13384 564   0  11  74  12  0  0
13385 212   0   0   0   6  0  0
13386 564   0   0   0   9  0  0
13387 94039   0   0   0   0  0  0
13388   0   0   0   0   0  0  3
13389   0   0   0   0   0  0  1
13390  10   0   0   0   0  0  2
13391 125   0   0   0   0  0  0
13392  25   0   0   0   1  0  0
13393 262   1   0   0   2  0  0
13394 763   0   5  13   3  0  0
13395 212   2   0   0   6  0  0
13396 564   0   7  73   9  0  0
13397 660   0  10   0   0  1  0
13398 564   0  11  72  12  0  0
13399 212   2   0   0   6  0  0
13400 564   0   7  75   9  0  0
13401 660   0  10   0   0  1  0
13402 564   0  11  74  12  0  0
13403 212   0   0   0   6  0  0
13404 564   0   0   0   9  0  0
13405 94039   0   0   0   0  0  0
13406   0   0   0   0   0  0  3
13407   0   0   0   0   0  0  1
13408  10   0   0   0   0  0  2
13409 125   0   0   0   0  0  0
13410  25   0   0   0   1  0  0
13411 262   1   0   0   2  0  0
13412 763   0   5   4   3  0  0
13413 212   2   0   0   6  0  0
13414 564   0   7  69   9  0  0
13415 660   0  10   0   0  1  0
13416 564   0  11  68  12  0  0
13417 212   2   0   0   6  0  0
13418 564   0   7  71   9  0  0
13419 660   0  10   0   0  1  0
13420 564   0  11  70  12  0  0
13421 212   0   0   0   6  0  0
13422 564   0   0   0   9  0  0
13423 94039   0   0   0   0  0  0
13424   0   0   0   0   0  0  3
13425   0   0   0   0   0  0  1
13426  10   0   0   0   0  0  2
13427 125   0   0   0   0  0  0
13428  25   0   0   0   1  0  0
13429 262   1   0   0   2  0  0
13430 763   0   5  13   3  0  0
13431 212   2   0   0   6  0  0
13432 564   0   7  69   9  0  0
13433 660   0  10   0   0  1  0
13434 564   0  11  68  12  0  0
13435 212   2   0   0   6  0  0
13436 564   0   7  71   9  0  0
13437 660   0  10   0   0  1  0
13438 564   0  11  70  12  0  0
13439 212   0   0   0   6  0  0
13440 564   0   0   0   9  0  0
13441 94039   0   0   0   0  0  0
13442   0   0   0   0   0  0  3
13443   0   0   0   0   0  0  1
13444  10   0   0   0   0  0  2
13445 125   0   0   0   0  0  0
13446  25   0   0   0   1  0  0
13447 262   1   0   0   2  0  0
13448 763   0   5   4   3  0  0
13449 212   2   0   0   6  0  0
13450 564   0   7  65   9  0  0
13451 660   0  10   0   0  1  0
13452 564   0  11  64  12  0  0
13453 212   2   0   0   6  0  0
13454 564   0   7  67   9  0  0
13455 660   0  10   0   0  1  0
13456 564   0  11  66  12  0  0
13457 212   0   0   0   6  0  0
13458 564   0   0   0   9  0  0
13459 94039   0   0   0   0  0  0
13460   0   0   0   0   0  0  3
13461   0   0   0   0   0  0  1
13462  10   0   0   0   0  0  2
13463 125   0   0   0   0  0  0
13464  25   0   0   0   1  0  0
13465 262   1   0   0   2  0  0
13466 763   0   5  13   3  0  0
13467 212   2   0   0   6  0  0
13468 564   0   7  65   9  0  0
13469 660   0  10   0   0  1  0
13470 564   0  11  64  12  0  0
13471 212   2   0   0   6  0  0
13472 564   0   7  67   9  0  0
13473 660   0  10   0   0  1  0
13474 564   0  11  66  12  0  0
13475 212   0   0   0   6  0  0
13476 564   0   0   0   9  0  0
13477 94039   0   0   0   0  0  0
13478   0   0   0   0   0  0  3
13479   0   0   0   0   0  0  1
13480  10   0   0   0   0  0  2
13481 125   0   0   0   0  0  0
13482  25   0   0   0   1  0  0
13483 262   1   0   0   2  0  0
13484 763   0   5   4   3  0  0
13485 212   2   0   0   6  0  0
13486 564   0   7  61   9  0  0
13487 660   0  10   0   0  1  0
13488 564   0  11  60  12  0  0
13489 212   2   0   0   6  0  0
13490 564   0   7  63   9  0  0
13491 660   0  10   0   0  1  0
13492 564   0  11  62  12  0  0
13493 212   0   0   0   6  0  0
13494 564   0   0   0   9  0  0
13495 94039   0   0   0   0  0  0
13496   0   0   0   0   0  0  3
13497   0   0   0   0   0  0  1
13498  10   0   0   0   0  0  2
13499 125   0   0   0   0  0  0
13500  25   0   0   0   1  0  0
13501 262   1   0   0   2  0  0
13502 763   0   5  13   3  0  0
13503 212   2   0   0   6  0  0
13504 564   0   7  61   9  0  0
13505 660   0  10   0   0  1  0
13506 564   0  11  60  12  0  0
13507 212   2   0   0   6  0  0
13508 564   0   7  63   9  0  0
13509 660   0  10   0   0  1  0
13510 564   0  11  62  12  0  0
13511 212   0   0   0   6  0  0
13512 564   0   0   0   9  0  0
13513 94039   0   0   0   0  0  0
13514   0   0   0   0   0  0  3
13515   0   0   0   0   0  0  1
13516  10   0   0   0   0  0  2
13517 125   0   0   0   0  0  0
13518  25   0   0   0   1  0  0
13519 262   1   0   0   2  0  0
13520 763   0   5   4   3  0  0
13521 212   2   0   0   6  0  0
13522 564   0   7  57   9  0  0
13523 660   0  10   0   0  1  0
13524 564   0  11  56  12  0  0
13525 212   2   0   0   6  0  0
13526 564   0   7  59   9  0  0
13527 660   0  10   0   0  1  0
13528 564   0  11  58  12  0  0
13529 212   0   0   0   6  0  0
13530 564   0   0   0   9  0  0
13531 94039   0   0   0   0  0  0
13532   0   0   0   0   0  0  3
13533   0   0   0   0   0  0  1
13534  10   0   0   0   0  0  2
13535 125   0   0   0   0  0  0
13536  25   0   0   0   1  0  0
13537 262   1   0   0   2  0  0
13538 763   0   5  13   3  0  0
13539 212   2   0   0   6  0  0
13540 564   0   7  57   9  0  0
13541 660   0  10   0   0  1  0
13542 564   0  11  56  12  0  0
13543 212   2   0   0   6  0  0
13544 564   0   7  59   9  0  0
13545 660   0  10   0   0  1  0
13546 564   0  11  58  12  0  0
13547 212   0   0   0   6  0  0
13548 564   0   0   0   9  0  0
13549 94039   0   0   0   0  0  0
13550   0   0   0   0   0  0  3
13551   0   0   0   0   0  0  1
13552  10   0   0   0   0  0  2
13553 125   0   0   0   0  0  0
13554  25   0   0   0   1  0  0
13555 262   1   0   0   2  0  0
13556 763   0   5   4   3  0  0
13557 212   2   0   0   6  0  0
13558 564   0   7  53   9  0  0
13559 660   0  10   0   0  1  0
13560 564   0  11  52  12  0  0
13561 212   2   0   0   6  0  0
13562 564   0   7  55   9  0  0
13563 660   0  10   0   0  1  0
13564 564   0  11  54  12  0  0
13565 212   0   0   0   6  0  0
13566 564   0   0   0   9  0  0
13567 94039   0   0   0   0  0  0
13568   0   0   0   0   0  0  3
13569   0   0   0   0   0  0  1
13570  10   0   0   0   0  0  2
13571 125   0   0   0   0  0  0
13572  25   0   0   0   1  0  0
13573 262   1   0   0   2  0  0
13574 763   0   5  13   3  0  0
13575 212   2   0   0   6  0  0
13576 564   0   7  53   9  0  0
13577 660   0  10   0   0  1  0
13578 564   0  11  52  12  0  0
13579 212   2   0   0   6  0  0
13580 564   0   7  55   9  0  0
13581 660   0  10   0   0  1  0
13582 564   0  11  54  12  0  0
13583 212   0   0   0   6  0  0
13584 564   0   0   0   9  0  0
13585 94039   0   0   0   0  0  0
13586   0   0   0   0   0  0  3
13587   0   0   0   0   0  0  1
13588  10   0   0   0   0  0  2
13589 125   0   0   0   0  0  0
13590  25   0   0   0   1  0  0
13591 262   1   0   0   2  0  0
13592 763   0   5   4   3  0  0
13593 212   2   0   0   6  0  0
13594 564   0   7  49   9  0  0
13595 660   0  10   0   0  1  0
13596 564   0  11  48  12  0  0
13597 212   2   0   0   6  0  0
13598 564   0   7  51   9  0  0
13599 660   0  10   0   0  1  0
13600 564   0  11  50  12  0  0
13601 212   0   0   0   6  0  0
13602 564   0   0   0   9  0  0
13603 94039   0   0   0   0  0  0
13604   0   0   0   0   0  0  3
13605   0   0   0   0   0  0  1
13606  10   0   0   0   0  0  2
13607 125   0   0   0   0  0  0
13608  25   0   0   0   1  0  0
13609 262   1   0   0   2  0  0
13610 763   0   5  13   3  0  0
13611 212   2   0   0   6  0  0
13612 564   0   7  49   9  0  0
13613 660   0  10   0   0  1  0
13614 564   0  11  48  12  0  0
13615 212   2   0   0   6  0  0
13616 564   0   7  51   9  0  0
13617 660   0  10   0   0  1  0
13618 564   0  11  50  12  0  0
13619 212   0   0   0   6  0  0
13620 564   0   0   0   9  0  0
13621 94039   0   0   0   0  0  0
13622   0   0   0   0   0  0  3
13623   0   0   0   0   0  0  1
13624  10   0   0   0   0  0  2
13625 125   0   0   0   0  0  0
13626  25   0   0   0   1  0  0
13627 262   1   0   0   2  0  0
13628 763   0   5   4   3  0  0
13629 212   2   0   0   6  0  0
13630 564   0   7  45   9  0  0
13631 660   0  10   0   0  1  0
13632 564   0  11  44  12  0  0
13633 212   2   0   0   6  0  0
13634 564   0   7  47   9  0  0
13635 660   0  10   0   0  1  0
13636 564   0  11  46  12  0  0
13637 212   0   0   0   6  0  0
13638 564   0   0   0   9  0  0
13639 94039   0   0   0   0  0  0
13640   0   0   0   0   0  0  3
13641   0   0   0   0   0  0  1
13642  10   0   0   0   0  0  2
13643 125   0   0   0   0  0  0
13644  25   0   0   0   1  0  0
13645 262   1   0   0   2  0  0
13646 763   0   5  13   3  0  0
13647 212   2   0   0   6  0  0
13648 564   0   7  45   9  0  0
13649 660   0  10   0   0  1  0
13650 564   0  11  44  12  0  0
13651 212   2   0   0   6  0  0
13652 564   0   7  47   9  0  0
13653 660   0  10   0   0  1  0
13654 564   0  11  46  12  0  0
13655 212   0   0   0   6  0  0
13656 564   0   0   0   9  0  0
13657 94039   0   0   0   0  0  0
13658   0   0   0   0   0  0  3
13659   0   0   0   0   0  0  1
13660  10   0   0   0   0  0  2
13661 125   0   0   0   0  0  0
13662  25   0   0   0   1  0  0
13663 262   1   0   0   2  0  0
13664 763   0   5   4   3  0  0
13665 212   2   0   0   6  0  0
13666 564   0   7  41   9  0  0
13667 660   0  10   0   0  1  0
13668 564   0  11  40  12  0  0
13669 212   2   0   0   6  0  0
13670 564   0   7  43   9  0  0
13671 660   0  10   0   0  1  0
13672 564   0  11  42  12  0  0
13673 212   0   0   0   6  0  0
13674 564   0   0   0   9  0  0
13675 94039   0   0   0   0  0  0
13676   0   0   0   0   0  0  3
13677   0   0   0   0   0  0  1
13678  10   0   0   0   0  0  2
13679 125   0   0   0   0  0  0
13680  25   0   0   0   1  0  0
13681 262   1   0   0   2  0  0
13682 763   0   5  13   3  0  0
13683 212   2   0   0   6  0  0
13684 564   0   7  41   9  0  0
13685 660   0  10   0   0  1  0
13686 564   0  11  40  12  0  0
13687 212   2   0   0   6  0  0
13688 564   0   7  43   9  0  0
13689 660   0  10   0   0  1  0
13690 564   0  11  42  12  0  0
13691 212   0   0   0   6  0  0
13692 564   0   0   0   9  0  0
13693 94039   0   0   0   0  0  0
13694   0   0   0   0   0  0  3
13695   0   0   0   0   0  0  1
13696  10   0   0   0   0  0  2
13697 125   0   0   0   0  0  0
13698  25   0   0   0   1  0  0
13699 262   1   0   0   2  0  0
13700 763   0   5   4   3  0  0
13701 212   2   0   0   6  0  0
13702 564   0   7  37   9  0  0
13703 660   0  10   0   0  1  0
13704 564   0  11  36  12  0  0
13705 212   2   0   0   6  0  0
13706 564   0   7  39   9  0  0
13707 660   0  10   0   0  1  0
13708 564   0  11  38  12  0  0
13709 212   0   0   0   6  0  0
13710 564   0   0   0   9  0  0
13711 94039   0   0   0   0  0  0
13712   0   0   0   0   0  0  3
13713   0   0   0   0   0  0  1
13714  10   0   0   0   0  0  2
13715 125   0   0   0   0  0  0
13716  25   0   0   0   1  0  0
13717 262   1   0   0   2  0  0
13718 763   0   5  13   3  0  0
13719 212   2   0   0   6  0  0
13720 564   0   7  37   9  0  0
13721 660   0  10   0   0  1  0
13722 564   0  11  36  12  0  0
13723 212   2   0   0   6  0  0
13724 564   0   7  39   9  0  0
13725 660   0  10   0   0  1  0
13726 564   0  11  38  12  0  0
13727 212   0   0   0   6  0  0
13728 564   0   0   0   9  0  0
13729 94039   0   0   0   0  0  0
13730   0   0   0   0   0  0  3
13731   0   0   0   0   0  0  1
13732  10   0   0   0   0  0  2
13733 125   0   0   0   0  0  0
13734  25   0   0   0   1  0  0
13735 262   1   0   0   2  0  0
13736 763   0   5   4   3  0  0
13737 212   2   0   0   6  0  0
13738 564   0   7  33   9  0  0
13739 660   0  10   0   0  1  0
13740 564   0  11  32  12  0  0
13741 212   2   0   0   6  0  0
13742 564   0   7  35   9  0  0
13743 660   0  10   0   0  1  0
13744 564   0  11  34  12  0  0
13745 212   0   0   0   6  0  0
13746 564   0   0   0   9  0  0
13747 94039   0   0   0   0  0  0
13748   0   0   0   0   0  0  3
13749   0   0   0   0   0  0  1
13750  10   0   0   0   0  0  2
13751 125   0   0   0   0  0  0
13752  25   0   0   0   1  0  0
13753 262   1   0   0   2  0  0
13754 763   0   5  13   3  0  0
13755 212   2   0   0   6  0  0
13756 564   0   7  33   9  0  0
13757 660   0  10   0   0  1  0
13758 564   0  11  32  12  0  0
13759 212   2   0   0   6  0  0
13760 564   0   7  35   9  0  0
13761 660   0  10   0   0  1  0
13762 564   0  11  34  12  0  0
13763 212   0   0   0   6  0  0
13764 564   0   0   0   9  0  0
13765 94039   0   0   0   0  0  0
13766   0   0   0   0   0  0  3
13767   0   0   0   0   0  0  1
13768  10   0   0   0   0  0  2
13769 125   0   0   0   0  0  0
13770  25   0   0   0   1  0  0
13771 262   1   0   0   2  0  0
13772 763   0   5   4   3  0  0
13773 212   2   0   0   6  0  0
13774 564   0   7  29   9  0  0
13775 660   0  10   0   0  1  0
13776 564   0  11  28  12  0  0
13777 212   2   0   0   6  0  0
13778 564   0   7  31   9  0  0
13779 660   0  10   0   0  1  0
13780 564   0  11  30  12  0  0
13781 212   0   0   0   6  0  0
13782 564   0   0   0   9  0  0
13783 94039   0   0   0   0  0  0
13784   0   0   0   0   0  0  3
13785   0   0   0   0   0  0  1
13786  10   0   0   0   0  0  2
13787 125   0   0   0   0  0  0
13788  25   0   0   0   1  0  0
13789 262   1   0   0   2  0  0
13790 763   0   5  13   3  0  0
13791 212   2   0   0   6  0  0
13792 564   0   7  29   9  0  0
13793 660   0  10   0   0  1  0
13794 564   0  11  28  12  0  0
13795 212   2   0   0   6  0  0
13796 564   0   7  31   9  0  0
13797 660   0  10   0   0  1  0
13798 564   0  11  30  12  0  0
13799 212   0   0   0   6  0  0
13800 564   0   0   0   9  0  0
13801 94039   0   0   0   0  0  0
13802   0   0   0   0   0  0  3
13803   0   0   0   0   0  0  1
13804  10   0   0   0   0  0  2
13805 125   0   0   0   0  0  0
13806  25   0   0   0   1  0  0
13807 262   1   0   0   2  0  0
13808 763   0   5   4   3  0  0
13809 212   2   0   0   6  0  0
13810 564   0   7  25   9  0  0
13811 660   0  10   0   0  1  0
13812 564   0  11  24  12  0  0
13813 212   2   0   0   6  0  0
13814 564   0   7  27   9  0  0
13815 660   0  10   0   0  1  0
13816 564   0  11  26  12  0  0
13817 212   0   0   0   6  0  0
13818 564   0   0   0   9  0  0
13819 94039   0   0   0   0  0  0
13820   0   0   0   0   0  0  3
13821   0   0   0   0   0  0  1
13822  10   0   0   0   0  0  2
13823 125   0   0   0   0  0  0
13824  25   0   0   0   1  0  0
13825 262   1   0   0   2  0  0
13826 763   0   5  13   3  0  0
13827 212   2   0   0   6  0  0
13828 564   0   7  25   9  0  0
13829 660   0  10   0   0  1  0
13830 564   0  11  24  12  0  0
13831 212   2   0   0   6  0  0
13832 564   0   7  27   9  0  0
13833 660   0  10   0   0  1  0
13834 564   0  11  26  12  0  0
13835 212   0   0   0   6  0  0
13836 564   0   0   0   9  0  0
13837 94039   0   0   0   0  0  0
13838   0   0   0   0   0  0  3
13839   0   0   0   0   0  0  1
13840  10   0   0   0   0  0  2
13841 125   0   0   0   0  0  0
13842  25   0   0   0   1  0  0
13843 262   1   0   0   2  0  0
13844 763   0   5   4   3  0  0
13845 212   2   0   0   6  0  0
13846 564   0   7  21   9  0  0
13847 660   0  10   0   0  1  0
13848 564   0  11  20  12  0  0
13849 212   2   0   0   6  0  0
13850 564   0   7  23   9  0  0
13851 660   0  10   0   0  1  0
13852 564   0  11  22  12  0  0
13853 212   0   0   0   6  0  0
13854 564   0   0   0   9  0  0
13855 94039   0   0   0   0  0  0
13856   0   0   0   0   0  0  3
13857   0   0   0   0   0  0  1
13858  10   0   0   0   0  0  2
13859 125   0   0   0   0  0  0
13860  25   0   0   0   1  0  0
13861 262   1   0   0   2  0  0
13862 763   0   5  13   3  0  0
13863 212   2   0   0   6  0  0
13864 564   0   7  21   9  0  0
13865 660   0  10   0   0  1  0
13866 564   0  11  20  12  0  0
13867 212   2   0   0   6  0  0
13868 564   0   7  23   9  0  0
13869 660   0  10   0   0  1  0
13870 564   0  11  22  12  0  0
13871 212   0   0   0   6  0  0
13872 564   0   0   0   9  0  0
13873 94039   0   0   0   0  0  0
13874   0   0   0   0   0  0  3
13875   0   0   0   0   0  0  1
13876  10   0   0   0   0  0  2
13877 125   0   0   0   0  0  0
13878  25   0   0   0   1  0  0
13879 262   1   0   0   2  0  0
13880 763   0   5   4   3  0  0
13881 212   2   0   0   6  0  0
13882 564   0   7  17   9  0  0
13883 660   0  10   0   0  1  0
13884 564   0  11  16  12  0  0
13885 212   2   0   0   6  0  0
13886 564   0   7  19   9  0  0
13887 660   0  10   0   0  1  0
13888 564   0  11  18  12  0  0
13889 212   0   0   0   6  0  0
13890 564   0   0   0   9  0  0
13891 94039   0   0   0   0  0  0
13892   0   0   0   0   0  0  3
13893   0   0   0   0   0  0  1
13894  10   0   0   0   0  0  2
13895 125   0   0   0   0  0  0
13896  25   0   0   0   1  0  0
13897 262   1   0   0   2  0  0
13898 763   0   5  13   3  0  0
13899 212   2   0   0   6  0  0
13900 564   0   7  17   9  0  0
13901 660   0  10   0   0  1  0
13902 564   0  11  16  12  0  0
13903 212   2   0   0   6  0  0
13904 564   0   7  19   9  0  0
13905 660   0  10   0   0  1  0
13906 564   0  11  18  12  0  0
13907 212   0   0   0   6  0  0
13908 564   0   0   0   9  0  0
13909 94014   0   0   0   0  0  0
13910   0   0   0   0   0  0  3
13911   0   0   0   0   0  0  1
13912  10   0   0   0   0  0  2
13913 150   0   0   0   0  0  0
13914  25   0   0   0   1  0  0
13915 262   1   0   0   2  0  0
13916 763   0   5   4   3  0  0
13917 212   2   0   0   6  0  0
13918 564   0   7   8   9  0  0
13919 660   0  10   0   0  0  0
13920 564   0  11   8  12  0  0
13921 212   2   0   0   6  0  0
13922 564   0   7   8   9  0  0
13923 660   0  10   0   0  0  0
13924 564   0  11   8  12  0  0
13925 212   0   0   0   6  0  0
13926 564   0   0   0   9  0  0
13927 94014   0   0   0   0  0  0
13928   0   0   0   0   0  0  3
13929   0   0   0   0   0  0  1
13930  10   0   0   0   0  0  2
13931 150   0   0   0   0  0  0
13932  25   0   0   0   1  0  0
13933 262   1   0   0   2  0  0
13934 763   0   5  13   3  0  0
13935 212   2   0   0   6  0  0
13936 564   0   7   8   9  0  0
13937 660   0  10   0   0  0  0
13938 564   0  11   8  12  0  0
13939 212   2   0   0   6  0  0
13940 564   0   7   8   9  0  0
13941 660   0  10   0   0  0  0
13942 564   0  11   8  12  0  0
13943 212   0   0   0   6  0  0
13944 564   0   0   0   9  0  0
13945 94014   0   0   0   0  0  0
13946   0   0   0   0   0  0  3
13947   0   0   0   0   0  0  1
13948  10   0   0   0   0  0  2
13949 150   0   0   0   0  0  0
13950  25   0   0   0   1  0  0
13951 262   1   0   0   2  0  0
13952 763   0   5   4   3  0  0
13953 212   2   0   0   6  0  0
13954 564   0   7  14   9  0  0
13955 660   0  10   0   0  1  0
13956 564   0  11  15  12  0  0
13957 212   2   0   0   6  0  0
13958 564   0   7  15   9  0  0
13959 660   0  10   0   0  1  0
13960 564   0  11  14  12  0  0
13961 212   0   0   0   6  0  0
13962 564   0   0   0   9  0  0
13963 94014   0   0   0   0  0  0
13964   0   0   0   0   0  0  3
13965   0   0   0   0   0  0  1
13966  10   0   0   0   0  0  2
13967 150   0   0   0   0  0  0
13968  25   0   0   0   1  0  0
13969 262   1   0   0   2  0  0
13970 763   0   5  13   3  0  0
13971 212   2   0   0   6  0  0
13972 564   0   7  14   9  0  0
13973 660   0  10   0   0  1  0
13974 564   0  11  15  12  0  0
13975 212   2   0   0   6  0  0
13976 564   0   7  15   9  0  0
13977 660   0  10   0   0  1  0
13978 564   0  11  14  12  0  0
13979 212   0   0   0   6  0  0
13980 564   0   0   0   9  0  0
13981 94014   0   0   0   0  0  0
13982   0   0   0   0   0  0  3
13983   0   0   0   0   0  0  1
13984  10   0   0   0   0  0  2
13985 150   0   0   0   0  0  0
13986  25   0   0   0   1  0  0
13987 262   1   0   0   2  0  0
13988 763   0   5   4   3  0  0
13989 212   2   0   0   6  0  0
13990 564   0   7  16   9  0  0
13991 660   0  10   0   0  1  0
13992 564   0  11  17  12  0  0
13993 212   2   0   0   6  0  0
13994 564   0   7  18   9  0  0
13995 660   0  10   0   0  1  0
13996 564   0  11  19  12  0  0
13997 212   0   0   0   6  0  0
13998 564   0   0   0   9  0  0
13999 94014   0   0   0   0  0  0
14000   0   0   0   0   0  0  3
14001   0   0   0   0   0  0  1
14002  10   0   0   0   0  0  2
14003 150   0   0   0   0  0  0
14004  25   0   0   0   1  0  0
14005 262   1   0   0   2  0  0
14006 763   0   5  13   3  0  0
14007 212   2   0   0   6  0  0
14008 564   0   7  16   9  0  0
14009 660   0  10   0   0  1  0
14010 564   0  11  17  12  0  0
14011 212   2   0   0   6  0  0
14012 564   0   7  18   9  0  0
14013 660   0  10   0   0  1  0
14014 564   0  11  19  12  0  0
14015 212   0   0   0   6  0  0
14016 564   0   0   0   9  0  0
14017 94014   0   0   0   0  0  0
14018   0   0   0   0   0  0  3
14019   0   0   0   0   0  0  1
14020  10   0   0   0   0  0  2
14021 150   0   0   0   0  0  0
14022  25   0   0   0   1  0  0
14023 262   1   0   0   2  0  0
14024 763   0   5   4   3  0  0
14025 212   2   0   0   6  0  0
14026 564   0   7  20   9  0  0
14027 660   0  10   0   0  1  0
14028 564   0  11  21  12  0  0
14029 212   2   0   0   6  0  0
14030 564   0   7  22   9  0  0
14031 660   0  10   0   0  1  0
14032 564   0  11  23  12  0  0
14033 212   0   0   0   6  0  0
14034 564   0   0   0   9  0  0
14035 94014   0   0   0   0  0  0
14036   0   0   0   0   0  0  3
14037   0   0   0   0   0  0  1
14038  10   0   0   0   0  0  2
14039 150   0   0   0   0  0  0
14040  25   0   0   0   1  0  0
14041 262   1   0   0   2  0  0
14042 763   0   5  13   3  0  0
14043 212   2   0   0   6  0  0
14044 564   0   7  20   9  0  0
14045 660   0  10   0   0  1  0
14046 564   0  11  21  12  0  0
14047 212   2   0   0   6  0  0
14048 564   0   7  22   9  0  0
14049 660   0  10   0   0  1  0
14050 564   0  11  23  12  0  0
14051 212   0   0   0   6  0  0
14052 564   0   0   0   9  0  0
14053 94014   0   0   0   0  0  0
14054   0   0   0   0   0  0  3
14055   0   0   0   0   0  0  1
14056  10   0   0   0   0  0  2
14057 150   0   0   0   0  0  0
14058  25   0   0   0   1  0  0
14059 262   1   0   0   2  0  0
14060 763   0   5   4   3  0  0
14061 212   2   0   0   6  0  0
14062 564   0   7  24   9  0  0
14063 660   0  10   0   0  1  0
14064 564   0  11  25  12  0  0
14065 212   2   0   0   6  0  0
14066 564   0   7  26   9  0  0
14067 660   0  10   0   0  1  0
14068 564   0  11  27  12  0  0
14069 212   0   0   0   6  0  0
14070 564   0   0   0   9  0  0
14071 94014   0   0   0   0  0  0
14072   0   0   0   0   0  0  3
14073   0   0   0   0   0  0  1
14074  10   0   0   0   0  0  2
14075 150   0   0   0   0  0  0
14076  25   0   0   0   1  0  0
14077 262   1   0   0   2  0  0
14078 763   0   5  13   3  0  0
14079 212   2   0   0   6  0  0
14080 564   0   7  24   9  0  0
14081 660   0  10   0   0  1  0
14082 564   0  11  25  12  0  0
14083 212   2   0   0   6  0  0
14084 564   0   7  26   9  0  0
14085 660   0  10   0   0  1  0
14086 564   0  11  27  12  0  0
14087 212   0   0   0   6  0  0
14088 564   0   0   0   9  0  0
14089 94014   0   0   0   0  0  0
14090   0   0   0   0   0  0  3
14091   0   0   0   0   0  0  1
14092  10   0   0   0   0  0  2
14093 150   0   0   0   0  0  0
14094  25   0   0   0   1  0  0
14095 262   1   0   0   2  0  0
14096 763   0   5   4   3  0  0
14097 212   2   0   0   6  0  0
14098 564   0   7  28   9  0  0
14099 660   0  10   0   0  1  0
14100 564   0  11  29  12  0  0
14101 212   2   0   0   6  0  0
14102 564   0   7  30   9  0  0
14103 660   0  10   0   0  1  0
14104 564   0  11  31  12  0  0
14105 212   0   0   0   6  0  0
14106 564   0   0   0   9  0  0
14107 94014   0   0   0   0  0  0
14108   0   0   0   0   0  0  3
14109   0   0   0   0   0  0  1
14110  10   0   0   0   0  0  2
14111 150   0   0   0   0  0  0
14112  25   0   0   0   1  0  0
14113 262   1   0   0   2  0  0
14114 763   0   5  13   3  0  0
14115 212   2   0   0   6  0  0
14116 564   0   7  28   9  0  0
14117 660   0  10   0   0  1  0
14118 564   0  11  29  12  0  0
14119 212   2   0   0   6  0  0
14120 564   0   7  30   9  0  0
14121 660   0  10   0   0  1  0
14122 564   0  11  31  12  0  0
14123 212   0   0   0   6  0  0
14124 564   0   0   0   9  0  0
14125 94014   0   0   0   0  0  0
14126   0   0   0   0   0  0  3
14127   0   0   0   0   0  0  1
14128  10   0   0   0   0  0  2
14129 150   0   0   0   0  0  0
14130  25   0   0   0   1  0  0
14131 262   1   0   0   2  0  0
14132 763   0   5   4   3  0  0
14133 212   2   0   0   6  0  0
14134 564   0   7  32   9  0  0
14135 660   0  10   0   0  1  0
14136 564   0  11  33  12  0  0
14137 212   2   0   0   6  0  0
14138 564   0   7  34   9  0  0
14139 660   0  10   0   0  1  0
14140 564   0  11  35  12  0  0
14141 212   0   0   0   6  0  0
14142 564   0   0   0   9  0  0
14143 94014   0   0   0   0  0  0
14144   0   0   0   0   0  0  3
14145   0   0   0   0   0  0  1
14146  10   0   0   0   0  0  2
14147 150   0   0   0   0  0  0
14148  25   0   0   0   1  0  0
14149 262   1   0   0   2  0  0
14150 763   0   5  13   3  0  0
14151 212   2   0   0   6  0  0
14152 564   0   7  32   9  0  0
14153 660   0  10   0   0  1  0
14154 564   0  11  33  12  0  0
14155 212   2   0   0   6  0  0
14156 564   0   7  34   9  0  0
14157 660   0  10   0   0  1  0
14158 564   0  11  35  12  0  0
14159 212   0   0   0   6  0  0
14160 564   0   0   0   9  0  0
14161 94014   0   0   0   0  0  0
14162   0   0   0   0   0  0  3
14163   0   0   0   0   0  0  1
14164  10   0   0   0   0  0  2
14165 150   0   0   0   0  0  0
14166  25   0   0   0   1  0  0
14167 262   1   0   0   2  0  0
14168 763   0   5   4   3  0  0
14169 212   2   0   0   6  0  0
14170 564   0   7  36   9  0  0
14171 660   0  10   0   0  1  0
14172 564   0  11  37  12  0  0
14173 212   2   0   0   6  0  0
14174 564   0   7  38   9  0  0
14175 660   0  10   0   0  1  0
14176 564   0  11  39  12  0  0
14177 212   0   0   0   6  0  0
14178 564   0   0   0   9  0  0
14179 94014   0   0   0   0  0  0
14180   0   0   0   0   0  0  3
14181   0   0   0   0   0  0  1
14182  10   0   0   0   0  0  2
14183 150   0   0   0   0  0  0
14184  25   0   0   0   1  0  0
14185 262   1   0   0   2  0  0
14186 763   0   5  13   3  0  0
14187 212   2   0   0   6  0  0
14188 564   0   7  36   9  0  0
14189 660   0  10   0   0  1  0
14190 564   0  11  37  12  0  0
14191 212   2   0   0   6  0  0
14192 564   0   7  38   9  0  0
14193 660   0  10   0   0  1  0
14194 564   0  11  39  12  0  0
14195 212   0   0   0   6  0  0
14196 564   0   0   0   9  0  0
14197 94014   0   0   0   0  0  0
14198   0   0   0   0   0  0  3
14199   0   0   0   0   0  0  1
14200  10   0   0   0   0  0  2
14201 150   0   0   0   0  0  0
14202  25   0   0   0   1  0  0
14203 262   1   0   0   2  0  0
14204 763   0   5   4   3  0  0
14205 212   2   0   0   6  0  0
14206 564   0   7  40   9  0  0
14207 660   0  10   0   0  1  0
14208 564   0  11  41  12  0  0
14209 212   2   0   0   6  0  0
14210 564   0   7  42   9  0  0
14211 660   0  10   0   0  1  0
14212 564   0  11  43  12  0  0
14213 212   0   0   0   6  0  0
14214 564   0   0   0   9  0  0
14215 94014   0   0   0   0  0  0
14216   0   0   0   0   0  0  3
14217   0   0   0   0   0  0  1
14218  10   0   0   0   0  0  2
14219 150   0   0   0   0  0  0
14220  25   0   0   0   1  0  0
14221 262   1   0   0   2  0  0
14222 763   0   5  13   3  0  0
14223 212   2   0   0   6  0  0
14224 564   0   7  40   9  0  0
14225 660   0  10   0   0  1  0
14226 564   0  11  41  12  0  0
14227 212   2   0   0   6  0  0
14228 564   0   7  42   9  0  0
14229 660   0  10   0   0  1  0
14230 564   0  11  43  12  0  0
14231 212   0   0   0   6  0  0
14232 564   0   0   0   9  0  0
14233 94014   0   0   0   0  0  0
14234   0   0   0   0   0  0  3
14235   0   0   0   0   0  0  1
14236  10   0   0   0   0  0  2
14237 150   0   0   0   0  0  0
14238  25   0   0   0   1  0  0
14239 262   1   0   0   2  0  0
14240 763   0   5   4   3  0  0
14241 212   2   0   0   6  0  0
14242 564   0   7  44   9  0  0
14243 660   0  10   0   0  1  0
14244 564   0  11  45  12  0  0
14245 212   2   0   0   6  0  0
14246 564   0   7  46   9  0  0
14247 660   0  10   0   0  1  0
14248 564   0  11  47  12  0  0
14249 212   0   0   0   6  0  0
14250 564   0   0   0   9  0  0
14251 94014   0   0   0   0  0  0
14252   0   0   0   0   0  0  3
14253   0   0   0   0   0  0  1
14254  10   0   0   0   0  0  2
14255 150   0   0   0   0  0  0
14256  25   0   0   0   1  0  0
14257 262   1   0   0   2  0  0
14258 763   0   5  13   3  0  0
14259 212   2   0   0   6  0  0
14260 564   0   7  44   9  0  0
14261 660   0  10   0   0  1  0
14262 564   0  11  45  12  0  0
14263 212   2   0   0   6  0  0
14264 564   0   7  46   9  0  0
14265 660   0  10   0   0  1  0
14266 564   0  11  47  12  0  0
14267 212   0   0   0   6  0  0
14268 564   0   0   0   9  0  0
14269 94014   0   0   0   0  0  0
14270   0   0   0   0   0  0  3
14271   0   0   0   0   0  0  1
14272  10   0   0   0   0  0  2
14273 150   0   0   0   0  0  0
14274  25   0   0   0   1  0  0
14275 262   1   0   0   2  0  0
14276 763   0   5   4   3  0  0
14277 212   2   0   0   6  0  0
14278 564   0   7  48   9  0  0
14279 660   0  10   0   0  1  0
14280 564   0  11  49  12  0  0
14281 212   2   0   0   6  0  0
14282 564   0   7  50   9  0  0
14283 660   0  10   0   0  1  0
14284 564   0  11  51  12  0  0
14285 212   0   0   0   6  0  0
14286 564   0   0   0   9  0  0
14287 94014   0   0   0   0  0  0
14288   0   0   0   0   0  0  3
14289   0   0   0   0   0  0  1
14290  10   0   0   0   0  0  2
14291 150   0   0   0   0  0  0
14292  25   0   0   0   1  0  0
14293 262   1   0   0   2  0  0
14294 763   0   5  13   3  0  0
14295 212   2   0   0   6  0  0
14296 564   0   7  48   9  0  0
14297 660   0  10   0   0  1  0
14298 564   0  11  49  12  0  0
14299 212   2   0   0   6  0  0
14300 564   0   7  50   9  0  0
14301 660   0  10   0   0  1  0
14302 564   0  11  51  12  0  0
14303 212   0   0   0   6  0  0
14304 564   0   0   0   9  0  0
14305 94014   0   0   0   0  0  0
14306   0   0   0   0   0  0  3
14307   0   0   0   0   0  0  1
14308  10   0   0   0   0  0  2
14309 150   0   0   0   0  0  0
14310  25   0   0   0   1  0  0
14311 262   1   0   0   2  0  0
14312 763   0   5   4   3  0  0
14313 212   2   0   0   6  0  0
14314 564   0   7  52   9  0  0
14315 660   0  10   0   0  1  0
14316 564   0  11  53  12  0  0
14317 212   2   0   0   6  0  0
14318 564   0   7  54   9  0  0
14319 660   0  10   0   0  1  0
14320 564   0  11  55  12  0  0
14321 212   0   0   0   6  0  0
14322 564   0   0   0   9  0  0
14323 94014   0   0   0   0  0  0
14324   0   0   0   0   0  0  3
14325   0   0   0   0   0  0  1
14326  10   0   0   0   0  0  2
14327 150   0   0   0   0  0  0
14328  25   0   0   0   1  0  0
14329 262   1   0   0   2  0  0
14330 763   0   5  13   3  0  0
14331 212   2   0   0   6  0  0
14332 564   0   7  52   9  0  0
14333 660   0  10   0   0  1  0
14334 564   0  11  53  12  0  0
14335 212   2   0   0   6  0  0
14336 564   0   7  54   9  0  0
14337 660   0  10   0   0  1  0
14338 564   0  11  55  12  0  0
14339 212   0   0   0   6  0  0
14340 564   0   0   0   9  0  0
14341 94014   0   0   0   0  0  0
14342   0   0   0   0   0  0  3
14343   0   0   0   0   0  0  1
14344  10   0   0   0   0  0  2
14345 150   0   0   0   0  0  0
14346  25   0   0   0   1  0  0
14347 262   1   0   0   2  0  0
14348 763   0   5   4   3  0  0
14349 212   2   0   0   6  0  0
14350 564   0   7  56   9  0  0
14351 660   0  10   0   0  1  0
14352 564   0  11  57  12  0  0
14353 212   2   0   0   6  0  0
14354 564   0   7  58   9  0  0
14355 660   0  10   0   0  1  0
14356 564   0  11  59  12  0  0
14357 212   0   0   0   6  0  0
14358 564   0   0   0   9  0  0
14359 94014   0   0   0   0  0  0
14360   0   0   0   0   0  0  3
14361   0   0   0   0   0  0  1
14362  10   0   0   0   0  0  2
14363 150   0   0   0   0  0  0
14364  25   0   0   0   1  0  0
14365 262   1   0   0   2  0  0
14366 763   0   5  13   3  0  0
14367 212   2   0   0   6  0  0
14368 564   0   7  56   9  0  0
14369 660   0  10   0   0  1  0
14370 564   0  11  57  12  0  0
14371 212   2   0   0   6  0  0
14372 564   0   7  58   9  0  0
14373 660   0  10   0   0  1  0
14374 564   0  11  59  12  0  0
14375 212   0   0   0   6  0  0
14376 564   0   0   0   9  0  0
14377 94014   0   0   0   0  0  0
14378   0   0   0   0   0  0  3
14379   0   0   0   0   0  0  1
14380  10   0   0   0   0  0  2
14381 150   0   0   0   0  0  0
14382  25   0   0   0   1  0  0
14383 262   1   0   0   2  0  0
14384 763   0   5   4   3  0  0
14385 212   2   0   0   6  0  0
14386 564   0   7  60   9  0  0
14387 660   0  10   0   0  1  0
14388 564   0  11  61  12  0  0
14389 212   2   0   0   6  0  0
14390 564   0   7  62   9  0  0
14391 660   0  10   0   0  1  0
14392 564   0  11  63  12  0  0
14393 212   0   0   0   6  0  0
14394 564   0   0   0   9  0  0
14395 94014   0   0   0   0  0  0
14396   0   0   0   0   0  0  3
14397   0   0   0   0   0  0  1
14398  10   0   0   0   0  0  2
14399 150   0   0   0   0  0  0
14400  25   0   0   0   1  0  0
14401 262   1   0   0   2  0  0
14402 763   0   5  13   3  0  0
14403 212   2   0   0   6  0  0
14404 564   0   7  60   9  0  0
14405 660   0  10   0   0  1  0
14406 564   0  11  61  12  0  0
14407 212   2   0   0   6  0  0
14408 564   0   7  62   9  0  0
14409 660   0  10   0   0  1  0
14410 564   0  11  63  12  0  0
14411 212   0   0   0   6  0  0
14412 564   0   0   0   9  0  0
14413 94014   0   0   0   0  0  0
14414   0   0   0   0   0  0  3
14415   0   0   0   0   0  0  1
14416  10   0   0   0   0  0  2
14417 150   0   0   0   0  0  0
14418  25   0   0   0   1  0  0
14419 262   1   0   0   2  0  0
14420 763   0   5   4   3  0  0
14421 212   2   0   0   6  0  0
14422 564   0   7  64   9  0  0
14423 660   0  10   0   0  1  0
14424 564   0  11  65  12  0  0
14425 212   2   0   0   6  0  0
14426 564   0   7  66   9  0  0
14427 660   0  10   0   0  1  0
14428 564   0  11  67  12  0  0
14429 212   0   0   0   6  0  0
14430 564   0   0   0   9  0  0
14431 94014   0   0   0   0  0  0
14432   0   0   0   0   0  0  3
14433   0   0   0   0   0  0  1
14434  10   0   0   0   0  0  2
14435 150   0   0   0   0  0  0
14436  25   0   0   0   1  0  0
14437 262   1   0   0   2  0  0
14438 763   0   5  13   3  0  0
14439 212   2   0   0   6  0  0
14440 564   0   7  64   9  0  0
14441 660   0  10   0   0  1  0
14442 564   0  11  65  12  0  0
14443 212   2   0   0   6  0  0
14444 564   0   7  66   9  0  0
14445 660   0  10   0   0  1  0
14446 564   0  11  67  12  0  0
14447 212   0   0   0   6  0  0
14448 564   0   0   0   9  0  0
14449 94014   0   0   0   0  0  0
14450   0   0   0   0   0  0  3
14451   0   0   0   0   0  0  1
14452  10   0   0   0   0  0  2
14453 150   0   0   0   0  0  0
14454  25   0   0   0   1  0  0
14455 262   1   0   0   2  0  0
14456 763   0   5   4   3  0  0
14457 212   2   0   0   6  0  0
14458 564   0   7  68   9  0  0
14459 660   0  10   0   0  1  0
14460 564   0  11  69  12  0  0
14461 212   2   0   0   6  0  0
14462 564   0   7  70   9  0  0
14463 660   0  10   0   0  1  0
14464 564   0  11  71  12  0  0
14465 212   0   0   0   6  0  0
14466 564   0   0   0   9  0  0
14467 94014   0   0   0   0  0  0
14468   0   0   0   0   0  0  3
14469   0   0   0   0   0  0  1
14470  10   0   0   0   0  0  2
14471 150   0   0   0   0  0  0
14472  25   0   0   0   1  0  0
14473 262   1   0   0   2  0  0
14474 763   0   5  13   3  0  0
14475 212   2   0   0   6  0  0
14476 564   0   7  68   9  0  0
14477 660   0  10   0   0  1  0
14478 564   0  11  69  12  0  0
14479 212   2   0   0   6  0  0
14480 564   0   7  70   9  0  0
14481 660   0  10   0   0  1  0
14482 564   0  11  71  12  0  0
14483 212   0   0   0   6  0  0
14484 564   0   0   0   9  0  0
14485 94014   0   0   0   0  0  0
14486   0   0   0   0   0  0  3
14487   0   0   0   0   0  0  1
14488  10   0   0   0   0  0  2
14489 150   0   0   0   0  0  0
14490  25   0   0   0   1  0  0
14491 262   1   0   0   2  0  0
14492 763   0   5   4   3  0  0
14493 212   2   0   0   6  0  0
14494 564   0   7  72   9  0  0
14495 660   0  10   0   0  1  0
14496 564   0  11  73  12  0  0
14497 212   2   0   0   6  0  0
14498 564   0   7  74   9  0  0
14499 660   0  10   0   0  1  0
14500 564   0  11  75  12  0  0
14501 212   0   0   0   6  0  0
14502 564   0   0   0   9  0  0
14503 94014   0   0   0   0  0  0
14504   0   0   0   0   0  0  3
14505   0   0   0   0   0  0  1
14506  10   0   0   0   0  0  2
14507 150   0   0   0   0  0  0
14508  25   0   0   0   1  0  0
14509 262   1   0   0   2  0  0
14510 763   0   5  13   3  0  0
14511 212   2   0   0   6  0  0
14512 564   0   7  72   9  0  0
14513 660   0  10   0   0  1  0
14514 564   0  11  73  12  0  0
14515 212   2   0   0   6  0  0
14516 564   0   7  74   9  0  0
14517 660   0  10   0   0  1  0
14518 564   0  11  75  12  0  0
14519 212   0   0   0   6  0  0
14520 564   0   0   0   9  0  0
14521 94014   0   0   0   0  0  0
14522   0   0   0   0   0  0  3
14523   0   0   0   0   0  0  1
14524  10   0   0   0   0  0  2
14525 150   0   0   0   0  0  0
14526  25   0   0   0   1  0  0
14527 262   1   0   0   2  0  0
14528 763   0   5   4   3  0  0
14529 212   2   0   0   6  0  0
14530 564   0   7  76   9  0  0
14531 660   0  10   0   0  1  0
14532 564   0  11  77  12  0  0
14533 212   2   0   0   6  0  0
14534 564   0   7  78   9  0  0
14535 660   0  10   0   0  1  0
14536 564   0  11  79  12  0  0
14537 212   0   0   0   6  0  0
14538 564   0   0   0   9  0  0
14539 94014   0   0   0   0  0  0
14540   0   0   0   0   0  0  3
14541   0   0   0   0   0  0  1
14542  10   0   0   0   0  0  2
14543 150   0   0   0   0  0  0
14544  25   0   0   0   1  0  0
14545 262   1   0   0   2  0  0
14546 763   0   5  13   3  0  0
14547 212   2   0   0   6  0  0
14548 564   0   7  76   9  0  0
14549 660   0  10   0   0  1  0
14550 564   0  11  77  12  0  0
14551 212   2   0   0   6  0  0
14552 564   0   7  78   9  0  0
14553 660   0  10   0   0  1  0
14554 564   0  11  79  12  0  0
14555 212   0   0   0   6  0  0
14556 564   0   0   0   9  0  0
14557 94014   0   0   0   0  0  0
14558   0   0   0   0   0  0  3
14559   0   0   0   0   0  0  1
14560  10   0   0   0   0  0  2
14561 150   0   0   0   0  0  0
14562  25   0   0   0   1  0  0
14563 262   1   0   0   2  0  0
14564 763   0   5   4   3  0  0
14565 212   2   0   0   6  0  0
14566 564   0   7  80   9  0  0
14567 660   0  10   0   0  1  0
14568 564   0  11  81  12  0  0
14569 212   2   0   0   6  0  0
14570 564   0   7  82   9  0  0
14571 660   0  10   0   0  1  0
14572 564   0  11  83  12  0  0
14573 212   0   0   0   6  0  0
14574 564   0   0   0   9  0  0
14575 94014   0   0   0   0  0  0
14576   0   0   0   0   0  0  3
14577   0   0   0   0   0  0  1
14578  10   0   0   0   0  0  2
14579 150   0   0   0   0  0  0
14580  25   0   0   0   1  0  0
14581 262   1   0   0   2  0  0
14582 763   0   5  13   3  0  0
14583 212   2   0   0   6  0  0
14584 564   0   7  80   9  0  0
14585 660   0  10   0   0  1  0
14586 564   0  11  81  12  0  0
14587 212   2   0   0   6  0  0
14588 564   0   7  82   9  0  0
14589 660   0  10   0   0  1  0
14590 564   0  11  83  12  0  0
14591 212   0   0   0   6  0  0
14592 564   0   0   0   9  0  0
14593 94014   0   0   0   0  0  0
14594   0   0   0   0   0  0  3
14595   0   0   0   0   0  0  1
14596  10   0   0   0   0  0  2
14597 150   0   0   0   0  0  0
14598  25   0   0   0   1  0  0
14599 262   1   0   0   2  0  0
14600 763   0   5   4   3  0  0
14601 212   2   0   0   6  0  0
14602 564   0   7  84   9  0  0
14603 660   0  10   0   0  1  0
14604 564   0  11  85  12  0  0
14605 212   2   0   0   6  0  0
14606 564   0   7  86   9  0  0
14607 660   0  10   0   0  1  0
14608 564   0  11  87  12  0  0
14609 212   0   0   0   6  0  0
14610 564   0   0   0   9  0  0
14611 94014   0   0   0   0  0  0
14612   0   0   0   0   0  0  3
14613   0   0   0   0   0  0  1
14614  10   0   0   0   0  0  2
14615 150   0   0   0   0  0  0
14616  25   0   0   0   1  0  0
14617 262   1   0   0   2  0  0
14618 763   0   5  13   3  0  0
14619 212   2   0   0   6  0  0
14620 564   0   7  84   9  0  0
14621 660   0  10   0   0  1  0
14622 564   0  11  85  12  0  0
14623 212   2   0   0   6  0  0
14624 564   0   7  86   9  0  0
14625 660   0  10   0   0  1  0
14626 564   0  11  87  12  0  0
14627 212   0   0   0   6  0  0
14628 564   0   0   0   9  0  0
14629 94014   0   0   0   0  0  0
14630   0   0   0   0   0  0  3
14631   0   0   0   0   0  0  1
14632  10   0   0   0   0  0  2
14633 150   0   0   0   0  0  0
14634  25   0   0   0   1  0  0
14635 262   1   0   0   2  0  0
14636 763   0   5   4   3  0  0
14637 212   2   0   0   6  0  0
14638 564   0   7  88   9  0  0
14639 660   0  10   0   0  1  0
14640 564   0  11  89  12  0  0
14641 212   2   0   0   6  0  0
14642 564   0   7  90   9  0  0
14643 660   0  10   0   0  1  0
14644 564   0  11  91  12  0  0
14645 212   0   0   0   6  0  0
14646 564   0   0   0   9  0  0
14647 94014   0   0   0   0  0  0
14648   0   0   0   0   0  0  3
14649   0   0   0   0   0  0  1
14650  10   0   0   0   0  0  2
14651 150   0   0   0   0  0  0
14652  25   0   0   0   1  0  0
14653 262   1   0   0   2  0  0
14654 763   0   5  13   3  0  0
14655 212   2   0   0   6  0  0
14656 564   0   7  88   9  0  0
14657 660   0  10   0   0  1  0
14658 564   0  11  89  12  0  0
14659 212   2   0   0   6  0  0
14660 564   0   7  90   9  0  0
14661 660   0  10   0   0  1  0
14662 564   0  11  91  12  0  0
14663 212   0   0   0   6  0  0
14664 564   0   0   0   9  0  0
14665 94014   0   0   0   0  0  0
14666   0   0   0   0   0  0  3
14667   0   0   0   0   0  0  1
14668  10   0   0   0   0  0  2
14669 150   0   0   0   0  0  0
14670  25   0   0   0   1  0  0
14671 262   1   0   0   2  0  0
14672 763   0   5   4   3  0  0
14673 212   2   0   0   6  0  0
14674 564   0   7  92   9  0  0
14675 660   0  10   0   0  1  0
14676 564   0  11  93  12  0  0
14677 212   2   0   0   6  0  0
14678 564   0   7  94   9  0  0
14679 660   0  10   0   0  1  0
14680 564   0  11  95  12  0  0
14681 212   0   0   0   6  0  0
14682 564   0   0   0   9  0  0
14683 94014   0   0   0   0  0  0
14684   0   0   0   0   0  0  3
14685   0   0   0   0   0  0  1
14686  10   0   0   0   0  0  2
14687 150   0   0   0   0  0  0
14688  25   0   0   0   1  0  0
14689 262   1   0   0   2  0  0
14690 763   0   5  13   3  0  0
14691 212   2   0   0   6  0  0
14692 564   0   7  92   9  0  0
14693 660   0  10   0   0  1  0
14694 564   0  11  93  12  0  0
14695 212   2   0   0   6  0  0
14696 564   0   7  94   9  0  0
14697 660   0  10   0   0  1  0
14698 564   0  11  95  12  0  0
14699 212   0   0   0   6  0  0
14700 564   0   0   0   9  0  0
14701 94014   0   0   0   0  0  0
14702   0   0   0   0   0  0  3
14703   0   0   0   0   0  0  1
14704  10   0   0   0   0  0  2
14705 150   0   0   0   0  0  0
14706  25   0   0   0   1  0  0
14707 262   1   0   0   2  0  0
14708 763   0   5   4   3  0  0
14709 212   2   0   0   6  0  0
14710 564   0   7  96   9  0  0
14711 660   0  10   0   0  1  0
14712 564   0  11  97  12  0  0
14713 212   2   0   0   6  0  0
14714 564   0   7  98   9  0  0
14715 660   0  10   0   0  1  0
14716 564   0  11  99  12  0  0
14717 212   0   0   0   6  0  0
14718 564   0   0   0   9  0  0
14719 94014   0   0   0   0  0  0
14720   0   0   0   0   0  0  3
14721   0   0   0   0   0  0  1
14722  10   0   0   0   0  0  2
14723 150   0   0   0   0  0  0
14724  25   0   0   0   1  0  0
14725 262   1   0   0   2  0  0
14726 763   0   5  13   3  0  0
14727 212   2   0   0   6  0  0
14728 564   0   7  96   9  0  0
14729 660   0  10   0   0  1  0
14730 564   0  11  97  12  0  0
14731 212   2   0   0   6  0  0
14732 564   0   7  98   9  0  0
14733 660   0  10   0   0  1  0
14734 564   0  11  99  12  0  0
14735 212   0   0   0   6  0  0
14736 564   0   0   0   9  0  0
14737 94014   0   0   0   0  0  0
14738   0   0   0   0   0  0  3
14739   0   0   0   0   0  0  1
14740  10   0   0   0   0  0  2
14741 150   0   0   0   0  0  0
14742  25   0   0   0   1  0  0
14743 262   1   0   0   2  0  0
14744 763   0   5   4   3  0  0
14745 212   2   0   0   6  0  0
14746 564   0   7 100   9  0  0
14747 660   0  10   0   0  1  0
14748 564   0  11 101  12  0  0
14749 212   2   0   0   6  0  0
14750 564   0   7 102   9  0  0
14751 660   0  10   0   0  1  0
14752 564   0  11 103  12  0  0
14753 212   0   0   0   6  0  0
14754 564   0   0   0   9  0  0
14755 94014   0   0   0   0  0  0
14756   0   0   0   0   0  0  3
14757   0   0   0   0   0  0  1
14758  10   0   0   0   0  0  2
14759 150   0   0   0   0  0  0
14760  25   0   0   0   1  0  0
14761 262   1   0   0   2  0  0
14762 763   0   5  13   3  0  0
14763 212   2   0   0   6  0  0
14764 564   0   7 100   9  0  0
14765 660   0  10   0   0  1  0
14766 564   0  11 101  12  0  0
14767 212   2   0   0   6  0  0
14768 564   0   7 102   9  0  0
14769 660   0  10   0   0  1  0
14770 564   0  11 103  12  0  0
14771 212   0   0   0   6  0  0
14772 564   0   0   0   9  0  0
14773 94014   0   0   0   0  0  0
14774   0   0   0   0   0  0  3
14775   0   0   0   0   0  0  1
14776  10   0   0   0   0  0  2
14777 150   0   0   0   0  0  0
14778  25   0   0   0   1  0  0
14779 262   1   0   0   2  0  0
14780 763   0   5   4   3  0  0
14781 212   2   0   0   6  0  0
14782 564   0   7 104   9  0  0
14783 660   0  10   0   0  1  0
14784 564   0  11 105  12  0  0
14785 212   2   0   0   6  0  0
14786 564   0   7 106   9  0  0
14787 660   0  10   0   0  1  0
14788 564   0  11 107  12  0  0
14789 212   0   0   0   6  0  0
14790 564   0   0   0   9  0  0
14791 94014   0   0   0   0  0  0
14792   0   0   0   0   0  0  3
14793   0   0   0   0   0  0  1
14794  10   0   0   0   0  0  2
14795 150   0   0   0   0  0  0
14796  25   0   0   0   1  0  0
14797 262   1   0   0   2  0  0
14798 763   0   5  13   3  0  0
14799 212   2   0   0   6  0  0
14800 564   0   7 104   9  0  0
14801 660   0  10   0   0  1  0
14802 564   0  11 105  12  0  0
14803 212   2   0   0   6  0  0
14804 564   0   7 106   9  0  0
14805 660   0  10   0   0  1  0
14806 564   0  11 107  12  0  0
14807 212   0   0   0   6  0  0
14808 564   0   0   0   9  0  0
14809 94014   0   0   0   0  0  0
14810   0   0   0   0   0  0  3
14811   0   0   0   0   0  0  1
14812  10   0   0   0   0  0  2
14813 150   0   0   0   0  0  0
14814  25   0   0   0   1  0  0
14815 262   1   0   0   2  0  0
14816 763   0   5   4   3  0  0
14817 212   2   0   0   6  0  0
14818 564   0   7 108   9  0  0
14819 660   0  10   0   0  1  0
14820 564   0  11 109  12  0  0
14821 212   2   0   0   6  0  0
14822 564   0   7 110   9  0  0
14823 660   0  10   0   0  1  0
14824 564   0  11 111  12  0  0
14825 212   0   0   0   6  0  0
14826 564   0   0   0   9  0  0
14827 94014   0   0   0   0  0  0
14828   0   0   0   0   0  0  3
14829   0   0   0   0   0  0  1
14830  10   0   0   0   0  0  2
14831 150   0   0   0   0  0  0
14832  25   0   0   0   1  0  0
14833 262   1   0   0   2  0  0
14834 763   0   5  13   3  0  0
14835 212   2   0   0   6  0  0
14836 564   0   7 108   9  0  0
14837 660   0  10   0   0  1  0
14838 564   0  11 109  12  0  0
14839 212   2   0   0   6  0  0
14840 564   0   7 110   9  0  0
14841 660   0  10   0   0  1  0
14842 564   0  11 111  12  0  0
14843 212   0   0   0   6  0  0
14844 564   0   0   0   9  0  0
14845 94014   0   0   0   0  0  0
14846   0   0   0   0   0  0  3
14847   0   0   0   0   0  0  1
14848  10   0   0   0   0  0  2
14849 150   0   0   0   0  0  0
14850  25   0   0   0   1  0  0
14851 262   1   0   0   2  0  0
14852 763   0   5   4   3  0  0
14853 212   2   0   0   6  0  0
14854 564   0   7 112   9  0  0
14855 660   0  10   0   0  1  0
14856 564   0  11 113  12  0  0
14857 212   2   0   0   6  0  0
14858 564   0   7 114   9  0  0
14859 660   0  10   0   0  1  0
14860 564   0  11 115  12  0  0
14861 212   0   0   0   6  0  0
14862 564   0   0   0   9  0  0
14863 94014   0   0   0   0  0  0
14864   0   0   0   0   0  0  3
14865   0   0   0   0   0  0  1
14866  10   0   0   0   0  0  2
14867 150   0   0   0   0  0  0
14868  25   0   0   0   1  0  0
14869 262   1   0   0   2  0  0
14870 763   0   5  13   3  0  0
14871 212   2   0   0   6  0  0
14872 564   0   7 112   9  0  0
14873 660   0  10   0   0  1  0
14874 564   0  11 113  12  0  0
14875 212   2   0   0   6  0  0
14876 564   0   7 114   9  0  0
14877 660   0  10   0   0  1  0
14878 564   0  11 115  12  0  0
14879 212   0   0   0   6  0  0
14880 564   0   0   0   9  0  0
14881 94014   0   0   0   0  0  0
14882   0   0   0   0   0  0  3
14883   0   0   0   0   0  0  1
14884  10   0   0   0   0  0  2
14885 150   0   0   0   0  0  0
14886  25   0   0   0   1  0  0
14887 262   1   0   0   2  0  0
14888 763   0   5   4   3  0  0
14889 212   2   0   0   6  0  0
14890 564   0   7 116   9  0  0
14891 660   0  10   0   0  1  0
14892 564   0  11 117  12  0  0
14893 212   2   0   0   6  0  0
14894 564   0   7 118   9  0  0
14895 660   0  10   0   0  1  0
14896 564   0  11 119  12  0  0
14897 212   0   0   0   6  0  0
14898 564   0   0   0   9  0  0
14899 94014   0   0   0   0  0  0
14900   0   0   0   0   0  0  3
14901   0   0   0   0   0  0  1
14902  10   0   0   0   0  0  2
14903 150   0   0   0   0  0  0
14904  25   0   0   0   1  0  0
14905 262   1   0   0   2  0  0
14906 763   0   5  13   3  0  0
14907 212   2   0   0   6  0  0
14908 564   0   7 116   9  0  0
14909 660   0  10   0   0  1  0
14910 564   0  11 117  12  0  0
14911 212   2   0   0   6  0  0
14912 564   0   7 118   9  0  0
14913 660   0  10   0   0  1  0
14914 564   0  11 119  12  0  0
14915 212   0   0   0   6  0  0
14916 564   0   0   0   9  0  0
14917 94014   0   0   0   0  0  0
14918   0   0   0   0   0  0  3
14919   0   0   0   0   0  0  1
14920  10   0   0   0   0  0  2
14921 150   0   0   0   0  0  0
14922  25   0   0   0   1  0  0
14923 262   1   0   0   2  0  0
14924 763   0   5   4   3  0  0
14925 212   2   0   0   6  0  0
14926 564   0   7 120   9  0  0
14927 660   0  10   0   0  1  0
14928 564   0  11 121  12  0  0
14929 212   2   0   0   6  0  0
14930 564   0   7 122   9  0  0
14931 660   0  10   0   0  1  0
14932 564   0  11 123  12  0  0
14933 212   0   0   0   6  0  0
14934 564   0   0   0   9  0  0
14935 94014   0   0   0   0  0  0
14936   0   0   0   0   0  0  3
14937   0   0   0   0   0  0  1
14938  10   0   0   0   0  0  2
14939 150   0   0   0   0  0  0
14940  25   0   0   0   1  0  0
14941 262   1   0   0   2  0  0
14942 763   0   5  13   3  0  0
14943 212   2   0   0   6  0  0
14944 564   0   7 120   9  0  0
14945 660   0  10   0   0  1  0
14946 564   0  11 121  12  0  0
14947 212   2   0   0   6  0  0
14948 564   0   7 122   9  0  0
14949 660   0  10   0   0  1  0
14950 564   0  11 123  12  0  0
14951 212   0   0   0   6  0  0
14952 564   0   0   0   9  0  0
14953 94014   0   0   0   0  0  0
14954   0   0   0   0   0  0  3
14955   0   0   0   0   0  0  1
14956  10   0   0   0   0  0  2
14957 150   0   0   0   0  0  0
14958  25   0   0   0   1  0  0
14959 262   1   0   0   2  0  0
14960 763   0   5   4   3  0  0
14961 212   2   0   0   6  0  0
14962 564   0   7 124   9  0  0
14963 660   0  10   0   0  1  0
14964 564   0  11 125  12  0  0
14965 212   2   0   0   6  0  0
14966 564   0   7 126   9  0  0
14967 660   0  10   0   0  1  0
14968 564   0  11 127  12  0  0
14969 212   0   0   0   6  0  0
14970 564   0   0   0   9  0  0
14971 94014   0   0   0   0  0  0
14972   0   0   0   0   0  0  3
14973   0   0   0   0   0  0  1
14974  10   0   0   0   0  0  2
14975 150   0   0   0   0  0  0
14976  25   0   0   0   1  0  0
14977 262   1   0   0   2  0  0
14978 763   0   5  13   3  0  0
14979 212   2   0   0   6  0  0
14980 564   0   7 124   9  0  0
14981 660   0  10   0   0  1  0
14982 564   0  11 125  12  0  0
14983 212   2   0   0   6  0  0
14984 564   0   7 126   9  0  0
14985 660   0  10   0   0  1  0
14986 564   0  11 127  12  0  0
14987 212   0   0   0   6  0  0
14988 564   0   0   0   9  0  0
14989 94014   0   0   0   0  0  0
14990   0   0   0   0   0  0  3
14991   0   0   0   0   0  0  1
14992  10   0   0   0   0  0  2
14993 150   0   0   0   0  0  0
14994  25   0   0   0   1  0  0
14995 262   1   0   0   2  0  0
14996 763   0   5   4   3  0  0
14997 212   2   0   0   6  0  0
14998 564   0   7 128   9  0  0
14999 660   0  10   0   0  1  0
15000 564   0  11 129  12  0  0
15001 212   2   0   0   6  0  0
15002 564   0   7 130   9  0  0
15003 660   0  10   0   0  1  0
15004 564   0  11 131  12  0  0
15005 212   0   0   0   6  0  0
15006 564   0   0   0   9  0  0
15007 94014   0   0   0   0  0  0
15008   0   0   0   0   0  0  3
15009   0   0   0   0   0  0  1
15010  10   0   0   0   0  0  2
15011 150   0   0   0   0  0  0
15012  25   0   0   0   1  0  0
15013 262   1   0   0   2  0  0
15014 763   0   5  13   3  0  0
15015 212   2   0   0   6  0  0
15016 564   0   7 128   9  0  0
15017 660   0  10   0   0  1  0
15018 564   0  11 129  12  0  0
15019 212   2   0   0   6  0  0
15020 564   0   7 130   9  0  0
15021 660   0  10   0   0  1  0
15022 564   0  11 131  12  0  0
15023 212   0   0   0   6  0  0
15024 564   0   0   0   9  0  0
15025 94014   0   0   0   0  0  0
15026   0   0   0   0   0  0  3
15027   0   0   0   0   0  0  1
15028  10   0   0   0   0  0  2
15029 150   0   0   0   0  0  0
15030  25   0   0   0   1  0  0
15031 262   1   0   0   2  0  0
15032 763   0   5   4   3  0  0
15033 212   2   0   0   6  0  0
15034 564   0   7 132   9  0  0
15035 660   0  10   0   0  1  0
15036 564   0  11 133  12  0  0
15037 212   2   0   0   6  0  0
15038 564   0   7 134   9  0  0
15039 660   0  10   0   0  1  0
15040 564   0  11 135  12  0  0
15041 212   0   0   0   6  0  0
15042 564   0   0   0   9  0  0
15043 94014   0   0   0   0  0  0
15044   0   0   0   0   0  0  3
15045   0   0   0   0   0  0  1
15046  10   0   0   0   0  0  2
15047 150   0   0   0   0  0  0
15048  25   0   0   0   1  0  0
15049 262   1   0   0   2  0  0
15050 763   0   5  13   3  0  0
15051 212   2   0   0   6  0  0
15052 564   0   7 132   9  0  0
15053 660   0  10   0   0  1  0
15054 564   0  11 133  12  0  0
15055 212   2   0   0   6  0  0
15056 564   0   7 134   9  0  0
15057 660   0  10   0   0  1  0
15058 564   0  11 135  12  0  0
15059 212   0   0   0   6  0  0
15060 564   0   0   0   9  0  0
15061 94014   0   0   0   0  0  0
15062   0   0   0   0   0  0  3
15063   0   0   0   0   0  0  1
15064  10   0   0   0   0  0  2
15065 150   0   0   0   0  0  0
15066  25   0   0   0   1  0  0
15067 262   1   0   0   2  0  0
15068 763   0   5   4   3  0  0
15069 212   2   0   0   6  0  0
15070 564   0   7 136   9  0  0
15071 660   0  10   0   0  1  0
15072 564   0  11 137  12  0  0
15073 212   2   0   0   6  0  0
15074 564   0   7 138   9  0  0
15075 660   0  10   0   0  1  0
15076 564   0  11 139  12  0  0
15077 212   0   0   0   6  0  0
15078 564   0   0   0   9  0  0
15079 94014   0   0   0   0  0  0
15080   0   0   0   0   0  0  3
15081   0   0   0   0   0  0  1
15082  10   0   0   0   0  0  2
15083 150   0   0   0   0  0  0
15084  25   0   0   0   1  0  0
15085 262   1   0   0   2  0  0
15086 763   0   5  13   3  0  0
15087 212   2   0   0   6  0  0
15088 564   0   7 136   9  0  0
15089 660   0  10   0   0  1  0
15090 564   0  11 137  12  0  0
15091 212   2   0   0   6  0  0
15092 564   0   7 138   9  0  0
15093 660   0  10   0   0  1  0
15094 564   0  11 139  12  0  0
15095 212   0   0   0   6  0  0
15096 564   0   0   0   9  0  0
15097 94014   0   0   0   0  0  0
15098   0   0   0   0   0  0  3
15099   0   0   0   0   0  0  1
15100  10   0   0   0   0  0  2
15101 150   0   0   0   0  0  0
15102  25   0   0   0   1  0  0
15103 262   1   0   0   2  0  0
15104 763   0   5   4   3  0  0
15105 212   2   0   0   6  0  0
15106 564   0   7   8   9  0  0
15107 660   0  10   0   0  1  0
15108 564   0  11   8  12  0  0
15109 212   2   0   0   6  0  0
15110 564   0   7 140   9  0  0
15111 660   0  10   0   0  1  0
15112 564   0  11 141  12  0  0
15113 212   0   0   0   6  0  0
15114 564   0   0   0   9  0  0
15115 94014   0   0   0   0  0  0
15116   0   0   0   0   0  0  3
15117   0   0   0   0   0  0  1
15118  10   0   0   0   0  0  2
15119 150   0   0   0   0  0  0
15120  25   0   0   0   1  0  0
15121 262   1   0   0   2  0  0
15122 763   0   5  13   3  0  0
15123 212   2   0   0   6  0  0
15124 564   0   7   8   9  0  0
15125 660   0  10   0   0  1  0
15126 564   0  11   8  12  0  0
15127 212   2   0   0   6  0  0
15128 564   0   7 140   9  0  0
15129 660   0  10   0   0  1  0
15130 564   0  11 141  12  0  0
15131 212   0   0   0   6  0  0
15132 564   0   0   0   9  0  0
15133 94014   0   0   0   0  0  0
15134   0   0   0   0   0  0  3
15135   0   0   0   0   0  0  1
15136  10   0   0   0   0  0  2
15137 150   0   0   0   0  0  0
15138  25   0   0   0   1  0  0
15139 262   1   0   0   2  0  0
15140 763   0   5   4   3  0  0
15141 212   2   0   0   6  0  0
15142 564   0   7 137   9  0  0
15143 660   0  10   0   0  1  0
15144 564   0  11 136  12  0  0
15145 212   2   0   0   6  0  0
15146 564   0   7 139   9  0  0
15147 660   0  10   0   0  1  0
15148 564   0  11 138  12  0  0
15149 212   0   0   0   6  0  0
15150 564   0   0   0   9  0  0
15151 94014   0   0   0   0  0  0
15152   0   0   0   0   0  0  3
15153   0   0   0   0   0  0  1
15154  10   0   0   0   0  0  2
15155 150   0   0   0   0  0  0
15156  25   0   0   0   1  0  0
15157 262   1   0   0   2  0  0
15158 763   0   5  13   3  0  0
15159 212   2   0   0   6  0  0
15160 564   0   7 137   9  0  0
15161 660   0  10   0   0  1  0
15162 564   0  11 136  12  0  0
15163 212   2   0   0   6  0  0
15164 564   0   7 139   9  0  0
15165 660   0  10   0   0  1  0
15166 564   0  11 138  12  0  0
15167 212   0   0   0   6  0  0
15168 564   0   0   0   9  0  0
15169 94014   0   0   0   0  0  0
15170   0   0   0   0   0  0  3
15171   0   0   0   0   0  0  1
15172  10   0   0   0   0  0  2
15173 150   0   0   0   0  0  0
15174  25   0   0   0   1  0  0
15175 262   1   0   0   2  0  0
15176 763   0   5   4   3  0  0
15177 212   2   0   0   6  0  0
15178 564   0   7 133   9  0  0
15179 660   0  10   0   0  1  0
15180 564   0  11 132  12  0  0
15181 212   2   0   0   6  0  0
15182 564   0   7 135   9  0  0
15183 660   0  10   0   0  1  0
15184 564   0  11 134  12  0  0
15185 212   0   0   0   6  0  0
15186 564   0   0   0   9  0  0
15187 94014   0   0   0   0  0  0
15188   0   0   0   0   0  0  3
15189   0   0   0   0   0  0  1
15190  10   0   0   0   0  0  2
15191 150   0   0   0   0  0  0
15192  25   0   0   0   1  0  0
15193 262   1   0   0   2  0  0
15194 763   0   5  13   3  0  0
15195 212   2   0   0   6  0  0
15196 564   0   7 133   9  0  0
15197 660   0  10   0   0  1  0
15198 564   0  11 132  12  0  0
15199 212   2   0   0   6  0  0
15200 564   0   7 135   9  0  0
15201 660   0  10   0   0  1  0
15202 564   0  11 134  12  0  0
15203 212   0   0   0   6  0  0
15204 564   0   0   0   9  0  0
15205 94014   0   0   0   0  0  0
15206   0   0   0   0   0  0  3
15207   0   0   0   0   0  0  1
15208  10   0   0   0   0  0  2
15209 150   0   0   0   0  0  0
15210  25   0   0   0   1  0  0
15211 262   1   0   0   2  0  0
15212 763   0   5   4   3  0  0
15213 212   2   0   0   6  0  0
15214 564   0   7 129   9  0  0
15215 660   0  10   0   0  1  0
15216 564   0  11 128  12  0  0
15217 212   2   0   0   6  0  0
15218 564   0   7 131   9  0  0
15219 660   0  10   0   0  1  0
15220 564   0  11 130  12  0  0
15221 212   0   0   0   6  0  0
15222 564   0   0   0   9  0  0
15223 94014   0   0   0   0  0  0
15224   0   0   0   0   0  0  3
15225   0   0   0   0   0  0  1
15226  10   0   0   0   0  0  2
15227 150   0   0   0   0  0  0
15228  25   0   0   0   1  0  0
15229 262   1   0   0   2  0  0
15230 763   0   5  13   3  0  0
15231 212   2   0   0   6  0  0
15232 564   0   7 129   9  0  0
15233 660   0  10   0   0  1  0
15234 564   0  11 128  12  0  0
15235 212   2   0   0   6  0  0
15236 564   0   7 131   9  0  0
15237 660   0  10   0   0  1  0
15238 564   0  11 130  12  0  0
15239 212   0   0   0   6  0  0
15240 564   0   0   0   9  0  0
15241 94014   0   0   0   0  0  0
15242   0   0   0   0   0  0  3
15243   0   0   0   0   0  0  1
15244  10   0   0   0   0  0  2
15245 150   0   0   0   0  0  0
15246  25   0   0   0   1  0  0
15247 262   1   0   0   2  0  0
15248 763   0   5   4   3  0  0
15249 212   2   0   0   6  0  0
15250 564   0   7 125   9  0  0
15251 660   0  10   0   0  1  0
15252 564   0  11 124  12  0  0
15253 212   2   0   0   6  0  0
15254 564   0   7 127   9  0  0
15255 660   0  10   0   0  1  0
15256 564   0  11 126  12  0  0
15257 212   0   0   0   6  0  0
15258 564   0   0   0   9  0  0
15259 94014   0   0   0   0  0  0
15260   0   0   0   0   0  0  3
15261   0   0   0   0   0  0  1
15262  10   0   0   0   0  0  2
15263 150   0   0   0   0  0  0
15264  25   0   0   0   1  0  0
15265 262   1   0   0   2  0  0
15266 763   0   5  13   3  0  0
15267 212   2   0   0   6  0  0
15268 564   0   7 125   9  0  0
15269 660   0  10   0   0  1  0
15270 564   0  11 124  12  0  0
15271 212   2   0   0   6  0  0
15272 564   0   7 127   9  0  0
15273 660   0  10   0   0  1  0
15274 564   0  11 126  12  0  0
15275 212   0   0   0   6  0  0
15276 564   0   0   0   9  0  0
15277 94014   0   0   0   0  0  0
15278   0   0   0   0   0  0  3
15279   0   0   0   0   0  0  1
15280  10   0   0   0   0  0  2
15281 150   0   0   0   0  0  0
15282  25   0   0   0   1  0  0
15283 262   1   0   0   2  0  0
15284 763   0   5   4   3  0  0
15285 212   2   0   0   6  0  0
15286 564   0   7 121   9  0  0
15287 660   0  10   0   0  1  0
15288 564   0  11 120  12  0  0
15289 212   2   0   0   6  0  0
15290 564   0   7 123   9  0  0
15291 660   0  10   0   0  1  0
15292 564   0  11 122  12  0  0
15293 212   0   0   0   6  0  0
15294 564   0   0   0   9  0  0
15295 94014   0   0   0   0  0  0
15296   0   0   0   0   0  0  3
15297   0   0   0   0   0  0  1
15298  10   0   0   0   0  0  2
15299 150   0   0   0   0  0  0
15300  25   0   0   0   1  0  0
15301 262   1   0   0   2  0  0
15302 763   0   5  13   3  0  0
15303 212   2   0   0   6  0  0
15304 564   0   7 121   9  0  0
15305 660   0  10   0   0  1  0
15306 564   0  11 120  12  0  0
15307 212   2   0   0   6  0  0
15308 564   0   7 123   9  0  0
15309 660   0  10   0   0  1  0
15310 564   0  11 122  12  0  0
15311 212   0   0   0   6  0  0
15312 564   0   0   0   9  0  0
15313 94014   0   0   0   0  0  0
15314   0   0   0   0   0  0  3
15315   0   0   0   0   0  0  1
15316  10   0   0   0   0  0  2
15317 150   0   0   0   0  0  0
15318  25   0   0   0   1  0  0
15319 262   1   0   0   2  0  0
15320 763   0   5   4   3  0  0
15321 212   2   0   0   6  0  0
15322 564   0   7 117   9  0  0
15323 660   0  10   0   0  1  0
15324 564   0  11 116  12  0  0
15325 212   2   0   0   6  0  0
15326 564   0   7 119   9  0  0
15327 660   0  10   0   0  1  0
15328 564   0  11 118  12  0  0
15329 212   0   0   0   6  0  0
15330 564   0   0   0   9  0  0
15331 94014   0   0   0   0  0  0
15332   0   0   0   0   0  0  3
15333   0   0   0   0   0  0  1
15334  10   0   0   0   0  0  2
15335 150   0   0   0   0  0  0
15336  25   0   0   0   1  0  0
15337 262   1   0   0   2  0  0
15338 763   0   5  13   3  0  0
15339 212   2   0   0   6  0  0
15340 564   0   7 117   9  0  0
15341 660   0  10   0   0  1  0
15342 564   0  11 116  12  0  0
15343 212   2   0   0   6  0  0
15344 564   0   7 119   9  0  0
15345 660   0  10   0   0  1  0
15346 564   0  11 118  12  0  0
15347 212   0   0   0   6  0  0
15348 564   0   0   0   9  0  0
15349 94014   0   0   0   0  0  0
15350   0   0   0   0   0  0  3
15351   0   0   0   0   0  0  1
15352  10   0   0   0   0  0  2
15353 150   0   0   0   0  0  0
15354  25   0   0   0   1  0  0
15355 262   1   0   0   2  0  0
15356 763   0   5   4   3  0  0
15357 212   2   0   0   6  0  0
15358 564   0   7 113   9  0  0
15359 660   0  10   0   0  1  0
15360 564   0  11 112  12  0  0
15361 212   2   0   0   6  0  0
15362 564   0   7 115   9  0  0
15363 660   0  10   0   0  1  0
15364 564   0  11 114  12  0  0
15365 212   0   0   0   6  0  0
15366 564   0   0   0   9  0  0
15367 94014   0   0   0   0  0  0
15368   0   0   0   0   0  0  3
15369   0   0   0   0   0  0  1
15370  10   0   0   0   0  0  2
15371 150   0   0   0   0  0  0
15372  25   0   0   0   1  0  0
15373 262   1   0   0   2  0  0
15374 763   0   5  13   3  0  0
15375 212   2   0   0   6  0  0
15376 564   0   7 113   9  0  0
15377 660   0  10   0   0  1  0
15378 564   0  11 112  12  0  0
15379 212   2   0   0   6  0  0
15380 564   0   7 115   9  0  0
15381 660   0  10   0   0  1  0
15382 564   0  11 114  12  0  0
15383 212   0   0   0   6  0  0
15384 564   0   0   0   9  0  0
15385 94014   0   0   0   0  0  0
15386   0   0   0   0   0  0  3
15387   0   0   0   0   0  0  1
15388  10   0   0   0   0  0  2
15389 150   0   0   0   0  0  0
15390  25   0   0   0   1  0  0
15391 262   1   0   0   2  0  0
15392 763   0   5   4   3  0  0
15393 212   2   0   0   6  0  0
15394 564   0   7 109   9  0  0
15395 660   0  10   0   0  1  0
15396 564   0  11 108  12  0  0
15397 212   2   0   0   6  0  0
15398 564   0   7 111   9  0  0
15399 660   0  10   0   0  1  0
15400 564   0  11 110  12  0  0
15401 212   0   0   0   6  0  0
15402 564   0   0   0   9  0  0
15403 94014   0   0   0   0  0  0
15404   0   0   0   0   0  0  3
15405   0   0   0   0   0  0  1
15406  10   0   0   0   0  0  2
15407 150   0   0   0   0  0  0
15408  25   0   0   0   1  0  0
15409 262   1   0   0   2  0  0
15410 763   0   5  13   3  0  0
15411 212   2   0   0   6  0  0
15412 564   0   7 109   9  0  0
15413 660   0  10   0   0  1  0
15414 564   0  11 108  12  0  0
15415 212   2   0   0   6  0  0
15416 564   0   7 111   9  0  0
15417 660   0  10   0   0  1  0
15418 564   0  11 110  12  0  0
15419 212   0   0   0   6  0  0
15420 564   0   0   0   9  0  0
15421 94014   0   0   0   0  0  0
15422   0   0   0   0   0  0  3
15423   0   0   0   0   0  0  1
15424  10   0   0   0   0  0  2
15425 150   0   0   0   0  0  0
15426  25   0   0   0   1  0  0
15427 262   1   0   0   2  0  0
15428 763   0   5   4   3  0  0
15429 212   2   0   0   6  0  0
15430 564   0   7 105   9  0  0
15431 660   0  10   0   0  1  0
15432 564   0  11 104  12  0  0
15433 212   2   0   0   6  0  0
15434 564   0   7 107   9  0  0
15435 660   0  10   0   0  1  0
15436 564   0  11 106  12  0  0
15437 212   0   0   0   6  0  0
15438 564   0   0   0   9  0  0
15439 94014   0   0   0   0  0  0
15440   0   0   0   0   0  0  3
15441   0   0   0   0   0  0  1
15442  10   0   0   0   0  0  2
15443 150   0   0   0   0  0  0
15444  25   0   0   0   1  0  0
15445 262   1   0   0   2  0  0
15446 763   0   5  13   3  0  0
15447 212   2   0   0   6  0  0
15448 564   0   7 105   9  0  0
15449 660   0  10   0   0  1  0
15450 564   0  11 104  12  0  0
15451 212   2   0   0   6  0  0
15452 564   0   7 107   9  0  0
15453 660   0  10   0   0  1  0
15454 564   0  11 106  12  0  0
15455 212   0   0   0   6  0  0
15456 564   0   0   0   9  0  0
15457 94014   0   0   0   0  0  0
15458   0   0   0   0   0  0  3
15459   0   0   0   0   0  0  1
15460  10   0   0   0   0  0  2
15461 150   0   0   0   0  0  0
15462  25   0   0   0   1  0  0
15463 262   1   0   0   2  0  0
15464 763   0   5   4   3  0  0
15465 212   2   0   0   6  0  0
15466 564   0   7 101   9  0  0
15467 660   0  10   0   0  1  0
15468 564   0  11 100  12  0  0
15469 212   2   0   0   6  0  0
15470 564   0   7 103   9  0  0
15471 660   0  10   0   0  1  0
15472 564   0  11 102  12  0  0
15473 212   0   0   0   6  0  0
15474 564   0   0   0   9  0  0
15475 94014   0   0   0   0  0  0
15476   0   0   0   0   0  0  3
15477   0   0   0   0   0  0  1
15478  10   0   0   0   0  0  2
15479 150   0   0   0   0  0  0
15480  25   0   0   0   1  0  0
15481 262   1   0   0   2  0  0
15482 763   0   5  13   3  0  0
15483 212   2   0   0   6  0  0
15484 564   0   7 101   9  0  0
15485 660   0  10   0   0  1  0
15486 564   0  11 100  12  0  0
15487 212   2   0   0   6  0  0
15488 564   0   7 103   9  0  0
15489 660   0  10   0   0  1  0
15490 564   0  11 102  12  0  0
15491 212   0   0   0   6  0  0
15492 564   0   0   0   9  0  0
15493 94014   0   0   0   0  0  0
15494   0   0   0   0   0  0  3
15495   0   0   0   0   0  0  1
15496  10   0   0   0   0  0  2
15497 150   0   0   0   0  0  0
15498  25   0   0   0   1  0  0
15499 262   1   0   0   2  0  0
15500 763   0   5   4   3  0  0
15501 212   2   0   0   6  0  0
15502 564   0   7  97   9  0  0
15503 660   0  10   0   0  1  0
15504 564   0  11  96  12  0  0
15505 212   2   0   0   6  0  0
15506 564   0   7  99   9  0  0
15507 660   0  10   0   0  1  0
15508 564   0  11  98  12  0  0
15509 212   0   0   0   6  0  0
15510 564   0   0   0   9  0  0
15511 94014   0   0   0   0  0  0
15512   0   0   0   0   0  0  3
15513   0   0   0   0   0  0  1
15514  10   0   0   0   0  0  2
15515 150   0   0   0   0  0  0
15516  25   0   0   0   1  0  0
15517 262   1   0   0   2  0  0
15518 763   0   5  13   3  0  0
15519 212   2   0   0   6  0  0
15520 564   0   7  97   9  0  0
15521 660   0  10   0   0  1  0
15522 564   0  11  96  12  0  0
15523 212   2   0   0   6  0  0
15524 564   0   7  99   9  0  0
15525 660   0  10   0   0  1  0
15526 564   0  11  98  12  0  0
15527 212   0   0   0   6  0  0
15528 564   0   0   0   9  0  0
15529 94014   0   0   0   0  0  0
15530   0   0   0   0   0  0  3
15531   0   0   0   0   0  0  1
15532  10   0   0   0   0  0  2
15533 150   0   0   0   0  0  0
15534  25   0   0   0   1  0  0
15535 262   1   0   0   2  0  0
15536 763   0   5   4   3  0  0
15537 212   2   0   0   6  0  0
15538 564   0   7  93   9  0  0
15539 660   0  10   0   0  1  0
15540 564   0  11  92  12  0  0
15541 212   2   0   0   6  0  0
15542 564   0   7  95   9  0  0
15543 660   0  10   0   0  1  0
15544 564   0  11  94  12  0  0
15545 212   0   0   0   6  0  0
15546 564   0   0   0   9  0  0
15547 94014   0   0   0   0  0  0
15548   0   0   0   0   0  0  3
15549   0   0   0   0   0  0  1
15550  10   0   0   0   0  0  2
15551 150   0   0   0   0  0  0
15552  25   0   0   0   1  0  0
15553 262   1   0   0   2  0  0
15554 763   0   5  13   3  0  0
15555 212   2   0   0   6  0  0
15556 564   0   7  93   9  0  0
15557 660   0  10   0   0  1  0
15558 564   0  11  92  12  0  0
15559 212   2   0   0   6  0  0
15560 564   0   7  95   9  0  0
15561 660   0  10   0   0  1  0
15562 564   0  11  94  12  0  0
15563 212   0   0   0   6  0  0
15564 564   0   0   0   9  0  0
15565 94014   0   0   0   0  0  0
15566   0   0   0   0   0  0  3
15567   0   0   0   0   0  0  1
15568  10   0   0   0   0  0  2
15569 150   0   0   0   0  0  0
15570  25   0   0   0   1  0  0
15571 262   1   0   0   2  0  0
15572 763   0   5   4   3  0  0
15573 212   2   0   0   6  0  0
15574 564   0   7  89   9  0  0
15575 660   0  10   0   0  1  0
15576 564   0  11  88  12  0  0
15577 212   2   0   0   6  0  0
15578 564   0   7  91   9  0  0
15579 660   0  10   0   0  1  0
15580 564   0  11  90  12  0  0
15581 212   0   0   0   6  0  0
15582 564   0   0   0   9  0  0
15583 94014   0   0   0   0  0  0
15584   0   0   0   0   0  0  3
15585   0   0   0   0   0  0  1
15586  10   0   0   0   0  0  2
15587 150   0   0   0   0  0  0
15588  25   0   0   0   1  0  0
15589 262   1   0   0   2  0  0
15590 763   0   5  13   3  0  0
15591 212   2   0   0   6  0  0
15592 564   0   7  89   9  0  0
15593 660   0  10   0   0  1  0
15594 564   0  11  88  12  0  0
15595 212   2   0   0   6  0  0
15596 564   0   7  91   9  0  0
15597 660   0  10   0   0  1  0
15598 564   0  11  90  12  0  0
15599 212   0   0   0   6  0  0
15600 564   0   0   0   9  0  0
15601 94014   0   0   0   0  0  0
15602   0   0   0   0   0  0  3
15603   0   0   0   0   0  0  1
15604  10   0   0   0   0  0  2
15605 150   0   0   0   0  0  0
15606  25   0   0   0   1  0  0
15607 262   1   0   0   2  0  0
15608 763   0   5   4   3  0  0
15609 212   2   0   0   6  0  0
15610 564   0   7  85   9  0  0
15611 660   0  10   0   0  1  0
15612 564   0  11  84  12  0  0
15613 212   2   0   0   6  0  0
15614 564   0   7  87   9  0  0
15615 660   0  10   0   0  1  0
15616 564   0  11  86  12  0  0
15617 212   0   0   0   6  0  0
15618 564   0   0   0   9  0  0
15619 94014   0   0   0   0  0  0
15620   0   0   0   0   0  0  3
15621   0   0   0   0   0  0  1
15622  10   0   0   0   0  0  2
15623 150   0   0   0   0  0  0
15624  25   0   0   0   1  0  0
15625 262   1   0   0   2  0  0
15626 763   0   5  13   3  0  0
15627 212   2   0   0   6  0  0
15628 564   0   7  85   9  0  0
15629 660   0  10   0   0  1  0
15630 564   0  11  84  12  0  0
15631 212   2   0   0   6  0  0
15632 564   0   7  87   9  0  0
15633 660   0  10   0   0  1  0
15634 564   0  11  86  12  0  0
15635 212   0   0   0   6  0  0
15636 564   0   0   0   9  0  0
15637 94014   0   0   0   0  0  0
15638   0   0   0   0   0  0  3
15639   0   0   0   0   0  0  1
15640  10   0   0   0   0  0  2
15641 150   0   0   0   0  0  0
15642  25   0   0   0   1  0  0
15643 262   1   0   0   2  0  0
15644 763   0   5   4   3  0  0
15645 212   2   0   0   6  0  0
15646 564   0   7  81   9  0  0
15647 660   0  10   0   0  1  0
15648 564   0  11  80  12  0  0
15649 212   2   0   0   6  0  0
15650 564   0   7  83   9  0  0
15651 660   0  10   0   0  1  0
15652 564   0  11  82  12  0  0
15653 212   0   0   0   6  0  0
15654 564   0   0   0   9  0  0
15655 94014   0   0   0   0  0  0
15656   0   0   0   0   0  0  3
15657   0   0   0   0   0  0  1
15658  10   0   0   0   0  0  2
15659 150   0   0   0   0  0  0
15660  25   0   0   0   1  0  0
15661 262   1   0   0   2  0  0
15662 763   0   5  13   3  0  0
15663 212   2   0   0   6  0  0
15664 564   0   7  81   9  0  0
15665 660   0  10   0   0  1  0
15666 564   0  11  80  12  0  0
15667 212   2   0   0   6  0  0
15668 564   0   7  83   9  0  0
15669 660   0  10   0   0  1  0
15670 564   0  11  82  12  0  0
15671 212   0   0   0   6  0  0
15672 564   0   0   0   9  0  0
15673 94014   0   0   0   0  0  0
15674   0   0   0   0   0  0  3
15675   0   0   0   0   0  0  1
15676  10   0   0   0   0  0  2
15677 150   0   0   0   0  0  0
15678  25   0   0   0   1  0  0
15679 262   1   0   0   2  0  0
15680 763   0   5   4   3  0  0
15681 212   2   0   0   6  0  0
15682 564   0   7  77   9  0  0
15683 660   0  10   0   0  1  0
15684 564   0  11  76  12  0  0
15685 212   2   0   0   6  0  0
15686 564   0   7  79   9  0  0
15687 660   0  10   0   0  1  0
15688 564   0  11  78  12  0  0
15689 212   0   0   0   6  0  0
15690 564   0   0   0   9  0  0
15691 94014   0   0   0   0  0  0
15692   0   0   0   0   0  0  3
15693   0   0   0   0   0  0  1
15694  10   0   0   0   0  0  2
15695 150   0   0   0   0  0  0
15696  25   0   0   0   1  0  0
15697 262   1   0   0   2  0  0
15698 763   0   5  13   3  0  0
15699 212   2   0   0   6  0  0
15700 564   0   7  77   9  0  0
15701 660   0  10   0   0  1  0
15702 564   0  11  76  12  0  0
15703 212   2   0   0   6  0  0
15704 564   0   7  79   9  0  0
15705 660   0  10   0   0  1  0
15706 564   0  11  78  12  0  0
15707 212   0   0   0   6  0  0
15708 564   0   0   0   9  0  0
15709 94014   0   0   0   0  0  0
15710   0   0   0   0   0  0  3
15711   0   0   0   0   0  0  1
15712  10   0   0   0   0  0  2
15713 150   0   0   0   0  0  0
15714  25   0   0   0   1  0  0
15715 262   1   0   0   2  0  0
15716 763   0   5   4   3  0  0
15717 212   2   0   0   6  0  0
15718 564   0   7  73   9  0  0
15719 660   0  10   0   0  1  0
15720 564   0  11  72  12  0  0
15721 212   2   0   0   6  0  0
15722 564   0   7  75   9  0  0
15723 660   0  10   0   0  1  0
15724 564   0  11  74  12  0  0
15725 212   0   0   0   6  0  0
15726 564   0   0   0   9  0  0
15727 94014   0   0   0   0  0  0
15728   0   0   0   0   0  0  3
15729   0   0   0   0   0  0  1
15730  10   0   0   0   0  0  2
15731 150   0   0   0   0  0  0
15732  25   0   0   0   1  0  0
15733 262   1   0   0   2  0  0
15734 763   0   5  13   3  0  0
15735 212   2   0   0   6  0  0
15736 564   0   7  73   9  0  0
15737 660   0  10   0   0  1  0
15738 564   0  11  72  12  0  0
15739 212   2   0   0   6  0  0
15740 564   0   7  75   9  0  0
15741 660   0  10   0   0  1  0
15742 564   0  11  74  12  0  0
15743 212   0   0   0   6  0  0
15744 564   0   0   0   9  0  0
15745 94014   0   0   0   0  0  0
15746   0   0   0   0   0  0  3
15747   0   0   0   0   0  0  1
15748  10   0   0   0   0  0  2
15749 150   0   0   0   0  0  0
15750  25   0   0   0   1  0  0
15751 262   1   0   0   2  0  0
15752 763   0   5   4   3  0  0
15753 212   2   0   0   6  0  0
15754 564   0   7  69   9  0  0
15755 660   0  10   0   0  1  0
15756 564   0  11  68  12  0  0
15757 212   2   0   0   6  0  0
15758 564   0   7  71   9  0  0
15759 660   0  10   0   0  1  0
15760 564   0  11  70  12  0  0
15761 212   0   0   0   6  0  0
15762 564   0   0   0   9  0  0
15763 94014   0   0   0   0  0  0
15764   0   0   0   0   0  0  3
15765   0   0   0   0   0  0  1
15766  10   0   0   0   0  0  2
15767 150   0   0   0   0  0  0
15768  25   0   0   0   1  0  0
15769 262   1   0   0   2  0  0
15770 763   0   5  13   3  0  0
15771 212   2   0   0   6  0  0
15772 564   0   7  69   9  0  0
15773 660   0  10   0   0  1  0
15774 564   0  11  68  12  0  0
15775 212   2   0   0   6  0  0
15776 564   0   7  71   9  0  0
15777 660   0  10   0   0  1  0
15778 564   0  11  70  12  0  0
15779 212   0   0   0   6  0  0
15780 564   0   0   0   9  0  0
15781 94014   0   0   0   0  0  0
15782   0   0   0   0   0  0  3
15783   0   0   0   0   0  0  1
15784  10   0   0   0   0  0  2
15785 150   0   0   0   0  0  0
15786  25   0   0   0   1  0  0
15787 262   1   0   0   2  0  0
15788 763   0   5   4   3  0  0
15789 212   2   0   0   6  0  0
15790 564   0   7  65   9  0  0
15791 660   0  10   0   0  1  0
15792 564   0  11  64  12  0  0
15793 212   2   0   0   6  0  0
15794 564   0   7  67   9  0  0
15795 660   0  10   0   0  1  0
15796 564   0  11  66  12  0  0
15797 212   0   0   0   6  0  0
15798 564   0   0   0   9  0  0
15799 94014   0   0   0   0  0  0
15800   0   0   0   0   0  0  3
15801   0   0   0   0   0  0  1
15802  10   0   0   0   0  0  2
15803 150   0   0   0   0  0  0
15804  25   0   0   0   1  0  0
15805 262   1   0   0   2  0  0
15806 763   0   5  13   3  0  0
15807 212   2   0   0   6  0  0
15808 564   0   7  65   9  0  0
15809 660   0  10   0   0  1  0
15810 564   0  11  64  12  0  0
15811 212   2   0   0   6  0  0
15812 564   0   7  67   9  0  0
15813 660   0  10   0   0  1  0
15814 564   0  11  66  12  0  0
15815 212   0   0   0   6  0  0
15816 564   0   0   0   9  0  0
15817 94014   0   0   0   0  0  0
15818   0   0   0   0   0  0  3
15819   0   0   0   0   0  0  1
15820  10   0   0   0   0  0  2
15821 150   0   0   0   0  0  0
15822  25   0   0   0   1  0  0
15823 262   1   0   0   2  0  0
15824 763   0   5   4   3  0  0
15825 212   2   0   0   6  0  0
15826 564   0   7  61   9  0  0
15827 660   0  10   0   0  1  0
15828 564   0  11  60  12  0  0
15829 212   2   0   0   6  0  0
15830 564   0   7  63   9  0  0
15831 660   0  10   0   0  1  0
15832 564   0  11  62  12  0  0
15833 212   0   0   0   6  0  0
15834 564   0   0   0   9  0  0
15835 94014   0   0   0   0  0  0
15836   0   0   0   0   0  0  3
15837   0   0   0   0   0  0  1
15838  10   0   0   0   0  0  2
15839 150   0   0   0   0  0  0
15840  25   0   0   0   1  0  0
15841 262   1   0   0   2  0  0
15842 763   0   5  13   3  0  0
15843 212   2   0   0   6  0  0
15844 564   0   7  61   9  0  0
15845 660   0  10   0   0  1  0
15846 564   0  11  60  12  0  0
15847 212   2   0   0   6  0  0
15848 564   0   7  63   9  0  0
15849 660   0  10   0   0  1  0
15850 564   0  11  62  12  0  0
15851 212   0   0   0   6  0  0
15852 564   0   0   0   9  0  0
15853 94014   0   0   0   0  0  0
15854   0   0   0   0   0  0  3
15855   0   0   0   0   0  0  1
15856  10   0   0   0   0  0  2
15857 150   0   0   0   0  0  0
15858  25   0   0   0   1  0  0
15859 262   1   0   0   2  0  0
15860 763   0   5   4   3  0  0
15861 212   2   0   0   6  0  0
15862 564   0   7  57   9  0  0
15863 660   0  10   0   0  1  0
15864 564   0  11  56  12  0  0
15865 212   2   0   0   6  0  0
15866 564   0   7  59   9  0  0
15867 660   0  10   0   0  1  0
15868 564   0  11  58  12  0  0
15869 212   0   0   0   6  0  0
15870 564   0   0   0   9  0  0
15871 94014   0   0   0   0  0  0
15872   0   0   0   0   0  0  3
15873   0   0   0   0   0  0  1
15874  10   0   0   0   0  0  2
15875 150   0   0   0   0  0  0
15876  25   0   0   0   1  0  0
15877 262   1   0   0   2  0  0
15878 763   0   5  13   3  0  0
15879 212   2   0   0   6  0  0
15880 564   0   7  57   9  0  0
15881 660   0  10   0   0  1  0
15882 564   0  11  56  12  0  0
15883 212   2   0   0   6  0  0
15884 564   0   7  59   9  0  0
15885 660   0  10   0   0  1  0
15886 564   0  11  58  12  0  0
15887 212   0   0   0   6  0  0
15888 564   0   0   0   9  0  0
15889 94014   0   0   0   0  0  0
15890   0   0   0   0   0  0  3
15891   0   0   0   0   0  0  1
15892  10   0   0   0   0  0  2
15893 150   0   0   0   0  0  0
15894  25   0   0   0   1  0  0
15895 262   1   0   0   2  0  0
15896 763   0   5   4   3  0  0
15897 212   2   0   0   6  0  0
15898 564   0   7  53   9  0  0
15899 660   0  10   0   0  1  0
15900 564   0  11  52  12  0  0
15901 212   2   0   0   6  0  0
15902 564   0   7  55   9  0  0
15903 660   0  10   0   0  1  0
15904 564   0  11  54  12  0  0
15905 212   0   0   0   6  0  0
15906 564   0   0   0   9  0  0
15907 94014   0   0   0   0  0  0
15908   0   0   0   0   0  0  3
15909   0   0   0   0   0  0  1
15910  10   0   0   0   0  0  2
15911 150   0   0   0   0  0  0
15912  25   0   0   0   1  0  0
15913 262   1   0   0   2  0  0
15914 763   0   5  13   3  0  0
15915 212   2   0   0   6  0  0
15916 564   0   7  53   9  0  0
15917 660   0  10   0   0  1  0
15918 564   0  11  52  12  0  0
15919 212   2   0   0   6  0  0
15920 564   0   7  55   9  0  0
15921 660   0  10   0   0  1  0
15922 564   0  11  54  12  0  0
15923 212   0   0   0   6  0  0
15924 564   0   0   0   9  0  0
15925 94014   0   0   0   0  0  0
15926   0   0   0   0   0  0  3
15927   0   0   0   0   0  0  1
15928  10   0   0   0   0  0  2
15929 150   0   0   0   0  0  0
15930  25   0   0   0   1  0  0
15931 262   1   0   0   2  0  0
15932 763   0   5   4   3  0  0
15933 212   2   0   0   6  0  0
15934 564   0   7  49   9  0  0
15935 660   0  10   0   0  1  0
15936 564   0  11  48  12  0  0
15937 212   2   0   0   6  0  0
15938 564   0   7  51   9  0  0
15939 660   0  10   0   0  1  0
15940 564   0  11  50  12  0  0
15941 212   0   0   0   6  0  0
15942 564   0   0   0   9  0  0
15943 94014   0   0   0   0  0  0
15944   0   0   0   0   0  0  3
15945   0   0   0   0   0  0  1
15946  10   0   0   0   0  0  2
15947 150   0   0   0   0  0  0
15948  25   0   0   0   1  0  0
15949 262   1   0   0   2  0  0
15950 763   0   5  13   3  0  0
15951 212   2   0   0   6  0  0
15952 564   0   7  49   9  0  0
15953 660   0  10   0   0  1  0
15954 564   0  11  48  12  0  0
15955 212   2   0   0   6  0  0
15956 564   0   7  51   9  0  0
15957 660   0  10   0   0  1  0
15958 564   0  11  50  12  0  0
15959 212   0   0   0   6  0  0
15960 564   0   0   0   9  0  0
15961 94014   0   0   0   0  0  0
15962   0   0   0   0   0  0  3
15963   0   0   0   0   0  0  1
15964  10   0   0   0   0  0  2
15965 150   0   0   0   0  0  0
15966  25   0   0   0   1  0  0
15967 262   1   0   0   2  0  0
15968 763   0   5   4   3  0  0
15969 212   2   0   0   6  0  0
15970 564   0   7  45   9  0  0
15971 660   0  10   0   0  1  0
15972 564   0  11  44  12  0  0
15973 212   2   0   0   6  0  0
15974 564   0   7  47   9  0  0
15975 660   0  10   0   0  1  0
15976 564   0  11  46  12  0  0
15977 212   0   0   0   6  0  0
15978 564   0   0   0   9  0  0
15979 94014   0   0   0   0  0  0
15980   0   0   0   0   0  0  3
15981   0   0   0   0   0  0  1
15982  10   0   0   0   0  0  2
15983 150   0   0   0   0  0  0
15984  25   0   0   0   1  0  0
15985 262   1   0   0   2  0  0
15986 763   0   5  13   3  0  0
15987 212   2   0   0   6  0  0
15988 564   0   7  45   9  0  0
15989 660   0  10   0   0  1  0
15990 564   0  11  44  12  0  0
15991 212   2   0   0   6  0  0
15992 564   0   7  47   9  0  0
15993 660   0  10   0   0  1  0
15994 564   0  11  46  12  0  0
15995 212   0   0   0   6  0  0
15996 564   0   0   0   9  0  0
15997 94014   0   0   0   0  0  0
15998   0   0   0   0   0  0  3
15999   0   0   0   0   0  0  1
16000  10   0   0   0   0  0  2
16001 150   0   0   0   0  0  0
16002  25   0   0   0   1  0  0
16003 262   1   0   0   2  0  0
16004 763   0   5   4   3  0  0
16005 212   2   0   0   6  0  0
16006 564   0   7  41   9  0  0
16007 660   0  10   0   0  1  0
16008 564   0  11  40  12  0  0
16009 212   2   0   0   6  0  0
16010 564   0   7  43   9  0  0
16011 660   0  10   0   0  1  0
16012 564   0  11  42  12  0  0
16013 212   0   0   0   6  0  0
16014 564   0   0   0   9  0  0
16015 94014   0   0   0   0  0  0
16016   0   0   0   0   0  0  3
16017   0   0   0   0   0  0  1
16018  10   0   0   0   0  0  2
16019 150   0   0   0   0  0  0
16020  25   0   0   0   1  0  0
16021 262   1   0   0   2  0  0
16022 763   0   5  13   3  0  0
16023 212   2   0   0   6  0  0
16024 564   0   7  41   9  0  0
16025 660   0  10   0   0  1  0
16026 564   0  11  40  12  0  0
16027 212   2   0   0   6  0  0
16028 564   0   7  43   9  0  0
16029 660   0  10   0   0  1  0
16030 564   0  11  42  12  0  0
16031 212   0   0   0   6  0  0
16032 564   0   0   0   9  0  0
16033 94014   0   0   0   0  0  0
16034   0   0   0   0   0  0  3
16035   0   0   0   0   0  0  1
16036  10   0   0   0   0  0  2
16037 150   0   0   0   0  0  0
16038  25   0   0   0   1  0  0
16039 262   1   0   0   2  0  0
16040 763   0   5   4   3  0  0
16041 212   2   0   0   6  0  0
16042 564   0   7  37   9  0  0
16043 660   0  10   0   0  1  0
16044 564   0  11  36  12  0  0
16045 212   2   0   0   6  0  0
16046 564   0   7  39   9  0  0
16047 660   0  10   0   0  1  0
16048 564   0  11  38  12  0  0
16049 212   0   0   0   6  0  0
16050 564   0   0   0   9  0  0
16051 94014   0   0   0   0  0  0
16052   0   0   0   0   0  0  3
16053   0   0   0   0   0  0  1
16054  10   0   0   0   0  0  2
16055 150   0   0   0   0  0  0
16056  25   0   0   0   1  0  0
16057 262   1   0   0   2  0  0
16058 763   0   5  13   3  0  0
16059 212   2   0   0   6  0  0
16060 564   0   7  37   9  0  0
16061 660   0  10   0   0  1  0
16062 564   0  11  36  12  0  0
16063 212   2   0   0   6  0  0
16064 564   0   7  39   9  0  0
16065 660   0  10   0   0  1  0
16066 564   0  11  38  12  0  0
16067 212   0   0   0   6  0  0
16068 564   0   0   0   9  0  0
16069 94014   0   0   0   0  0  0
16070   0   0   0   0   0  0  3
16071   0   0   0   0   0  0  1
16072  10   0   0   0   0  0  2
16073 150   0   0   0   0  0  0
16074  25   0   0   0   1  0  0
16075 262   1   0   0   2  0  0
16076 763   0   5   4   3  0  0
16077 212   2   0   0   6  0  0
16078 564   0   7  33   9  0  0
16079 660   0  10   0   0  1  0
16080 564   0  11  32  12  0  0
16081 212   2   0   0   6  0  0
16082 564   0   7  35   9  0  0
16083 660   0  10   0   0  1  0
16084 564   0  11  34  12  0  0
16085 212   0   0   0   6  0  0
16086 564   0   0   0   9  0  0
16087 94014   0   0   0   0  0  0
16088   0   0   0   0   0  0  3
16089   0   0   0   0   0  0  1
16090  10   0   0   0   0  0  2
16091 150   0   0   0   0  0  0
16092  25   0   0   0   1  0  0
16093 262   1   0   0   2  0  0
16094 763   0   5  13   3  0  0
16095 212   2   0   0   6  0  0
16096 564   0   7  33   9  0  0
16097 660   0  10   0   0  1  0
16098 564   0  11  32  12  0  0
16099 212   2   0   0   6  0  0
16100 564   0   7  35   9  0  0
16101 660   0  10   0   0  1  0
16102 564   0  11  34  12  0  0
16103 212   0   0   0   6  0  0
16104 564   0   0   0   9  0  0
16105 94014   0   0   0   0  0  0
16106   0   0   0   0   0  0  3
16107   0   0   0   0   0  0  1
16108  10   0   0   0   0  0  2
16109 150   0   0   0   0  0  0
16110  25   0   0   0   1  0  0
16111 262   1   0   0   2  0  0
16112 763   0   5   4   3  0  0
16113 212   2   0   0   6  0  0
16114 564   0   7  29   9  0  0
16115 660   0  10   0   0  1  0
16116 564   0  11  28  12  0  0
16117 212   2   0   0   6  0  0
16118 564   0   7  31   9  0  0
16119 660   0  10   0   0  1  0
16120 564   0  11  30  12  0  0
16121 212   0   0   0   6  0  0
16122 564   0   0   0   9  0  0
16123 94014   0   0   0   0  0  0
16124   0   0   0   0   0  0  3
16125   0   0   0   0   0  0  1
16126  10   0   0   0   0  0  2
16127 150   0   0   0   0  0  0
16128  25   0   0   0   1  0  0
16129 262   1   0   0   2  0  0
16130 763   0   5  13   3  0  0
16131 212   2   0   0   6  0  0
16132 564   0   7  29   9  0  0
16133 660   0  10   0   0  1  0
16134 564   0  11  28  12  0  0
16135 212   2   0   0   6  0  0
16136 564   0   7  31   9  0  0
16137 660   0  10   0   0  1  0
16138 564   0  11  30  12  0  0
16139 212   0   0   0   6  0  0
16140 564   0   0   0   9  0  0
16141 94014   0   0   0   0  0  0
16142   0   0   0   0   0  0  3
16143   0   0   0   0   0  0  1
16144  10   0   0   0   0  0  2
16145 150   0   0   0   0  0  0
16146  25   0   0   0   1  0  0
16147 262   1   0   0   2  0  0
16148 763   0   5   4   3  0  0
16149 212   2   0   0   6  0  0
16150 564   0   7  25   9  0  0
16151 660   0  10   0   0  1  0
16152 564   0  11  24  12  0  0
16153 212   2   0   0   6  0  0
16154 564   0   7  27   9  0  0
16155 660   0  10   0   0  1  0
16156 564   0  11  26  12  0  0
16157 212   0   0   0   6  0  0
16158 564   0   0   0   9  0  0
16159 94014   0   0   0   0  0  0
16160   0   0   0   0   0  0  3
16161   0   0   0   0   0  0  1
16162  10   0   0   0   0  0  2
16163 150   0   0   0   0  0  0
16164  25   0   0   0   1  0  0
16165 262   1   0   0   2  0  0
16166 763   0   5  13   3  0  0
16167 212   2   0   0   6  0  0
16168 564   0   7  25   9  0  0
16169 660   0  10   0   0  1  0
16170 564   0  11  24  12  0  0
16171 212   2   0   0   6  0  0
16172 564   0   7  27   9  0  0
16173 660   0  10   0   0  1  0
16174 564   0  11  26  12  0  0
16175 212   0   0   0   6  0  0
16176 564   0   0   0   9  0  0
16177 94014   0   0   0   0  0  0
16178   0   0   0   0   0  0  3
16179   0   0   0   0   0  0  1
16180  10   0   0   0   0  0  2
16181 150   0   0   0   0  0  0
16182  25   0   0   0   1  0  0
16183 262   1   0   0   2  0  0
16184 763   0   5   4   3  0  0
16185 212   2   0   0   6  0  0
16186 564   0   7  21   9  0  0
16187 660   0  10   0   0  1  0
16188 564   0  11  20  12  0  0
16189 212   2   0   0   6  0  0
16190 564   0   7  23   9  0  0
16191 660   0  10   0   0  1  0
16192 564   0  11  22  12  0  0
16193 212   0   0   0   6  0  0
16194 564   0   0   0   9  0  0
16195 94014   0   0   0   0  0  0
16196   0   0   0   0   0  0  3
16197   0   0   0   0   0  0  1
16198  10   0   0   0   0  0  2
16199 150   0   0   0   0  0  0
16200  25   0   0   0   1  0  0
16201 262   1   0   0   2  0  0
16202 763   0   5  13   3  0  0
16203 212   2   0   0   6  0  0
16204 564   0   7  21   9  0  0
16205 660   0  10   0   0  1  0
16206 564   0  11  20  12  0  0
16207 212   2   0   0   6  0  0
16208 564   0   7  23   9  0  0
16209 660   0  10   0   0  1  0
16210 564   0  11  22  12  0  0
16211 212   0   0   0   6  0  0
16212 564   0   0   0   9  0  0
16213 94014   0   0   0   0  0  0
16214   0   0   0   0   0  0  3
16215   0   0   0   0   0  0  1
16216  10   0   0   0   0  0  2
16217 150   0   0   0   0  0  0
16218  25   0   0   0   1  0  0
16219 262   1   0   0   2  0  0
16220 763   0   5   4   3  0  0
16221 212   2   0   0   6  0  0
16222 564   0   7  17   9  0  0
16223 660   0  10   0   0  1  0
16224 564   0  11  16  12  0  0
16225 212   2   0   0   6  0  0
16226 564   0   7  19   9  0  0
16227 660   0  10   0   0  1  0
16228 564   0  11  18  12  0  0
16229 212   0   0   0   6  0  0
16230 564   0   0   0   9  0  0
16231 94014   0   0   0   0  0  0
16232   0   0   0   0   0  0  3
16233   0   0   0   0   0  0  1
16234  10   0   0   0   0  0  2
16235 150   0   0   0   0  0  0
16236  25   0   0   0   1  0  0
16237 262   1   0   0   2  0  0
16238 763   0   5  13   3  0  0
16239 212   2   0   0   6  0  0
16240 564   0   7  17   9  0  0
16241 660   0  10   0   0  1  0
16242 564   0  11  16  12  0  0
16243 212   2   0   0   6  0  0
16244 564   0   7  19   9  0  0
16245 660   0  10   0   0  1  0
16246 564   0  11  18  12  0  0
16247 212   0   0   0   6  0  0
16248 564   0   0   0   9  0  0
16249 93989   0   0   0   0  0  0
16250   0   0   0   0   0  0  3
16251   0   0   0   0   0  0  1
16252  10   0   0   0   0  0  2
16253 175   0   0   0   0  0  0
16254  25   0   0   0   1  0  0
16255 262   1   0   0   2  0  0
16256 763   0   5   4   3  0  0
16257 212   2   0   0   6  0  0
16258 564   0   7   8   9  0  0
16259 660   0  10   0   0  0  0
16260 564   0  11   8  12  0  0
16261 212   2   0   0   6  0  0
16262 564   0   7   8   9  0  0
16263 660   0  10   0   0  0  0
16264 564   0  11   8  12  0  0
16265 212   0   0   0   6  0  0
16266 564   0   0   0   9  0  0
16267 93989   0   0   0   0  0  0
16268   0   0   0   0   0  0  3
16269   0   0   0   0   0  0  1
16270  10   0   0   0   0  0  2
16271 175   0   0   0   0  0  0
16272  25   0   0   0   1  0  0
16273 262   1   0   0   2  0  0
16274 763   0   5  13   3  0  0
16275 212   2   0   0   6  0  0
16276 564   0   7   8   9  0  0
16277 660   0  10   0   0  0  0
16278 564   0  11   8  12  0  0
16279 212   2   0   0   6  0  0
16280 564   0   7   8   9  0  0
16281 660   0  10   0   0  0  0
16282 564   0  11   8  12  0  0
16283 212   0   0   0   6  0  0
16284 564   0   0   0   9  0  0
16285 93989   0   0   0   0  0  0
16286   0   0   0   0   0  0  3
16287   0   0   0   0   0  0  1
16288  10   0   0   0   0  0  2
16289 175   0   0   0   0  0  0
16290  25   0   0   0   1  0  0
16291 262   1   0   0   2  0  0
16292 763   0   5   4   3  0  0
16293 212   2   0   0   6  0  0
16294 564   0   7  14   9  0  0
16295 660   0  10   0   0  1  0
16296 564   0  11  15  12  0  0
16297 212   2   0   0   6  0  0
16298 564   0   7  15   9  0  0
16299 660   0  10   0   0  1  0
16300 564   0  11  14  12  0  0
16301 212   0   0   0   6  0  0
16302 564   0   0   0   9  0  0
16303 93989   0   0   0   0  0  0
16304   0   0   0   0   0  0  3
16305   0   0   0   0   0  0  1
16306  10   0   0   0   0  0  2
16307 175   0   0   0   0  0  0
16308  25   0   0   0   1  0  0
16309 262   1   0   0   2  0  0
16310 763   0   5  13   3  0  0
16311 212   2   0   0   6  0  0
16312 564   0   7  14   9  0  0
16313 660   0  10   0   0  1  0
16314 564   0  11  15  12  0  0
16315 212   2   0   0   6  0  0
16316 564   0   7  15   9  0  0
16317 660   0  10   0   0  1  0
16318 564   0  11  14  12  0  0
16319 212   0   0   0   6  0  0
16320 564   0   0   0   9  0  0
16321 93989   0   0   0   0  0  0
16322   0   0   0   0   0  0  3
16323   0   0   0   0   0  0  1
16324  10   0   0   0   0  0  2
16325 175   0   0   0   0  0  0
16326  25   0   0   0   1  0  0
16327 262   1   0   0   2  0  0
16328 763   0   5   4   3  0  0
16329 212   2   0   0   6  0  0
16330 564   0   7  16   9  0  0
16331 660   0  10   0   0  1  0
16332 564   0  11  17  12  0  0
16333 212   2   0   0   6  0  0
16334 564   0   7  18   9  0  0
16335 660   0  10   0   0  1  0
16336 564   0  11  19  12  0  0
16337 212   0   0   0   6  0  0
16338 564   0   0   0   9  0  0
16339 93989   0   0   0   0  0  0
16340   0   0   0   0   0  0  3
16341   0   0   0   0   0  0  1
16342  10   0   0   0   0  0  2
16343 175   0   0   0   0  0  0
16344  25   0   0   0   1  0  0
16345 262   1   0   0   2  0  0
16346 763   0   5  13   3  0  0
16347 212   2   0   0   6  0  0
16348 564   0   7  16   9  0  0
16349 660   0  10   0   0  1  0
16350 564   0  11  17  12  0  0
16351 212   2   0   0   6  0  0
16352 564   0   7  18   9  0  0
16353 660   0  10   0   0  1  0
16354 564   0  11  19  12  0  0
16355 212   0   0   0   6  0  0
16356 564   0   0   0   9  0  0
16357 93989   0   0   0   0  0  0
16358   0   0   0   0   0  0  3
16359   0   0   0   0   0  0  1
16360  10   0   0   0   0  0  2
16361 175   0   0   0   0  0  0
16362  25   0   0   0   1  0  0
16363 262   1   0   0   2  0  0
16364 763   0   5   4   3  0  0
16365 212   2   0   0   6  0  0
16366 564   0   7  20   9  0  0
16367 660   0  10   0   0  1  0
16368 564   0  11  21  12  0  0
16369 212   2   0   0   6  0  0
16370 564   0   7  22   9  0  0
16371 660   0  10   0   0  1  0
16372 564   0  11  23  12  0  0
16373 212   0   0   0   6  0  0
16374 564   0   0   0   9  0  0
16375 93989   0   0   0   0  0  0
16376   0   0   0   0   0  0  3
16377   0   0   0   0   0  0  1
16378  10   0   0   0   0  0  2
16379 175   0   0   0   0  0  0
16380  25   0   0   0   1  0  0
16381 262   1   0   0   2  0  0
16382 763   0   5  13   3  0  0
16383 212   2   0   0   6  0  0
16384 564   0   7  20   9  0  0
16385 660   0  10   0   0  1  0
16386 564   0  11  21  12  0  0
16387 212   2   0   0   6  0  0
16388 564   0   7  22   9  0  0
16389 660   0  10   0   0  1  0
16390 564   0  11  23  12  0  0
16391 212   0   0   0   6  0  0
16392 564   0   0   0   9  0  0
16393 93989   0   0   0   0  0  0
16394   0   0   0   0   0  0  3
16395   0   0   0   0   0  0  1
16396  10   0   0   0   0  0  2
16397 175   0   0   0   0  0  0
16398  25   0   0   0   1  0  0
16399 262   1   0   0   2  0  0
16400 763   0   5   4   3  0  0
16401 212   2   0   0   6  0  0
16402 564   0   7  24   9  0  0
16403 660   0  10   0   0  1  0
16404 564   0  11  25  12  0  0
16405 212   2   0   0   6  0  0
16406 564   0   7  26   9  0  0
16407 660   0  10   0   0  1  0
16408 564   0  11  27  12  0  0
16409 212   0   0   0   6  0  0
16410 564   0   0   0   9  0  0
16411 93989   0   0   0   0  0  0
16412   0   0   0   0   0  0  3
16413   0   0   0   0   0  0  1
16414  10   0   0   0   0  0  2
16415 175   0   0   0   0  0  0
16416  25   0   0   0   1  0  0
16417 262   1   0   0   2  0  0
16418 763   0   5  13   3  0  0
16419 212   2   0   0   6  0  0
16420 564   0   7  24   9  0  0
16421 660   0  10   0   0  1  0
16422 564   0  11  25  12  0  0
16423 212   2   0   0   6  0  0
16424 564   0   7  26   9  0  0
16425 660   0  10   0   0  1  0
16426 564   0  11  27  12  0  0
16427 212   0   0   0   6  0  0
16428 564   0   0   0   9  0  0
16429 93989   0   0   0   0  0  0
16430   0   0   0   0   0  0  3
16431   0   0   0   0   0  0  1
16432  10   0   0   0   0  0  2
16433 175   0   0   0   0  0  0
16434  25   0   0   0   1  0  0
16435 262   1   0   0   2  0  0
16436 763   0   5   4   3  0  0
16437 212   2   0   0   6  0  0
16438 564   0   7  28   9  0  0
16439 660   0  10   0   0  1  0
16440 564   0  11  29  12  0  0
16441 212   2   0   0   6  0  0
16442 564   0   7  30   9  0  0
16443 660   0  10   0   0  1  0
16444 564   0  11  31  12  0  0
16445 212   0   0   0   6  0  0
16446 564   0   0   0   9  0  0
16447 93989   0   0   0   0  0  0
16448   0   0   0   0   0  0  3
16449   0   0   0   0   0  0  1
16450  10   0   0   0   0  0  2
16451 175   0   0   0   0  0  0
16452  25   0   0   0   1  0  0
16453 262   1   0   0   2  0  0
16454 763   0   5  13   3  0  0
16455 212   2   0   0   6  0  0
16456 564   0   7  28   9  0  0
16457 660   0  10   0   0  1  0
16458 564   0  11  29  12  0  0
16459 212   2   0   0   6  0  0
16460 564   0   7  30   9  0  0
16461 660   0  10   0   0  1  0
16462 564   0  11  31  12  0  0
16463 212   0   0   0   6  0  0
16464 564   0   0   0   9  0  0
16465 93989   0   0   0   0  0  0
16466   0   0   0   0   0  0  3
16467   0   0   0   0   0  0  1
16468  10   0   0   0   0  0  2
16469 175   0   0   0   0  0  0
16470  25   0   0   0   1  0  0
16471 262   1   0   0   2  0  0
16472 763   0   5   4   3  0  0
16473 212   2   0   0   6  0  0
16474 564   0   7  32   9  0  0
16475 660   0  10   0   0  1  0
16476 564   0  11  33  12  0  0
16477 212   2   0   0   6  0  0
16478 564   0   7  34   9  0  0
16479 660   0  10   0   0  1  0
16480 564   0  11  35  12  0  0
16481 212   0   0   0   6  0  0
16482 564   0   0   0   9  0  0
16483 93989   0   0   0   0  0  0
16484   0   0   0   0   0  0  3
16485   0   0   0   0   0  0  1
16486  10   0   0   0   0  0  2
16487 175   0   0   0   0  0  0
16488  25   0   0   0   1  0  0
16489 262   1   0   0   2  0  0
16490 763   0   5  13   3  0  0
16491 212   2   0   0   6  0  0
16492 564   0   7  32   9  0  0
16493 660   0  10   0   0  1  0
16494 564   0  11  33  12  0  0
16495 212   2   0   0   6  0  0
16496 564   0   7  34   9  0  0
16497 660   0  10   0   0  1  0
16498 564   0  11  35  12  0  0
16499 212   0   0   0   6  0  0
16500 564   0   0   0   9  0  0
16501 93989   0   0   0   0  0  0
16502   0   0   0   0   0  0  3
16503   0   0   0   0   0  0  1
16504  10   0   0   0   0  0  2
16505 175   0   0   0   0  0  0
16506  25   0   0   0   1  0  0
16507 262   1   0   0   2  0  0
16508 763   0   5   4   3  0  0
16509 212   2   0   0   6  0  0
16510 564   0   7  36   9  0  0
16511 660   0  10   0   0  1  0
16512 564   0  11  37  12  0  0
16513 212   2   0   0   6  0  0
16514 564   0   7  38   9  0  0
16515 660   0  10   0   0  1  0
16516 564   0  11  39  12  0  0
16517 212   0   0   0   6  0  0
16518 564   0   0   0   9  0  0
16519 93989   0   0   0   0  0  0
16520   0   0   0   0   0  0  3
16521   0   0   0   0   0  0  1
16522  10   0   0   0   0  0  2
16523 175   0   0   0   0  0  0
16524  25   0   0   0   1  0  0
16525 262   1   0   0   2  0  0
16526 763   0   5  13   3  0  0
16527 212   2   0   0   6  0  0
16528 564   0   7  36   9  0  0
16529 660   0  10   0   0  1  0
16530 564   0  11  37  12  0  0
16531 212   2   0   0   6  0  0
16532 564   0   7  38   9  0  0
16533 660   0  10   0   0  1  0
16534 564   0  11  39  12  0  0
16535 212   0   0   0   6  0  0
16536 564   0   0   0   9  0  0
16537 93989   0   0   0   0  0  0
16538   0   0   0   0   0  0  3
16539   0   0   0   0   0  0  1
16540  10   0   0   0   0  0  2
16541 175   0   0   0   0  0  0
16542  25   0   0   0   1  0  0
16543 262   1   0   0   2  0  0
16544 763   0   5   4   3  0  0
16545 212   2   0   0   6  0  0
16546 564   0   7  40   9  0  0
16547 660   0  10   0   0  1  0
16548 564   0  11  41  12  0  0
16549 212   2   0   0   6  0  0
16550 564   0   7  42   9  0  0
16551 660   0  10   0   0  1  0
16552 564   0  11  43  12  0  0
16553 212   0   0   0   6  0  0
16554 564   0   0   0   9  0  0
16555 93989   0   0   0   0  0  0
16556   0   0   0   0   0  0  3
16557   0   0   0   0   0  0  1
16558  10   0   0   0   0  0  2
16559 175   0   0   0   0  0  0
16560  25   0   0   0   1  0  0
16561 262   1   0   0   2  0  0
16562 763   0   5  13   3  0  0
16563 212   2   0   0   6  0  0
16564 564   0   7  40   9  0  0
16565 660   0  10   0   0  1  0
16566 564   0  11  41  12  0  0
16567 212   2   0   0   6  0  0
16568 564   0   7  42   9  0  0
16569 660   0  10   0   0  1  0
16570 564   0  11  43  12  0  0
16571 212   0   0   0   6  0  0
16572 564   0   0   0   9  0  0
16573 93989   0   0   0   0  0  0
16574   0   0   0   0   0  0  3
16575   0   0   0   0   0  0  1
16576  10   0   0   0   0  0  2
16577 175   0   0   0   0  0  0
16578  25   0   0   0   1  0  0
16579 262   1   0   0   2  0  0
16580 763   0   5   4   3  0  0
16581 212   2   0   0   6  0  0
16582 564   0   7  44   9  0  0
16583 660   0  10   0   0  1  0
16584 564   0  11  45  12  0  0
16585 212   2   0   0   6  0  0
16586 564   0   7  46   9  0  0
16587 660   0  10   0   0  1  0
16588 564   0  11  47  12  0  0
16589 212   0   0   0   6  0  0
16590 564   0   0   0   9  0  0
16591 93989   0   0   0   0  0  0
16592   0   0   0   0   0  0  3
16593   0   0   0   0   0  0  1
16594  10   0   0   0   0  0  2
16595 175   0   0   0   0  0  0
16596  25   0   0   0   1  0  0
16597 262   1   0   0   2  0  0
16598 763   0   5  13   3  0  0
16599 212   2   0   0   6  0  0
16600 564   0   7  44   9  0  0
16601 660   0  10   0   0  1  0
16602 564   0  11  45  12  0  0
16603 212   2   0   0   6  0  0
16604 564   0   7  46   9  0  0
16605 660   0  10   0   0  1  0
16606 564   0  11  47  12  0  0
16607 212   0   0   0   6  0  0
16608 564   0   0   0   9  0  0
16609 93989   0   0   0   0  0  0
16610   0   0   0   0   0  0  3
16611   0   0   0   0   0  0  1
16612  10   0   0   0   0  0  2
16613 175   0   0   0   0  0  0
16614  25   0   0   0   1  0  0
16615 262   1   0   0   2  0  0
16616 763   0   5   4   3  0  0
16617 212   2   0   0   6  0  0
16618 564   0   7  48   9  0  0
16619 660   0  10   0   0  1  0
16620 564   0  11  49  12  0  0
16621 212   2   0   0   6  0  0
16622 564   0   7  50   9  0  0
16623 660   0  10   0   0  1  0
16624 564   0  11  51  12  0  0
16625 212   0   0   0   6  0  0
16626 564   0   0   0   9  0  0
16627 93989   0   0   0   0  0  0
16628   0   0   0   0   0  0  3
16629   0   0   0   0   0  0  1
16630  10   0   0   0   0  0  2
16631 175   0   0   0   0  0  0
16632  25   0   0   0   1  0  0
16633 262   1   0   0   2  0  0
16634 763   0   5  13   3  0  0
16635 212   2   0   0   6  0  0
16636 564   0   7  48   9  0  0
16637 660   0  10   0   0  1  0
16638 564   0  11  49  12  0  0
16639 212   2   0   0   6  0  0
16640 564   0   7  50   9  0  0
16641 660   0  10   0   0  1  0
16642 564   0  11  51  12  0  0
16643 212   0   0   0   6  0  0
16644 564   0   0   0   9  0  0
16645 93989   0   0   0   0  0  0
16646   0   0   0   0   0  0  3
16647   0   0   0   0   0  0  1
16648  10   0   0   0   0  0  2
16649 175   0   0   0   0  0  0
16650  25   0   0   0   1  0  0
16651 262   1   0   0   2  0  0
16652 763   0   5   4   3  0  0
16653 212   2   0   0   6  0  0
16654 564   0   7  52   9  0  0
16655 660   0  10   0   0  1  0
16656 564   0  11  53  12  0  0
16657 212   2   0   0   6  0  0
16658 564   0   7  54   9  0  0
16659 660   0  10   0   0  1  0
16660 564   0  11  55  12  0  0
16661 212   0   0   0   6  0  0
16662 564   0   0   0   9  0  0
16663 93989   0   0   0   0  0  0
16664   0   0   0   0   0  0  3
16665   0   0   0   0   0  0  1
16666  10   0   0   0   0  0  2
16667 175   0   0   0   0  0  0
16668  25   0   0   0   1  0  0
16669 262   1   0   0   2  0  0
16670 763   0   5  13   3  0  0
16671 212   2   0   0   6  0  0
16672 564   0   7  52   9  0  0
16673 660   0  10   0   0  1  0
16674 564   0  11  53  12  0  0
16675 212   2   0   0   6  0  0
16676 564   0   7  54   9  0  0
16677 660   0  10   0   0  1  0
16678 564   0  11  55  12  0  0
16679 212   0   0   0   6  0  0
16680 564   0   0   0   9  0  0
16681 93989   0   0   0   0  0  0
16682   0   0   0   0   0  0  3
16683   0   0   0   0   0  0  1
16684  10   0   0   0   0  0  2
16685 175   0   0   0   0  0  0
16686  25   0   0   0   1  0  0
16687 262   1   0   0   2  0  0
16688 763   0   5   4   3  0  0
16689 212   2   0   0   6  0  0
16690 564   0   7  56   9  0  0
16691 660   0  10   0   0  1  0
16692 564   0  11  57  12  0  0
16693 212   2   0   0   6  0  0
16694 564   0   7  58   9  0  0
16695 660   0  10   0   0  1  0
16696 564   0  11  59  12  0  0
16697 212   0   0   0   6  0  0
16698 564   0   0   0   9  0  0
16699 93989   0   0   0   0  0  0
16700   0   0   0   0   0  0  3
16701   0   0   0   0   0  0  1
16702  10   0   0   0   0  0  2
16703 175   0   0   0   0  0  0
16704  25   0   0   0   1  0  0
16705 262   1   0   0   2  0  0
16706 763   0   5  13   3  0  0
16707 212   2   0   0   6  0  0
16708 564   0   7  56   9  0  0
16709 660   0  10   0   0  1  0
16710 564   0  11  57  12  0  0
16711 212   2   0   0   6  0  0
16712 564   0   7  58   9  0  0
16713 660   0  10   0   0  1  0
16714 564   0  11  59  12  0  0
16715 212   0   0   0   6  0  0
16716 564   0   0   0   9  0  0
16717 93989   0   0   0   0  0  0
16718   0   0   0   0   0  0  3
16719   0   0   0   0   0  0  1
16720  10   0   0   0   0  0  2
16721 175   0   0   0   0  0  0
16722  25   0   0   0   1  0  0
16723 262   1   0   0   2  0  0
16724 763   0   5   4   3  0  0
16725 212   2   0   0   6  0  0
16726 564   0   7  60   9  0  0
16727 660   0  10   0   0  1  0
16728 564   0  11  61  12  0  0
16729 212   2   0   0   6  0  0
16730 564   0   7  62   9  0  0
16731 660   0  10   0   0  1  0
16732 564   0  11  63  12  0  0
16733 212   0   0   0   6  0  0
16734 564   0   0   0   9  0  0
16735 93989   0   0   0   0  0  0
16736   0   0   0   0   0  0  3
16737   0   0   0   0   0  0  1
16738  10   0   0   0   0  0  2
16739 175   0   0   0   0  0  0
16740  25   0   0   0   1  0  0
16741 262   1   0   0   2  0  0
16742 763   0   5  13   3  0  0
16743 212   2   0   0   6  0  0
16744 564   0   7  60   9  0  0
16745 660   0  10   0   0  1  0
16746 564   0  11  61  12  0  0
16747 212   2   0   0   6  0  0
16748 564   0   7  62   9  0  0
16749 660   0  10   0   0  1  0
16750 564   0  11  63  12  0  0
16751 212   0   0   0   6  0  0
16752 564   0   0   0   9  0  0
16753 93989   0   0   0   0  0  0
16754   0   0   0   0   0  0  3
16755   0   0   0   0   0  0  1
16756  10   0   0   0   0  0  2
16757 175   0   0   0   0  0  0
16758  25   0   0   0   1  0  0
16759 262   1   0   0   2  0  0
16760 763   0   5   4   3  0  0
16761 212   2   0   0   6  0  0
16762 564   0   7  64   9  0  0
16763 660   0  10   0   0  1  0
16764 564   0  11  65  12  0  0
16765 212   2   0   0   6  0  0
16766 564   0   7  66   9  0  0
16767 660   0  10   0   0  1  0
16768 564   0  11  67  12  0  0
16769 212   0   0   0   6  0  0
16770 564   0   0   0   9  0  0
16771 93989   0   0   0   0  0  0
16772   0   0   0   0   0  0  3
16773   0   0   0   0   0  0  1
16774  10   0   0   0   0  0  2
16775 175   0   0   0   0  0  0
16776  25   0   0   0   1  0  0
16777 262   1   0   0   2  0  0
16778 763   0   5  13   3  0  0
16779 212   2   0   0   6  0  0
16780 564   0   7  64   9  0  0
16781 660   0  10   0   0  1  0
16782 564   0  11  65  12  0  0
16783 212   2   0   0   6  0  0
16784 564   0   7  66   9  0  0
16785 660   0  10   0   0  1  0
16786 564   0  11  67  12  0  0
16787 212   0   0   0   6  0  0
16788 564   0   0   0   9  0  0
16789 93989   0   0   0   0  0  0
16790   0   0   0   0   0  0  3
16791   0   0   0   0   0  0  1
16792  10   0   0   0   0  0  2
16793 175   0   0   0   0  0  0
16794  25   0   0   0   1  0  0
16795 262   1   0   0   2  0  0
16796 763   0   5   4   3  0  0
16797 212   2   0   0   6  0  0
16798 564   0   7  68   9  0  0
16799 660   0  10   0   0  1  0
16800 564   0  11  69  12  0  0
16801 212   2   0   0   6  0  0
16802 564   0   7  70   9  0  0
16803 660   0  10   0   0  1  0
16804 564   0  11  71  12  0  0
16805 212   0   0   0   6  0  0
16806 564   0   0   0   9  0  0
16807 93989   0   0   0   0  0  0
16808   0   0   0   0   0  0  3
16809   0   0   0   0   0  0  1
16810  10   0   0   0   0  0  2
16811 175   0   0   0   0  0  0
16812  25   0   0   0   1  0  0
16813 262   1   0   0   2  0  0
16814 763   0   5  13   3  0  0
16815 212   2   0   0   6  0  0
16816 564   0   7  68   9  0  0
16817 660   0  10   0   0  1  0
16818 564   0  11  69  12  0  0
16819 212   2   0   0   6  0  0
16820 564   0   7  70   9  0  0
16821 660   0  10   0   0  1  0
16822 564   0  11  71  12  0  0
16823 212   0   0   0   6  0  0
16824 564   0   0   0   9  0  0
16825 93989   0   0   0   0  0  0
16826   0   0   0   0   0  0  3
16827   0   0   0   0   0  0  1
16828  10   0   0   0   0  0  2
16829 175   0   0   0   0  0  0
16830  25   0   0   0   1  0  0
16831 262   1   0   0   2  0  0
16832 763   0   5   4   3  0  0
16833 212   2   0   0   6  0  0
16834 564   0   7  72   9  0  0
16835 660   0  10   0   0  1  0
16836 564   0  11  73  12  0  0
16837 212   2   0   0   6  0  0
16838 564   0   7  74   9  0  0
16839 660   0  10   0   0  1  0
16840 564   0  11  75  12  0  0
16841 212   0   0   0   6  0  0
16842 564   0   0   0   9  0  0
16843 93989   0   0   0   0  0  0
16844   0   0   0   0   0  0  3
16845   0   0   0   0   0  0  1
16846  10   0   0   0   0  0  2
16847 175   0   0   0   0  0  0
16848  25   0   0   0   1  0  0
16849 262   1   0   0   2  0  0
16850 763   0   5  13   3  0  0
16851 212   2   0   0   6  0  0
16852 564   0   7  72   9  0  0
16853 660   0  10   0   0  1  0
16854 564   0  11  73  12  0  0
16855 212   2   0   0   6  0  0
16856 564   0   7  74   9  0  0
16857 660   0  10   0   0  1  0
16858 564   0  11  75  12  0  0
16859 212   0   0   0   6  0  0
16860 564   0   0   0   9  0  0
16861 93989   0   0   0   0  0  0
16862   0   0   0   0   0  0  3
16863   0   0   0   0   0  0  1
16864  10   0   0   0   0  0  2
16865 175   0   0   0   0  0  0
16866  25   0   0   0   1  0  0
16867 262   1   0   0   2  0  0
16868 763   0   5   4   3  0  0
16869 212   2   0   0   6  0  0
16870 564   0   7  76   9  0  0
16871 660   0  10   0   0  1  0
16872 564   0  11  77  12  0  0
16873 212   2   0   0   6  0  0
16874 564   0   7  78   9  0  0
16875 660   0  10   0   0  1  0
16876 564   0  11  79  12  0  0
16877 212   0   0   0   6  0  0
16878 564   0   0   0   9  0  0
16879 93989   0   0   0   0  0  0
16880   0   0   0   0   0  0  3
16881   0   0   0   0   0  0  1
16882  10   0   0   0   0  0  2
16883 175   0   0   0   0  0  0
16884  25   0   0   0   1  0  0
16885 262   1   0   0   2  0  0
16886 763   0   5  13   3  0  0
16887 212   2   0   0   6  0  0
16888 564   0   7  76   9  0  0
16889 660   0  10   0   0  1  0
16890 564   0  11  77  12  0  0
16891 212   2   0   0   6  0  0
16892 564   0   7  78   9  0  0
16893 660   0  10   0   0  1  0
16894 564   0  11  79  12  0  0
16895 212   0   0   0   6  0  0
16896 564   0   0   0   9  0  0
16897 93989   0   0   0   0  0  0
16898   0   0   0   0   0  0  3
16899   0   0   0   0   0  0  1
16900  10   0   0   0   0  0  2
16901 175   0   0   0   0  0  0
16902  25   0   0   0   1  0  0
16903 262   1   0   0   2  0  0
16904 763   0   5   4   3  0  0
16905 212   2   0   0   6  0  0
16906 564   0   7  80   9  0  0
16907 660   0  10   0   0  1  0
16908 564   0  11  81  12  0  0
16909 212   2   0   0   6  0  0
16910 564   0   7  82   9  0  0
16911 660   0  10   0   0  1  0
16912 564   0  11  83  12  0  0
16913 212   0   0   0   6  0  0
16914 564   0   0   0   9  0  0
16915 93989   0   0   0   0  0  0
16916   0   0   0   0   0  0  3
16917   0   0   0   0   0  0  1
16918  10   0   0   0   0  0  2
16919 175   0   0   0   0  0  0
16920  25   0   0   0   1  0  0
16921 262   1   0   0   2  0  0
16922 763   0   5  13   3  0  0
16923 212   2   0   0   6  0  0
16924 564   0   7  80   9  0  0
16925 660   0  10   0   0  1  0
16926 564   0  11  81  12  0  0
16927 212   2   0   0   6  0  0
16928 564   0   7  82   9  0  0
16929 660   0  10   0   0  1  0
16930 564   0  11  83  12  0  0
16931 212   0   0   0   6  0  0
16932 564   0   0   0   9  0  0
16933 93989   0   0   0   0  0  0
16934   0   0   0   0   0  0  3
16935   0   0   0   0   0  0  1
16936  10   0   0   0   0  0  2
16937 175   0   0   0   0  0  0
16938  25   0   0   0   1  0  0
16939 262   1   0   0   2  0  0
16940 763   0   5   4   3  0  0
16941 212   2   0   0   6  0  0
16942 564   0   7  84   9  0  0
16943 660   0  10   0   0  1  0
16944 564   0  11  85  12  0  0
16945 212   2   0   0   6  0  0
16946 564   0   7  86   9  0  0
16947 660   0  10   0   0  1  0
16948 564   0  11  87  12  0  0
16949 212   0   0   0   6  0  0
16950 564   0   0   0   9  0  0
16951 93989   0   0   0   0  0  0
16952   0   0   0   0   0  0  3
16953   0   0   0   0   0  0  1
16954  10   0   0   0   0  0  2
16955 175   0   0   0   0  0  0
16956  25   0   0   0   1  0  0
16957 262   1   0   0   2  0  0
16958 763   0   5  13   3  0  0
16959 212   2   0   0   6  0  0
16960 564   0   7  84   9  0  0
16961 660   0  10   0   0  1  0
16962 564   0  11  85  12  0  0
16963 212   2   0   0   6  0  0
16964 564   0   7  86   9  0  0
16965 660   0  10   0   0  1  0
16966 564   0  11  87  12  0  0
16967 212   0   0   0   6  0  0
16968 564   0   0   0   9  0  0
16969 93989   0   0   0   0  0  0
16970   0   0   0   0   0  0  3
16971   0   0   0   0   0  0  1
16972  10   0   0   0   0  0  2
16973 175   0   0   0   0  0  0
16974  25   0   0   0   1  0  0
16975 262   1   0   0   2  0  0
16976 763   0   5   4   3  0  0
16977 212   2   0   0   6  0  0
16978 564   0   7  88   9  0  0
16979 660   0  10   0   0  1  0
16980 564   0  11  89  12  0  0
16981 212   2   0   0   6  0  0
16982 564   0   7  90   9  0  0
16983 660   0  10   0   0  1  0
16984 564   0  11  91  12  0  0
16985 212   0   0   0   6  0  0
16986 564   0   0   0   9  0  0
16987 93989   0   0   0   0  0  0
16988   0   0   0   0   0  0  3
16989   0   0   0   0   0  0  1
16990  10   0   0   0   0  0  2
16991 175   0   0   0   0  0  0
16992  25   0   0   0   1  0  0
16993 262   1   0   0   2  0  0
16994 763   0   5  13   3  0  0
16995 212   2   0   0   6  0  0
16996 564   0   7  88   9  0  0
16997 660   0  10   0   0  1  0
16998 564   0  11  89  12  0  0
16999 212   2   0   0   6  0  0
17000 564   0   7  90   9  0  0
17001 660   0  10   0   0  1  0
17002 564   0  11  91  12  0  0
17003 212   0   0   0   6  0  0
17004 564   0   0   0   9  0  0
17005 93989   0   0   0   0  0  0
17006   0   0   0   0   0  0  3
17007   0   0   0   0   0  0  1
17008  10   0   0   0   0  0  2
17009 175   0   0   0   0  0  0
17010  25   0   0   0   1  0  0
17011 262   1   0   0   2  0  0
17012 763   0   5   4   3  0  0
17013 212   2   0   0   6  0  0
17014 564   0   7  92   9  0  0
17015 660   0  10   0   0  1  0
17016 564   0  11  93  12  0  0
17017 212   2   0   0   6  0  0
17018 564   0   7  94   9  0  0
17019 660   0  10   0   0  1  0
17020 564   0  11  95  12  0  0
17021 212   0   0   0   6  0  0
17022 564   0   0   0   9  0  0
17023 93989   0   0   0   0  0  0
17024   0   0   0   0   0  0  3
17025   0   0   0   0   0  0  1
17026  10   0   0   0   0  0  2
17027 175   0   0   0   0  0  0
17028  25   0   0   0   1  0  0
17029 262   1   0   0   2  0  0
17030 763   0   5  13   3  0  0
17031 212   2   0   0   6  0  0
17032 564   0   7  92   9  0  0
17033 660   0  10   0   0  1  0
17034 564   0  11  93  12  0  0
17035 212   2   0   0   6  0  0
17036 564   0   7  94   9  0  0
17037 660   0  10   0   0  1  0
17038 564   0  11  95  12  0  0
17039 212   0   0   0   6  0  0
17040 564   0   0   0   9  0  0
17041 93989   0   0   0   0  0  0
17042   0   0   0   0   0  0  3
17043   0   0   0   0   0  0  1
17044  10   0   0   0   0  0  2
17045 175   0   0   0   0  0  0
17046  25   0   0   0   1  0  0
17047 262   1   0   0   2  0  0
17048 763   0   5   4   3  0  0
17049 212   2   0   0   6  0  0
17050 564   0   7  96   9  0  0
17051 660   0  10   0   0  1  0
17052 564   0  11  97  12  0  0
17053 212   2   0   0   6  0  0
17054 564   0   7  98   9  0  0
17055 660   0  10   0   0  1  0
17056 564   0  11  99  12  0  0
17057 212   0   0   0   6  0  0
17058 564   0   0   0   9  0  0
17059 93989   0   0   0   0  0  0
17060   0   0   0   0   0  0  3
17061   0   0   0   0   0  0  1
17062  10   0   0   0   0  0  2
17063 175   0   0   0   0  0  0
17064  25   0   0   0   1  0  0
17065 262   1   0   0   2  0  0
17066 763   0   5  13   3  0  0
17067 212   2   0   0   6  0  0
17068 564   0   7  96   9  0  0
17069 660   0  10   0   0  1  0
17070 564   0  11  97  12  0  0
17071 212   2   0   0   6  0  0
17072 564   0   7  98   9  0  0
17073 660   0  10   0   0  1  0
17074 564   0  11  99  12  0  0
17075 212   0   0   0   6  0  0
17076 564   0   0   0   9  0  0
17077 93989   0   0   0   0  0  0
17078   0   0   0   0   0  0  3
17079   0   0   0   0   0  0  1
17080  10   0   0   0   0  0  2
17081 175   0   0   0   0  0  0
17082  25   0   0   0   1  0  0
17083 262   1   0   0   2  0  0
17084 763   0   5   4   3  0  0
17085 212   2   0   0   6  0  0
17086 564   0   7 100   9  0  0
17087 660   0  10   0   0  1  0
17088 564   0  11 101  12  0  0
17089 212   2   0   0   6  0  0
17090 564   0   7 102   9  0  0
17091 660   0  10   0   0  1  0
17092 564   0  11 103  12  0  0
17093 212   0   0   0   6  0  0
17094 564   0   0   0   9  0  0
17095 93989   0   0   0   0  0  0
17096   0   0   0   0   0  0  3
17097   0   0   0   0   0  0  1
17098  10   0   0   0   0  0  2
17099 175   0   0   0   0  0  0
17100  25   0   0   0   1  0  0
17101 262   1   0   0   2  0  0
17102 763   0   5  13   3  0  0
17103 212   2   0   0   6  0  0
17104 564   0   7 100   9  0  0
17105 660   0  10   0   0  1  0
17106 564   0  11 101  12  0  0
17107 212   2   0   0   6  0  0
17108 564   0   7 102   9  0  0
17109 660   0  10   0   0  1  0
17110 564   0  11 103  12  0  0
17111 212   0   0   0   6  0  0
17112 564   0   0   0   9  0  0
17113 93989   0   0   0   0  0  0
17114   0   0   0   0   0  0  3
17115   0   0   0   0   0  0  1
17116  10   0   0   0   0  0  2
17117 175   0   0   0   0  0  0
17118  25   0   0   0   1  0  0
17119 262   1   0   0   2  0  0
17120 763   0   5   4   3  0  0
17121 212   2   0   0   6  0  0
17122 564   0   7 104   9  0  0
17123 660   0  10   0   0  1  0
17124 564   0  11 105  12  0  0
17125 212   2   0   0   6  0  0
17126 564   0   7 106   9  0  0
17127 660   0  10   0   0  1  0
17128 564   0  11 107  12  0  0
17129 212   0   0   0   6  0  0
17130 564   0   0   0   9  0  0
17131 93989   0   0   0   0  0  0
17132   0   0   0   0   0  0  3
17133   0   0   0   0   0  0  1
17134  10   0   0   0   0  0  2
17135 175   0   0   0   0  0  0
17136  25   0   0   0   1  0  0
17137 262   1   0   0   2  0  0
17138 763   0   5  13   3  0  0
17139 212   2   0   0   6  0  0
17140 564   0   7 104   9  0  0
17141 660   0  10   0   0  1  0
17142 564   0  11 105  12  0  0
17143 212   2   0   0   6  0  0
17144 564   0   7 106   9  0  0
17145 660   0  10   0   0  1  0
17146 564   0  11 107  12  0  0
17147 212   0   0   0   6  0  0
17148 564   0   0   0   9  0  0
17149 93989   0   0   0   0  0  0
17150   0   0   0   0   0  0  3
17151   0   0   0   0   0  0  1
17152  10   0   0   0   0  0  2
17153 175   0   0   0   0  0  0
17154  25   0   0   0   1  0  0
17155 262   1   0   0   2  0  0
17156 763   0   5   4   3  0  0
17157 212   2   0   0   6  0  0
17158 564   0   7 108   9  0  0
17159 660   0  10   0   0  1  0
17160 564   0  11 109  12  0  0
17161 212   2   0   0   6  0  0
17162 564   0   7 110   9  0  0
17163 660   0  10   0   0  1  0
17164 564   0  11 111  12  0  0
17165 212   0   0   0   6  0  0
17166 564   0   0   0   9  0  0
17167 93989   0   0   0   0  0  0
17168   0   0   0   0   0  0  3
17169   0   0   0   0   0  0  1
17170  10   0   0   0   0  0  2
17171 175   0   0   0   0  0  0
17172  25   0   0   0   1  0  0
17173 262   1   0   0   2  0  0
17174 763   0   5  13   3  0  0
17175 212   2   0   0   6  0  0
17176 564   0   7 108   9  0  0
17177 660   0  10   0   0  1  0
17178 564   0  11 109  12  0  0
17179 212   2   0   0   6  0  0
17180 564   0   7 110   9  0  0
17181 660   0  10   0   0  1  0
17182 564   0  11 111  12  0  0
17183 212   0   0   0   6  0  0
17184 564   0   0   0   9  0  0
17185 93989   0   0   0   0  0  0
17186   0   0   0   0   0  0  3
17187   0   0   0   0   0  0  1
17188  10   0   0   0   0  0  2
17189 175   0   0   0   0  0  0
17190  25   0   0   0   1  0  0
17191 262   1   0   0   2  0  0
17192 763   0   5   4   3  0  0
17193 212   2   0   0   6  0  0
17194 564   0   7 112   9  0  0
17195 660   0  10   0   0  1  0
17196 564   0  11 113  12  0  0
17197 212   2   0   0   6  0  0
17198 564   0   7 114   9  0  0
17199 660   0  10   0   0  1  0
17200 564   0  11 115  12  0  0
17201 212   0   0   0   6  0  0
17202 564   0   0   0   9  0  0
17203 93989   0   0   0   0  0  0
17204   0   0   0   0   0  0  3
17205   0   0   0   0   0  0  1
17206  10   0   0   0   0  0  2
17207 175   0   0   0   0  0  0
17208  25   0   0   0   1  0  0
17209 262   1   0   0   2  0  0
17210 763   0   5  13   3  0  0
17211 212   2   0   0   6  0  0
17212 564   0   7 112   9  0  0
17213 660   0  10   0   0  1  0
17214 564   0  11 113  12  0  0
17215 212   2   0   0   6  0  0
17216 564   0   7 114   9  0  0
17217 660   0  10   0   0  1  0
17218 564   0  11 115  12  0  0
17219 212   0   0   0   6  0  0
17220 564   0   0   0   9  0  0
17221 93989   0   0   0   0  0  0
17222   0   0   0   0   0  0  3
17223   0   0   0   0   0  0  1
17224  10   0   0   0   0  0  2
17225 175   0   0   0   0  0  0
17226  25   0   0   0   1  0  0
17227 262   1   0   0   2  0  0
17228 763   0   5   4   3  0  0
17229 212   2   0   0   6  0  0
17230 564   0   7 116   9  0  0
17231 660   0  10   0   0  1  0
17232 564   0  11 117  12  0  0
17233 212   2   0   0   6  0  0
17234 564   0   7 118   9  0  0
17235 660   0  10   0   0  1  0
17236 564   0  11 119  12  0  0
17237 212   0   0   0   6  0  0
17238 564   0   0   0   9  0  0
17239 93989   0   0   0   0  0  0
17240   0   0   0   0   0  0  3
17241   0   0   0   0   0  0  1
17242  10   0   0   0   0  0  2
17243 175   0   0   0   0  0  0
17244  25   0   0   0   1  0  0
17245 262   1   0   0   2  0  0
17246 763   0   5  13   3  0  0
17247 212   2   0   0   6  0  0
17248 564   0   7 116   9  0  0
17249 660   0  10   0   0  1  0
17250 564   0  11 117  12  0  0
17251 212   2   0   0   6  0  0
17252 564   0   7 118   9  0  0
17253 660   0  10   0   0  1  0
17254 564   0  11 119  12  0  0
17255 212   0   0   0   6  0  0
17256 564   0   0   0   9  0  0
17257 93989   0   0   0   0  0  0
17258   0   0   0   0   0  0  3
17259   0   0   0   0   0  0  1
17260  10   0   0   0   0  0  2
17261 175   0   0   0   0  0  0
17262  25   0   0   0   1  0  0
17263 262   1   0   0   2  0  0
17264 763   0   5   4   3  0  0
17265 212   2   0   0   6  0  0
17266 564   0   7 120   9  0  0
17267 660   0  10   0   0  1  0
17268 564   0  11 121  12  0  0
17269 212   2   0   0   6  0  0
17270 564   0   7 122   9  0  0
17271 660   0  10   0   0  1  0
17272 564   0  11 123  12  0  0
17273 212   0   0   0   6  0  0
17274 564   0   0   0   9  0  0
17275 93989   0   0   0   0  0  0
17276   0   0   0   0   0  0  3
17277   0   0   0   0   0  0  1
17278  10   0   0   0   0  0  2
17279 175   0   0   0   0  0  0
17280  25   0   0   0   1  0  0
17281 262   1   0   0   2  0  0
17282 763   0   5  13   3  0  0
17283 212   2   0   0   6  0  0
17284 564   0   7 120   9  0  0
17285 660   0  10   0   0  1  0
17286 564   0  11 121  12  0  0
17287 212   2   0   0   6  0  0
17288 564   0   7 122   9  0  0
17289 660   0  10   0   0  1  0
17290 564   0  11 123  12  0  0
17291 212   0   0   0   6  0  0
17292 564   0   0   0   9  0  0
17293 93989   0   0   0   0  0  0
17294   0   0   0   0   0  0  3
17295   0   0   0   0   0  0  1
17296  10   0   0   0   0  0  2
17297 175   0   0   0   0  0  0
17298  25   0   0   0   1  0  0
17299 262   1   0   0   2  0  0
17300 763   0   5   4   3  0  0
17301 212   2   0   0   6  0  0
17302 564   0   7 124   9  0  0
17303 660   0  10   0   0  1  0
17304 564   0  11 125  12  0  0
17305 212   2   0   0   6  0  0
17306 564   0   7 126   9  0  0
17307 660   0  10   0   0  1  0
17308 564   0  11 127  12  0  0
17309 212   0   0   0   6  0  0
17310 564   0   0   0   9  0  0
17311 93989   0   0   0   0  0  0
17312   0   0   0   0   0  0  3
17313   0   0   0   0   0  0  1
17314  10   0   0   0   0  0  2
17315 175   0   0   0   0  0  0
17316  25   0   0   0   1  0  0
17317 262   1   0   0   2  0  0
17318 763   0   5  13   3  0  0
17319 212   2   0   0   6  0  0
17320 564   0   7 124   9  0  0
17321 660   0  10   0   0  1  0
17322 564   0  11 125  12  0  0
17323 212   2   0   0   6  0  0
17324 564   0   7 126   9  0  0
17325 660   0  10   0   0  1  0
17326 564   0  11 127  12  0  0
17327 212   0   0   0   6  0  0
17328 564   0   0   0   9  0  0
17329 93989   0   0   0   0  0  0
17330   0   0   0   0   0  0  3
17331   0   0   0   0   0  0  1
17332  10   0   0   0   0  0  2
17333 175   0   0   0   0  0  0
17334  25   0   0   0   1  0  0
17335 262   1   0   0   2  0  0
17336 763   0   5   4   3  0  0
17337 212   2   0   0   6  0  0
17338 564   0   7 128   9  0  0
17339 660   0  10   0   0  1  0
17340 564   0  11 129  12  0  0
17341 212   2   0   0   6  0  0
17342 564   0   7 130   9  0  0
17343 660   0  10   0   0  1  0
17344 564   0  11 131  12  0  0
17345 212   0   0   0   6  0  0
17346 564   0   0   0   9  0  0
17347 93989   0   0   0   0  0  0
17348   0   0   0   0   0  0  3
17349   0   0   0   0   0  0  1
17350  10   0   0   0   0  0  2
17351 175   0   0   0   0  0  0
17352  25   0   0   0   1  0  0
17353 262   1   0   0   2  0  0
17354 763   0   5  13   3  0  0
17355 212   2   0   0   6  0  0
17356 564   0   7 128   9  0  0
17357 660   0  10   0   0  1  0
17358 564   0  11 129  12  0  0
17359 212   2   0   0   6  0  0
17360 564   0   7 130   9  0  0
17361 660   0  10   0   0  1  0
17362 564   0  11 131  12  0  0
17363 212   0   0   0   6  0  0
17364 564   0   0   0   9  0  0
17365 93989   0   0   0   0  0  0
17366   0   0   0   0   0  0  3
17367   0   0   0   0   0  0  1
17368  10   0   0   0   0  0  2
17369 175   0   0   0   0  0  0
17370  25   0   0   0   1  0  0
17371 262   1   0   0   2  0  0
17372 763   0   5   4   3  0  0
17373 212   2   0   0   6  0  0
17374 564   0   7 132   9  0  0
17375 660   0  10   0   0  1  0
17376 564   0  11 133  12  0  0
17377 212   2   0   0   6  0  0
17378 564   0   7 134   9  0  0
17379 660   0  10   0   0  1  0
17380 564   0  11 135  12  0  0
17381 212   0   0   0   6  0  0
17382 564   0   0   0   9  0  0
17383 93989   0   0   0   0  0  0
17384   0   0   0   0   0  0  3
17385   0   0   0   0   0  0  1
17386  10   0   0   0   0  0  2
17387 175   0   0   0   0  0  0
17388  25   0   0   0   1  0  0
17389 262   1   0   0   2  0  0
17390 763   0   5  13   3  0  0
17391 212   2   0   0   6  0  0
17392 564   0   7 132   9  0  0
17393 660   0  10   0   0  1  0
17394 564   0  11 133  12  0  0
17395 212   2   0   0   6  0  0
17396 564   0   7 134   9  0  0
17397 660   0  10   0   0  1  0
17398 564   0  11 135  12  0  0
17399 212   0   0   0   6  0  0
17400 564   0   0   0   9  0  0
17401 93989   0   0   0   0  0  0
17402   0   0   0   0   0  0  3
17403   0   0   0   0   0  0  1
17404  10   0   0   0   0  0  2
17405 175   0   0   0   0  0  0
17406  25   0   0   0   1  0  0
17407 262   1   0   0   2  0  0
17408 763   0   5   4   3  0  0
17409 212   2   0   0   6  0  0
17410 564   0   7 136   9  0  0
17411 660   0  10   0   0  1  0
17412 564   0  11 137  12  0  0
17413 212   2   0   0   6  0  0
17414 564   0   7 138   9  0  0
17415 660   0  10   0   0  1  0
17416 564   0  11 139  12  0  0
17417 212   0   0   0   6  0  0
17418 564   0   0   0   9  0  0
17419 93989   0   0   0   0  0  0
17420   0   0   0   0   0  0  3
17421   0   0   0   0   0  0  1
17422  10   0   0   0   0  0  2
17423 175   0   0   0   0  0  0
17424  25   0   0   0   1  0  0
17425 262   1   0   0   2  0  0
17426 763   0   5  13   3  0  0
17427 212   2   0   0   6  0  0
17428 564   0   7 136   9  0  0
17429 660   0  10   0   0  1  0
17430 564   0  11 137  12  0  0
17431 212   2   0   0   6  0  0
17432 564   0   7 138   9  0  0
17433 660   0  10   0   0  1  0
17434 564   0  11 139  12  0  0
17435 212   0   0   0   6  0  0
17436 564   0   0   0   9  0  0
17437 93989   0   0   0   0  0  0
17438   0   0   0   0   0  0  3
17439   0   0   0   0   0  0  1
17440  10   0   0   0   0  0  2
17441 175   0   0   0   0  0  0
17442  25   0   0   0   1  0  0
17443 262   1   0   0   2  0  0
17444 763   0   5   4   3  0  0
17445 212   2   0   0   6  0  0
17446 564   0   7   8   9  0  0
17447 660   0  10   0   0  1  0
17448 564   0  11   8  12  0  0
17449 212   2   0   0   6  0  0
17450 564   0   7 140   9  0  0
17451 660   0  10   0   0  1  0
17452 564   0  11 141  12  0  0
17453 212   0   0   0   6  0  0
17454 564   0   0   0   9  0  0
17455 93989   0   0   0   0  0  0
17456   0   0   0   0   0  0  3
17457   0   0   0   0   0  0  1
17458  10   0   0   0   0  0  2
17459 175   0   0   0   0  0  0
17460  25   0   0   0   1  0  0
17461 262   1   0   0   2  0  0
17462 763   0   5  13   3  0  0
17463 212   2   0   0   6  0  0
17464 564   0   7   8   9  0  0
17465 660   0  10   0   0  1  0
17466 564   0  11   8  12  0  0
17467 212   2   0   0   6  0  0
17468 564   0   7 140   9  0  0
17469 660   0  10   0   0  1  0
17470 564   0  11 141  12  0  0
17471 212   0   0   0   6  0  0
17472 564   0   0   0   9  0  0
17473 93989   0   0   0   0  0  0
17474   0   0   0   0   0  0  3
17475   0   0   0   0   0  0  1
17476  10   0   0   0   0  0  2
17477 175   0   0   0   0  0  0
17478  25   0   0   0   1  0  0
17479 262   1   0   0   2  0  0
17480 763   0   5   4   3  0  0
17481 212   2   0   0   6  0  0
17482 564   0   7 137   9  0  0
17483 660   0  10   0   0  1  0
17484 564   0  11 136  12  0  0
17485 212   2   0   0   6  0  0
17486 564   0   7 139   9  0  0
17487 660   0  10   0   0  1  0
17488 564   0  11 138  12  0  0
17489 212   0   0   0   6  0  0
17490 564   0   0   0   9  0  0
17491 93989   0   0   0   0  0  0
17492   0   0   0   0   0  0  3
17493   0   0   0   0   0  0  1
17494  10   0   0   0   0  0  2
17495 175   0   0   0   0  0  0
17496  25   0   0   0   1  0  0
17497 262   1   0   0   2  0  0
17498 763   0   5  13   3  0  0
17499 212   2   0   0   6  0  0
17500 564   0   7 137   9  0  0
17501 660   0  10   0   0  1  0
17502 564   0  11 136  12  0  0
17503 212   2   0   0   6  0  0
17504 564   0   7 139   9  0  0
17505 660   0  10   0   0  1  0
17506 564   0  11 138  12  0  0
17507 212   0   0   0   6  0  0
17508 564   0   0   0   9  0  0
17509 93989   0   0   0   0  0  0
17510   0   0   0   0   0  0  3
17511   0   0   0   0   0  0  1
17512  10   0   0   0   0  0  2
17513 175   0   0   0   0  0  0
17514  25   0   0   0   1  0  0
17515 262   1   0   0   2  0  0
17516 763   0   5   4   3  0  0
17517 212   2   0   0   6  0  0
17518 564   0   7 133   9  0  0
17519 660   0  10   0   0  1  0
17520 564   0  11 132  12  0  0
17521 212   2   0   0   6  0  0
17522 564   0   7 135   9  0  0
17523 660   0  10   0   0  1  0
17524 564   0  11 134  12  0  0
17525 212   0   0   0   6  0  0
17526 564   0   0   0   9  0  0
17527 93989   0   0   0   0  0  0
17528   0   0   0   0   0  0  3
17529   0   0   0   0   0  0  1
17530  10   0   0   0   0  0  2
17531 175   0   0   0   0  0  0
17532  25   0   0   0   1  0  0
17533 262   1   0   0   2  0  0
17534 763   0   5  13   3  0  0
17535 212   2   0   0   6  0  0
17536 564   0   7 133   9  0  0
17537 660   0  10   0   0  1  0
17538 564   0  11 132  12  0  0
17539 212   2   0   0   6  0  0
17540 564   0   7 135   9  0  0
17541 660   0  10   0   0  1  0
17542 564   0  11 134  12  0  0
17543 212   0   0   0   6  0  0
17544 564   0   0   0   9  0  0
17545 93989   0   0   0   0  0  0
17546   0   0   0   0   0  0  3
17547   0   0   0   0   0  0  1
17548  10   0   0   0   0  0  2
17549 175   0   0   0   0  0  0
17550  25   0   0   0   1  0  0
17551 262   1   0   0   2  0  0
17552 763   0   5   4   3  0  0
17553 212   2   0   0   6  0  0
17554 564   0   7 129   9  0  0
17555 660   0  10   0   0  1  0
17556 564   0  11 128  12  0  0
17557 212   2   0   0   6  0  0
17558 564   0   7 131   9  0  0
17559 660   0  10   0   0  1  0
17560 564   0  11 130  12  0  0
17561 212   0   0   0   6  0  0
17562 564   0   0   0   9  0  0
17563 93989   0   0   0   0  0  0
17564   0   0   0   0   0  0  3
17565   0   0   0   0   0  0  1
17566  10   0   0   0   0  0  2
17567 175   0   0   0   0  0  0
17568  25   0   0   0   1  0  0
17569 262   1   0   0   2  0  0
17570 763   0   5  13   3  0  0
17571 212   2   0   0   6  0  0
17572 564   0   7 129   9  0  0
17573 660   0  10   0   0  1  0
17574 564   0  11 128  12  0  0
17575 212   2   0   0   6  0  0
17576 564   0   7 131   9  0  0
17577 660   0  10   0   0  1  0
17578 564   0  11 130  12  0  0
17579 212   0   0   0   6  0  0
17580 564   0   0   0   9  0  0
17581 93989   0   0   0   0  0  0
17582   0   0   0   0   0  0  3
17583   0   0   0   0   0  0  1
17584  10   0   0   0   0  0  2
17585 175   0   0   0   0  0  0
17586  25   0   0   0   1  0  0
17587 262   1   0   0   2  0  0
17588 763   0   5   4   3  0  0
17589 212   2   0   0   6  0  0
17590 564   0   7 125   9  0  0
17591 660   0  10   0   0  1  0
17592 564   0  11 124  12  0  0
17593 212   2   0   0   6  0  0
17594 564   0   7 127   9  0  0
17595 660   0  10   0   0  1  0
17596 564   0  11 126  12  0  0
17597 212   0   0   0   6  0  0
17598 564   0   0   0   9  0  0
17599 93989   0   0   0   0  0  0
17600   0   0   0   0   0  0  3
17601   0   0   0   0   0  0  1
17602  10   0   0   0   0  0  2
17603 175   0   0   0   0  0  0
17604  25   0   0   0   1  0  0
17605 262   1   0   0   2  0  0
17606 763   0   5  13   3  0  0
17607 212   2   0   0   6  0  0
17608 564   0   7 125   9  0  0
17609 660   0  10   0   0  1  0
17610 564   0  11 124  12  0  0
17611 212   2   0   0   6  0  0
17612 564   0   7 127   9  0  0
17613 660   0  10   0   0  1  0
17614 564   0  11 126  12  0  0
17615 212   0   0   0   6  0  0
17616 564   0   0   0   9  0  0
17617 93989   0   0   0   0  0  0
17618   0   0   0   0   0  0  3
17619   0   0   0   0   0  0  1
17620  10   0   0   0   0  0  2
17621 175   0   0   0   0  0  0
17622  25   0   0   0   1  0  0
17623 262   1   0   0   2  0  0
17624 763   0   5   4   3  0  0
17625 212   2   0   0   6  0  0
17626 564   0   7 121   9  0  0
17627 660   0  10   0   0  1  0
17628 564   0  11 120  12  0  0
17629 212   2   0   0   6  0  0
17630 564   0   7 123   9  0  0
17631 660   0  10   0   0  1  0
17632 564   0  11 122  12  0  0
17633 212   0   0   0   6  0  0
17634 564   0   0   0   9  0  0
17635 93989   0   0   0   0  0  0
17636   0   0   0   0   0  0  3
17637   0   0   0   0   0  0  1
17638  10   0   0   0   0  0  2
17639 175   0   0   0   0  0  0
17640  25   0   0   0   1  0  0
17641 262   1   0   0   2  0  0
17642 763   0   5  13   3  0  0
17643 212   2   0   0   6  0  0
17644 564   0   7 121   9  0  0
17645 660   0  10   0   0  1  0
17646 564   0  11 120  12  0  0
17647 212   2   0   0   6  0  0
17648 564   0   7 123   9  0  0
17649 660   0  10   0   0  1  0
17650 564   0  11 122  12  0  0
17651 212   0   0   0   6  0  0
17652 564   0   0   0   9  0  0
17653 93989   0   0   0   0  0  0
17654   0   0   0   0   0  0  3
17655   0   0   0   0   0  0  1
17656  10   0   0   0   0  0  2
17657 175   0   0   0   0  0  0
17658  25   0   0   0   1  0  0
17659 262   1   0   0   2  0  0
17660 763   0   5   4   3  0  0
17661 212   2   0   0   6  0  0
17662 564   0   7 117   9  0  0
17663 660   0  10   0   0  1  0
17664 564   0  11 116  12  0  0
17665 212   2   0   0   6  0  0
17666 564   0   7 119   9  0  0
17667 660   0  10   0   0  1  0
17668 564   0  11 118  12  0  0
17669 212   0   0   0   6  0  0
17670 564   0   0   0   9  0  0
17671 93989   0   0   0   0  0  0
17672   0   0   0   0   0  0  3
17673   0   0   0   0   0  0  1
17674  10   0   0   0   0  0  2
17675 175   0   0   0   0  0  0
17676  25   0   0   0   1  0  0
17677 262   1   0   0   2  0  0
17678 763   0   5  13   3  0  0
17679 212   2   0   0   6  0  0
17680 564   0   7 117   9  0  0
17681 660   0  10   0   0  1  0
17682 564   0  11 116  12  0  0
17683 212   2   0   0   6  0  0
17684 564   0   7 119   9  0  0
17685 660   0  10   0   0  1  0
17686 564   0  11 118  12  0  0
17687 212   0   0   0   6  0  0
17688 564   0   0   0   9  0  0
17689 93989   0   0   0   0  0  0
17690   0   0   0   0   0  0  3
17691   0   0   0   0   0  0  1
17692  10   0   0   0   0  0  2
17693 175   0   0   0   0  0  0
17694  25   0   0   0   1  0  0
17695 262   1   0   0   2  0  0
17696 763   0   5   4   3  0  0
17697 212   2   0   0   6  0  0
17698 564   0   7 113   9  0  0
17699 660   0  10   0   0  1  0
17700 564   0  11 112  12  0  0
17701 212   2   0   0   6  0  0
17702 564   0   7 115   9  0  0
17703 660   0  10   0   0  1  0
17704 564   0  11 114  12  0  0
17705 212   0   0   0   6  0  0
17706 564   0   0   0   9  0  0
17707 93989   0   0   0   0  0  0
17708   0   0   0   0   0  0  3
17709   0   0   0   0   0  0  1
17710  10   0   0   0   0  0  2
17711 175   0   0   0   0  0  0
17712  25   0   0   0   1  0  0
17713 262   1   0   0   2  0  0
17714 763   0   5  13   3  0  0
17715 212   2   0   0   6  0  0
17716 564   0   7 113   9  0  0
17717 660   0  10   0   0  1  0
17718 564   0  11 112  12  0  0
17719 212   2   0   0   6  0  0
17720 564   0   7 115   9  0  0
17721 660   0  10   0   0  1  0
17722 564   0  11 114  12  0  0
17723 212   0   0   0   6  0  0
17724 564   0   0   0   9  0  0
17725 93989   0   0   0   0  0  0
17726   0   0   0   0   0  0  3
17727   0   0   0   0   0  0  1
17728  10   0   0   0   0  0  2
17729 175   0   0   0   0  0  0
17730  25   0   0   0   1  0  0
17731 262   1   0   0   2  0  0
17732 763   0   5   4   3  0  0
17733 212   2   0   0   6  0  0
17734 564   0   7 109   9  0  0
17735 660   0  10   0   0  1  0
17736 564   0  11 108  12  0  0
17737 212   2   0   0   6  0  0
17738 564   0   7 111   9  0  0
17739 660   0  10   0   0  1  0
17740 564   0  11 110  12  0  0
17741 212   0   0   0   6  0  0
17742 564   0   0   0   9  0  0
17743 93989   0   0   0   0  0  0
17744   0   0   0   0   0  0  3
17745   0   0   0   0   0  0  1
17746  10   0   0   0   0  0  2
17747 175   0   0   0   0  0  0
17748  25   0   0   0   1  0  0
17749 262   1   0   0   2  0  0
17750 763   0   5  13   3  0  0
17751 212   2   0   0   6  0  0
17752 564   0   7 109   9  0  0
17753 660   0  10   0   0  1  0
17754 564   0  11 108  12  0  0
17755 212   2   0   0   6  0  0
17756 564   0   7 111   9  0  0
17757 660   0  10   0   0  1  0
17758 564   0  11 110  12  0  0
17759 212   0   0   0   6  0  0
17760 564   0   0   0   9  0  0
17761 93989   0   0   0   0  0  0
17762   0   0   0   0   0  0  3
17763   0   0   0   0   0  0  1
17764  10   0   0   0   0  0  2
17765 175   0   0   0   0  0  0
17766  25   0   0   0   1  0  0
17767 262   1   0   0   2  0  0
17768 763   0   5   4   3  0  0
17769 212   2   0   0   6  0  0
17770 564   0   7 105   9  0  0
17771 660   0  10   0   0  1  0
17772 564   0  11 104  12  0  0
17773 212   2   0   0   6  0  0
17774 564   0   7 107   9  0  0
17775 660   0  10   0   0  1  0
17776 564   0  11 106  12  0  0
17777 212   0   0   0   6  0  0
17778 564   0   0   0   9  0  0
17779 93989   0   0   0   0  0  0
17780   0   0   0   0   0  0  3
17781   0   0   0   0   0  0  1
17782  10   0   0   0   0  0  2
17783 175   0   0   0   0  0  0
17784  25   0   0   0   1  0  0
17785 262   1   0   0   2  0  0
17786 763   0   5  13   3  0  0
17787 212   2   0   0   6  0  0
17788 564   0   7 105   9  0  0
17789 660   0  10   0   0  1  0
17790 564   0  11 104  12  0  0
17791 212   2   0   0   6  0  0
17792 564   0   7 107   9  0  0
17793 660   0  10   0   0  1  0
17794 564   0  11 106  12  0  0
17795 212   0   0   0   6  0  0
17796 564   0   0   0   9  0  0
17797 93989   0   0   0   0  0  0
17798   0   0   0   0   0  0  3
17799   0   0   0   0   0  0  1
17800  10   0   0   0   0  0  2
17801 175   0   0   0   0  0  0
17802  25   0   0   0   1  0  0
17803 262   1   0   0   2  0  0
17804 763   0   5   4   3  0  0
17805 212   2   0   0   6  0  0
17806 564   0   7 101   9  0  0
17807 660   0  10   0   0  1  0
17808 564   0  11 100  12  0  0
17809 212   2   0   0   6  0  0
17810 564   0   7 103   9  0  0
17811 660   0  10   0   0  1  0
17812 564   0  11 102  12  0  0
17813 212   0   0   0   6  0  0
17814 564   0   0   0   9  0  0
17815 93989   0   0   0   0  0  0
17816   0   0   0   0   0  0  3
17817   0   0   0   0   0  0  1
17818  10   0   0   0   0  0  2
17819 175   0   0   0   0  0  0
17820  25   0   0   0   1  0  0
17821 262   1   0   0   2  0  0
17822 763   0   5  13   3  0  0
17823 212   2   0   0   6  0  0
17824 564   0   7 101   9  0  0
17825 660   0  10   0   0  1  0
17826 564   0  11 100  12  0  0
17827 212   2   0   0   6  0  0
17828 564   0   7 103   9  0  0
17829 660   0  10   0   0  1  0
17830 564   0  11 102  12  0  0
17831 212   0   0   0   6  0  0
17832 564   0   0   0   9  0  0
17833 93989   0   0   0   0  0  0
17834   0   0   0   0   0  0  3
17835   0   0   0   0   0  0  1
17836  10   0   0   0   0  0  2
17837 175   0   0   0   0  0  0
17838  25   0   0   0   1  0  0
17839 262   1   0   0   2  0  0
17840 763   0   5   4   3  0  0
17841 212   2   0   0   6  0  0
17842 564   0   7  97   9  0  0
17843 660   0  10   0   0  1  0
17844 564   0  11  96  12  0  0
17845 212   2   0   0   6  0  0
17846 564   0   7  99   9  0  0
17847 660   0  10   0   0  1  0
17848 564   0  11  98  12  0  0
17849 212   0   0   0   6  0  0
17850 564   0   0   0   9  0  0
17851 93989   0   0   0   0  0  0
17852   0   0   0   0   0  0  3
17853   0   0   0   0   0  0  1
17854  10   0   0   0   0  0  2
17855 175   0   0   0   0  0  0
17856  25   0   0   0   1  0  0
17857 262   1   0   0   2  0  0
17858 763   0   5  13   3  0  0
17859 212   2   0   0   6  0  0
17860 564   0   7  97   9  0  0
17861 660   0  10   0   0  1  0
17862 564   0  11  96  12  0  0
17863 212   2   0   0   6  0  0
17864 564   0   7  99   9  0  0
17865 660   0  10   0   0  1  0
17866 564   0  11  98  12  0  0
17867 212   0   0   0   6  0  0
17868 564   0   0   0   9  0  0
17869 93989   0   0   0   0  0  0
17870   0   0   0   0   0  0  3
17871   0   0   0   0   0  0  1
17872  10   0   0   0   0  0  2
17873 175   0   0   0   0  0  0
17874  25   0   0   0   1  0  0
17875 262   1   0   0   2  0  0
17876 763   0   5   4   3  0  0
17877 212   2   0   0   6  0  0
17878 564   0   7  93   9  0  0
17879 660   0  10   0   0  1  0
17880 564   0  11  92  12  0  0
17881 212   2   0   0   6  0  0
17882 564   0   7  95   9  0  0
17883 660   0  10   0   0  1  0
17884 564   0  11  94  12  0  0
17885 212   0   0   0   6  0  0
17886 564   0   0   0   9  0  0
17887 93989   0   0   0   0  0  0
17888   0   0   0   0   0  0  3
17889   0   0   0   0   0  0  1
17890  10   0   0   0   0  0  2
17891 175   0   0   0   0  0  0
17892  25   0   0   0   1  0  0
17893 262   1   0   0   2  0  0
17894 763   0   5  13   3  0  0
17895 212   2   0   0   6  0  0
17896 564   0   7  93   9  0  0
17897 660   0  10   0   0  1  0
17898 564   0  11  92  12  0  0
17899 212   2   0   0   6  0  0
17900 564   0   7  95   9  0  0
17901 660   0  10   0   0  1  0
17902 564   0  11  94  12  0  0
17903 212   0   0   0   6  0  0
17904 564   0   0   0   9  0  0
17905 93989   0   0   0   0  0  0
17906   0   0   0   0   0  0  3
17907   0   0   0   0   0  0  1
17908  10   0   0   0   0  0  2
17909 175   0   0   0   0  0  0
17910  25   0   0   0   1  0  0
17911 262   1   0   0   2  0  0
17912 763   0   5   4   3  0  0
17913 212   2   0   0   6  0  0
17914 564   0   7  89   9  0  0
17915 660   0  10   0   0  1  0
17916 564   0  11  88  12  0  0
17917 212   2   0   0   6  0  0
17918 564   0   7  91   9  0  0
17919 660   0  10   0   0  1  0
17920 564   0  11  90  12  0  0
17921 212   0   0   0   6  0  0
17922 564   0   0   0   9  0  0
17923 93989   0   0   0   0  0  0
17924   0   0   0   0   0  0  3
17925   0   0   0   0   0  0  1
17926  10   0   0   0   0  0  2
17927 175   0   0   0   0  0  0
17928  25   0   0   0   1  0  0
17929 262   1   0   0   2  0  0
17930 763   0   5  13   3  0  0
17931 212   2   0   0   6  0  0
17932 564   0   7  89   9  0  0
17933 660   0  10   0   0  1  0
17934 564   0  11  88  12  0  0
17935 212   2   0   0   6  0  0
17936 564   0   7  91   9  0  0
17937 660   0  10   0   0  1  0
17938 564   0  11  90  12  0  0
17939 212   0   0   0   6  0  0
17940 564   0   0   0   9  0  0
17941 93989   0   0   0   0  0  0
17942   0   0   0   0   0  0  3
17943   0   0   0   0   0  0  1
17944  10   0   0   0   0  0  2
17945 175   0   0   0   0  0  0
17946  25   0   0   0   1  0  0
17947 262   1   0   0   2  0  0
17948 763   0   5   4   3  0  0
17949 212   2   0   0   6  0  0
17950 564   0   7  85   9  0  0
17951 660   0  10   0   0  1  0
17952 564   0  11  84  12  0  0
17953 212   2   0   0   6  0  0
17954 564   0   7  87   9  0  0
17955 660   0  10   0   0  1  0
17956 564   0  11  86  12  0  0
17957 212   0   0   0   6  0  0
17958 564   0   0   0   9  0  0
17959 93989   0   0   0   0  0  0
17960   0   0   0   0   0  0  3
17961   0   0   0   0   0  0  1
17962  10   0   0   0   0  0  2
17963 175   0   0   0   0  0  0
17964  25   0   0   0   1  0  0
17965 262   1   0   0   2  0  0
17966 763   0   5  13   3  0  0
17967 212   2   0   0   6  0  0
17968 564   0   7  85   9  0  0
17969 660   0  10   0   0  1  0
17970 564   0  11  84  12  0  0
17971 212   2   0   0   6  0  0
17972 564   0   7  87   9  0  0
17973 660   0  10   0   0  1  0
17974 564   0  11  86  12  0  0
17975 212   0   0   0   6  0  0
17976 564   0   0   0   9  0  0
17977 93989   0   0   0   0  0  0
17978   0   0   0   0   0  0  3
17979   0   0   0   0   0  0  1
17980  10   0   0   0   0  0  2
17981 175   0   0   0   0  0  0
17982  25   0   0   0   1  0  0
17983 262   1   0   0   2  0  0
17984 763   0   5   4   3  0  0
17985 212   2   0   0   6  0  0
17986 564   0   7  81   9  0  0
17987 660   0  10   0   0  1  0
17988 564   0  11  80  12  0  0
17989 212   2   0   0   6  0  0
17990 564   0   7  83   9  0  0
17991 660   0  10   0   0  1  0
17992 564   0  11  82  12  0  0
17993 212   0   0   0   6  0  0
17994 564   0   0   0   9  0  0
17995 93989   0   0   0   0  0  0
17996   0   0   0   0   0  0  3
17997   0   0   0   0   0  0  1
17998  10   0   0   0   0  0  2
17999 175   0   0   0   0  0  0
18000  25   0   0   0   1  0  0
18001 262   1   0   0   2  0  0
18002 763   0   5  13   3  0  0
18003 212   2   0   0   6  0  0
18004 564   0   7  81   9  0  0
18005 660   0  10   0   0  1  0
18006 564   0  11  80  12  0  0
18007 212   2   0   0   6  0  0
18008 564   0   7  83   9  0  0
18009 660   0  10   0   0  1  0
18010 564   0  11  82  12  0  0
18011 212   0   0   0   6  0  0
18012 564   0   0   0   9  0  0
18013 93989   0   0   0   0  0  0
18014   0   0   0   0   0  0  3
18015   0   0   0   0   0  0  1
18016  10   0   0   0   0  0  2
18017 175   0   0   0   0  0  0
18018  25   0   0   0   1  0  0
18019 262   1   0   0   2  0  0
18020 763   0   5   4   3  0  0
18021 212   2   0   0   6  0  0
18022 564   0   7  77   9  0  0
18023 660   0  10   0   0  1  0
18024 564   0  11  76  12  0  0
18025 212   2   0   0   6  0  0
18026 564   0   7  79   9  0  0
18027 660   0  10   0   0  1  0
18028 564   0  11  78  12  0  0
18029 212   0   0   0   6  0  0
18030 564   0   0   0   9  0  0
18031 93989   0   0   0   0  0  0
18032   0   0   0   0   0  0  3
18033   0   0   0   0   0  0  1
18034  10   0   0   0   0  0  2
18035 175   0   0   0   0  0  0
18036  25   0   0   0   1  0  0
18037 262   1   0   0   2  0  0
18038 763   0   5  13   3  0  0
18039 212   2   0   0   6  0  0
18040 564   0   7  77   9  0  0
18041 660   0  10   0   0  1  0
18042 564   0  11  76  12  0  0
18043 212   2   0   0   6  0  0
18044 564   0   7  79   9  0  0
18045 660   0  10   0   0  1  0
18046 564   0  11  78  12  0  0
18047 212   0   0   0   6  0  0
18048 564   0   0   0   9  0  0
18049 93989   0   0   0   0  0  0
18050   0   0   0   0   0  0  3
18051   0   0   0   0   0  0  1
18052  10   0   0   0   0  0  2
18053 175   0   0   0   0  0  0
18054  25   0   0   0   1  0  0
18055 262   1   0   0   2  0  0
18056 763   0   5   4   3  0  0
18057 212   2   0   0   6  0  0
18058 564   0   7  73   9  0  0
18059 660   0  10   0   0  1  0
18060 564   0  11  72  12  0  0
18061 212   2   0   0   6  0  0
18062 564   0   7  75   9  0  0
18063 660   0  10   0   0  1  0
18064 564   0  11  74  12  0  0
18065 212   0   0   0   6  0  0
18066 564   0   0   0   9  0  0
18067 93989   0   0   0   0  0  0
18068   0   0   0   0   0  0  3
18069   0   0   0   0   0  0  1
18070  10   0   0   0   0  0  2
18071 175   0   0   0   0  0  0
18072  25   0   0   0   1  0  0
18073 262   1   0   0   2  0  0
18074 763   0   5  13   3  0  0
18075 212   2   0   0   6  0  0
18076 564   0   7  73   9  0  0
18077 660   0  10   0   0  1  0
18078 564   0  11  72  12  0  0
18079 212   2   0   0   6  0  0
18080 564   0   7  75   9  0  0
18081 660   0  10   0   0  1  0
18082 564   0  11  74  12  0  0
18083 212   0   0   0   6  0  0
18084 564   0   0   0   9  0  0
18085 93989   0   0   0   0  0  0
18086   0   0   0   0   0  0  3
18087   0   0   0   0   0  0  1
18088  10   0   0   0   0  0  2
18089 175   0   0   0   0  0  0
18090  25   0   0   0   1  0  0
18091 262   1   0   0   2  0  0
18092 763   0   5   4   3  0  0
18093 212   2   0   0   6  0  0
18094 564   0   7  69   9  0  0
18095 660   0  10   0   0  1  0
18096 564   0  11  68  12  0  0
18097 212   2   0   0   6  0  0
18098 564   0   7  71   9  0  0
18099 660   0  10   0   0  1  0
18100 564   0  11  70  12  0  0
18101 212   0   0   0   6  0  0
18102 564   0   0   0   9  0  0
18103 93989   0   0   0   0  0  0
18104   0   0   0   0   0  0  3
18105   0   0   0   0   0  0  1
18106  10   0   0   0   0  0  2
18107 175   0   0   0   0  0  0
18108  25   0   0   0   1  0  0
18109 262   1   0   0   2  0  0
18110 763   0   5  13   3  0  0
18111 212   2   0   0   6  0  0
18112 564   0   7  69   9  0  0
18113 660   0  10   0   0  1  0
18114 564   0  11  68  12  0  0
18115 212   2   0   0   6  0  0
18116 564   0   7  71   9  0  0
18117 660   0  10   0   0  1  0
18118 564   0  11  70  12  0  0
18119 212   0   0   0   6  0  0
18120 564   0   0   0   9  0  0
18121 93989   0   0   0   0  0  0
18122   0   0   0   0   0  0  3
18123   0   0   0   0   0  0  1
18124  10   0   0   0   0  0  2
18125 175   0   0   0   0  0  0
18126  25   0   0   0   1  0  0
18127 262   1   0   0   2  0  0
18128 763   0   5   4   3  0  0
18129 212   2   0   0   6  0  0
18130 564   0   7  65   9  0  0
18131 660   0  10   0   0  1  0
18132 564   0  11  64  12  0  0
18133 212   2   0   0   6  0  0
18134 564   0   7  67   9  0  0
18135 660   0  10   0   0  1  0
18136 564   0  11  66  12  0  0
18137 212   0   0   0   6  0  0
18138 564   0   0   0   9  0  0
18139 93989   0   0   0   0  0  0
18140   0   0   0   0   0  0  3
18141   0   0   0   0   0  0  1
18142  10   0   0   0   0  0  2
18143 175   0   0   0   0  0  0
18144  25   0   0   0   1  0  0
18145 262   1   0   0   2  0  0
18146 763   0   5  13   3  0  0
18147 212   2   0   0   6  0  0
18148 564   0   7  65   9  0  0
18149 660   0  10   0   0  1  0
18150 564   0  11  64  12  0  0
18151 212   2   0   0   6  0  0
18152 564   0   7  67   9  0  0
18153 660   0  10   0   0  1  0
18154 564   0  11  66  12  0  0
18155 212   0   0   0   6  0  0
18156 564   0   0   0   9  0  0
18157 93989   0   0   0   0  0  0
18158   0   0   0   0   0  0  3
18159   0   0   0   0   0  0  1
18160  10   0   0   0   0  0  2
18161 175   0   0   0   0  0  0
18162  25   0   0   0   1  0  0
18163 262   1   0   0   2  0  0
18164 763   0   5   4   3  0  0
18165 212   2   0   0   6  0  0
18166 564   0   7  61   9  0  0
18167 660   0  10   0   0  1  0
18168 564   0  11  60  12  0  0
18169 212   2   0   0   6  0  0
18170 564   0   7  63   9  0  0
18171 660   0  10   0   0  1  0
18172 564   0  11  62  12  0  0
18173 212   0   0   0   6  0  0
18174 564   0   0   0   9  0  0
18175 93989   0   0   0   0  0  0
18176   0   0   0   0   0  0  3
18177   0   0   0   0   0  0  1
18178  10   0   0   0   0  0  2
18179 175   0   0   0   0  0  0
18180  25   0   0   0   1  0  0
18181 262   1   0   0   2  0  0
18182 763   0   5  13   3  0  0
18183 212   2   0   0   6  0  0
18184 564   0   7  61   9  0  0
18185 660   0  10   0   0  1  0
18186 564   0  11  60  12  0  0
18187 212   2   0   0   6  0  0
18188 564   0   7  63   9  0  0
18189 660   0  10   0   0  1  0
18190 564   0  11  62  12  0  0
18191 212   0   0   0   6  0  0
18192 564   0   0   0   9  0  0
18193 93989   0   0   0   0  0  0
18194   0   0   0   0   0  0  3
18195   0   0   0   0   0  0  1
18196  10   0   0   0   0  0  2
18197 175   0   0   0   0  0  0
18198  25   0   0   0   1  0  0
18199 262   1   0   0   2  0  0
18200 763   0   5   4   3  0  0
18201 212   2   0   0   6  0  0
18202 564   0   7  57   9  0  0
18203 660   0  10   0   0  1  0
18204 564   0  11  56  12  0  0
18205 212   2   0   0   6  0  0
18206 564   0   7  59   9  0  0
18207 660   0  10   0   0  1  0
18208 564   0  11  58  12  0  0
18209 212   0   0   0   6  0  0
18210 564   0   0   0   9  0  0
18211 93989   0   0   0   0  0  0
18212   0   0   0   0   0  0  3
18213   0   0   0   0   0  0  1
18214  10   0   0   0   0  0  2
18215 175   0   0   0   0  0  0
18216  25   0   0   0   1  0  0
18217 262   1   0   0   2  0  0
18218 763   0   5  13   3  0  0
18219 212   2   0   0   6  0  0
18220 564   0   7  57   9  0  0
18221 660   0  10   0   0  1  0
18222 564   0  11  56  12  0  0
18223 212   2   0   0   6  0  0
18224 564   0   7  59   9  0  0
18225 660   0  10   0   0  1  0
18226 564   0  11  58  12  0  0
18227 212   0   0   0   6  0  0
18228 564   0   0   0   9  0  0
18229 93989   0   0   0   0  0  0
18230   0   0   0   0   0  0  3
18231   0   0   0   0   0  0  1
18232  10   0   0   0   0  0  2
18233 175   0   0   0   0  0  0
18234  25   0   0   0   1  0  0
18235 262   1   0   0   2  0  0
18236 763   0   5   4   3  0  0
18237 212   2   0   0   6  0  0
18238 564   0   7  53   9  0  0
18239 660   0  10   0   0  1  0
18240 564   0  11  52  12  0  0
18241 212   2   0   0   6  0  0
18242 564   0   7  55   9  0  0
18243 660   0  10   0   0  1  0
18244 564   0  11  54  12  0  0
18245 212   0   0   0   6  0  0
18246 564   0   0   0   9  0  0
18247 93989   0   0   0   0  0  0
18248   0   0   0   0   0  0  3
18249   0   0   0   0   0  0  1
18250  10   0   0   0   0  0  2
18251 175   0   0   0   0  0  0
18252  25   0   0   0   1  0  0
18253 262   1   0   0   2  0  0
18254 763   0   5  13   3  0  0
18255 212   2   0   0   6  0  0
18256 564   0   7  53   9  0  0
18257 660   0  10   0   0  1  0
18258 564   0  11  52  12  0  0
18259 212   2   0   0   6  0  0
18260 564   0   7  55   9  0  0
18261 660   0  10   0   0  1  0
18262 564   0  11  54  12  0  0
18263 212   0   0   0   6  0  0
18264 564   0   0   0   9  0  0
18265 93989   0   0   0   0  0  0
18266   0   0   0   0   0  0  3
18267   0   0   0   0   0  0  1
18268  10   0   0   0   0  0  2
18269 175   0   0   0   0  0  0
18270  25   0   0   0   1  0  0
18271 262   1   0   0   2  0  0
18272 763   0   5   4   3  0  0
18273 212   2   0   0   6  0  0
18274 564   0   7  49   9  0  0
18275 660   0  10   0   0  1  0
18276 564   0  11  48  12  0  0
18277 212   2   0   0   6  0  0
18278 564   0   7  51   9  0  0
18279 660   0  10   0   0  1  0
18280 564   0  11  50  12  0  0
18281 212   0   0   0   6  0  0
18282 564   0   0   0   9  0  0
18283 93989   0   0   0   0  0  0
18284   0   0   0   0   0  0  3
18285   0   0   0   0   0  0  1
18286  10   0   0   0   0  0  2
18287 175   0   0   0   0  0  0
18288  25   0   0   0   1  0  0
18289 262   1   0   0   2  0  0
18290 763   0   5  13   3  0  0
18291 212   2   0   0   6  0  0
18292 564   0   7  49   9  0  0
18293 660   0  10   0   0  1  0
18294 564   0  11  48  12  0  0
18295 212   2   0   0   6  0  0
18296 564   0   7  51   9  0  0
18297 660   0  10   0   0  1  0
18298 564   0  11  50  12  0  0
18299 212   0   0   0   6  0  0
18300 564   0   0   0   9  0  0
18301 93989   0   0   0   0  0  0
18302   0   0   0   0   0  0  3
18303   0   0   0   0   0  0  1
18304  10   0   0   0   0  0  2
18305 175   0   0   0   0  0  0
18306  25   0   0   0   1  0  0
18307 262   1   0   0   2  0  0
18308 763   0   5   4   3  0  0
18309 212   2   0   0   6  0  0
18310 564   0   7  45   9  0  0
18311 660   0  10   0   0  1  0
18312 564   0  11  44  12  0  0
18313 212   2   0   0   6  0  0
18314 564   0   7  47   9  0  0
18315 660   0  10   0   0  1  0
18316 564   0  11  46  12  0  0
18317 212   0   0   0   6  0  0
18318 564   0   0   0   9  0  0
18319 93989   0   0   0   0  0  0
18320   0   0   0   0   0  0  3
18321   0   0   0   0   0  0  1
18322  10   0   0   0   0  0  2
18323 175   0   0   0   0  0  0
18324  25   0   0   0   1  0  0
18325 262   1   0   0   2  0  0
18326 763   0   5  13   3  0  0
18327 212   2   0   0   6  0  0
18328 564   0   7  45   9  0  0
18329 660   0  10   0   0  1  0
18330 564   0  11  44  12  0  0
18331 212   2   0   0   6  0  0
18332 564   0   7  47   9  0  0
18333 660   0  10   0   0  1  0
18334 564   0  11  46  12  0  0
18335 212   0   0   0   6  0  0
18336 564   0   0   0   9  0  0
18337 93989   0   0   0   0  0  0
18338   0   0   0   0   0  0  3
18339   0   0   0   0   0  0  1
18340  10   0   0   0   0  0  2
18341 175   0   0   0   0  0  0
18342  25   0   0   0   1  0  0
18343 262   1   0   0   2  0  0
18344 763   0   5   4   3  0  0
18345 212   2   0   0   6  0  0
18346 564   0   7  41   9  0  0
18347 660   0  10   0   0  1  0
18348 564   0  11  40  12  0  0
18349 212   2   0   0   6  0  0
18350 564   0   7  43   9  0  0
18351 660   0  10   0   0  1  0
18352 564   0  11  42  12  0  0
18353 212   0   0   0   6  0  0
18354 564   0   0   0   9  0  0
18355 93989   0   0   0   0  0  0
18356   0   0   0   0   0  0  3
18357   0   0   0   0   0  0  1
18358  10   0   0   0   0  0  2
18359 175   0   0   0   0  0  0
18360  25   0   0   0   1  0  0
18361 262   1   0   0   2  0  0
18362 763   0   5  13   3  0  0
18363 212   2   0   0   6  0  0
18364 564   0   7  41   9  0  0
18365 660   0  10   0   0  1  0
18366 564   0  11  40  12  0  0
18367 212   2   0   0   6  0  0
18368 564   0   7  43   9  0  0
18369 660   0  10   0   0  1  0
18370 564   0  11  42  12  0  0
18371 212   0   0   0   6  0  0
18372 564   0   0   0   9  0  0
18373 93989   0   0   0   0  0  0
18374   0   0   0   0   0  0  3
18375   0   0   0   0   0  0  1
18376  10   0   0   0   0  0  2
18377 175   0   0   0   0  0  0
18378  25   0   0   0   1  0  0
18379 262   1   0   0   2  0  0
18380 763   0   5   4   3  0  0
18381 212   2   0   0   6  0  0
18382 564   0   7  37   9  0  0
18383 660   0  10   0   0  1  0
18384 564   0  11  36  12  0  0
18385 212   2   0   0   6  0  0
18386 564   0   7  39   9  0  0
18387 660   0  10   0   0  1  0
18388 564   0  11  38  12  0  0
18389 212   0   0   0   6  0  0
18390 564   0   0   0   9  0  0
18391 93989   0   0   0   0  0  0
18392   0   0   0   0   0  0  3
18393   0   0   0   0   0  0  1
18394  10   0   0   0   0  0  2
18395 175   0   0   0   0  0  0
18396  25   0   0   0   1  0  0
18397 262   1   0   0   2  0  0
18398 763   0   5  13   3  0  0
18399 212   2   0   0   6  0  0
18400 564   0   7  37   9  0  0
18401 660   0  10   0   0  1  0
18402 564   0  11  36  12  0  0
18403 212   2   0   0   6  0  0
18404 564   0   7  39   9  0  0
18405 660   0  10   0   0  1  0
18406 564   0  11  38  12  0  0
18407 212   0   0   0   6  0  0
18408 564   0   0   0   9  0  0
18409 93989   0   0   0   0  0  0
18410   0   0   0   0   0  0  3
18411   0   0   0   0   0  0  1
18412  10   0   0   0   0  0  2
18413 175   0   0   0   0  0  0
18414  25   0   0   0   1  0  0
18415 262   1   0   0   2  0  0
18416 763   0   5   4   3  0  0
18417 212   2   0   0   6  0  0
18418 564   0   7  33   9  0  0
18419 660   0  10   0   0  1  0
18420 564   0  11  32  12  0  0
18421 212   2   0   0   6  0  0
18422 564   0   7  35   9  0  0
18423 660   0  10   0   0  1  0
18424 564   0  11  34  12  0  0
18425 212   0   0   0   6  0  0
18426 564   0   0   0   9  0  0
18427 93989   0   0   0   0  0  0
18428   0   0   0   0   0  0  3
18429   0   0   0   0   0  0  1
18430  10   0   0   0   0  0  2
18431 175   0   0   0   0  0  0
18432  25   0   0   0   1  0  0
18433 262   1   0   0   2  0  0
18434 763   0   5  13   3  0  0
18435 212   2   0   0   6  0  0
18436 564   0   7  33   9  0  0
18437 660   0  10   0   0  1  0
18438 564   0  11  32  12  0  0
18439 212   2   0   0   6  0  0
18440 564   0   7  35   9  0  0
18441 660   0  10   0   0  1  0
18442 564   0  11  34  12  0  0
18443 212   0   0   0   6  0  0
18444 564   0   0   0   9  0  0
18445 93989   0   0   0   0  0  0
18446   0   0   0   0   0  0  3
18447   0   0   0   0   0  0  1
18448  10   0   0   0   0  0  2
18449 175   0   0   0   0  0  0
18450  25   0   0   0   1  0  0
18451 262   1   0   0   2  0  0
18452 763   0   5   4   3  0  0
18453 212   2   0   0   6  0  0
18454 564   0   7  29   9  0  0
18455 660   0  10   0   0  1  0
18456 564   0  11  28  12  0  0
18457 212   2   0   0   6  0  0
18458 564   0   7  31   9  0  0
18459 660   0  10   0   0  1  0
18460 564   0  11  30  12  0  0
18461 212   0   0   0   6  0  0
18462 564   0   0   0   9  0  0
18463 93989   0   0   0   0  0  0
18464   0   0   0   0   0  0  3
18465   0   0   0   0   0  0  1
18466  10   0   0   0   0  0  2
18467 175   0   0   0   0  0  0
18468  25   0   0   0   1  0  0
18469 262   1   0   0   2  0  0
18470 763   0   5  13   3  0  0
18471 212   2   0   0   6  0  0
18472 564   0   7  29   9  0  0
18473 660   0  10   0   0  1  0
18474 564   0  11  28  12  0  0
18475 212   2   0   0   6  0  0
18476 564   0   7  31   9  0  0
18477 660   0  10   0   0  1  0
18478 564   0  11  30  12  0  0
18479 212   0   0   0   6  0  0
18480 564   0   0   0   9  0  0
18481 93989   0   0   0   0  0  0
18482   0   0   0   0   0  0  3
18483   0   0   0   0   0  0  1
18484  10   0   0   0   0  0  2
18485 175   0   0   0   0  0  0
18486  25   0   0   0   1  0  0
18487 262   1   0   0   2  0  0
18488 763   0   5   4   3  0  0
18489 212   2   0   0   6  0  0
18490 564   0   7  25   9  0  0
18491 660   0  10   0   0  1  0
18492 564   0  11  24  12  0  0
18493 212   2   0   0   6  0  0
18494 564   0   7  27   9  0  0
18495 660   0  10   0   0  1  0
18496 564   0  11  26  12  0  0
18497 212   0   0   0   6  0  0
18498 564   0   0   0   9  0  0
18499 93989   0   0   0   0  0  0
18500   0   0   0   0   0  0  3
18501   0   0   0   0   0  0  1
18502  10   0   0   0   0  0  2
18503 175   0   0   0   0  0  0
18504  25   0   0   0   1  0  0
18505 262   1   0   0   2  0  0
18506 763   0   5  13   3  0  0
18507 212   2   0   0   6  0  0
18508 564   0   7  25   9  0  0
18509 660   0  10   0   0  1  0
18510 564   0  11  24  12  0  0
18511 212   2   0   0   6  0  0
18512 564   0   7  27   9  0  0
18513 660   0  10   0   0  1  0
18514 564   0  11  26  12  0  0
18515 212   0   0   0   6  0  0
18516 564   0   0   0   9  0  0
18517 93989   0   0   0   0  0  0
18518   0   0   0   0   0  0  3
18519   0   0   0   0   0  0  1
18520  10   0   0   0   0  0  2
18521 175   0   0   0   0  0  0
18522  25   0   0   0   1  0  0
18523 262   1   0   0   2  0  0
18524 763   0   5   4   3  0  0
18525 212   2   0   0   6  0  0
18526 564   0   7  21   9  0  0
18527 660   0  10   0   0  1  0
18528 564   0  11  20  12  0  0
18529 212   2   0   0   6  0  0
18530 564   0   7  23   9  0  0
18531 660   0  10   0   0  1  0
18532 564   0  11  22  12  0  0
18533 212   0   0   0   6  0  0
18534 564   0   0   0   9  0  0
18535 93989   0   0   0   0  0  0
18536   0   0   0   0   0  0  3
18537   0   0   0   0   0  0  1
18538  10   0   0   0   0  0  2
18539 175   0   0   0   0  0  0
18540  25   0   0   0   1  0  0
18541 262   1   0   0   2  0  0
18542 763   0   5  13   3  0  0
18543 212   2   0   0   6  0  0
18544 564   0   7  21   9  0  0
18545 660   0  10   0   0  1  0
18546 564   0  11  20  12  0  0
18547 212   2   0   0   6  0  0
18548 564   0   7  23   9  0  0
18549 660   0  10   0   0  1  0
18550 564   0  11  22  12  0  0
18551 212   0   0   0   6  0  0
18552 564   0   0   0   9  0  0
18553 93989   0   0   0   0  0  0
18554   0   0   0   0   0  0  3
18555   0   0   0   0   0  0  1
18556  10   0   0   0   0  0  2
18557 175   0   0   0   0  0  0
18558  25   0   0   0   1  0  0
18559 262   1   0   0   2  0  0
18560 763   0   5   4   3  0  0
18561 212   2   0   0   6  0  0
18562 564   0   7  17   9  0  0
18563 660   0  10   0   0  1  0
18564 564   0  11  16  12  0  0
18565 212   2   0   0   6  0  0
18566 564   0   7  19   9  0  0
18567 660   0  10   0   0  1  0
18568 564   0  11  18  12  0  0
18569 212   0   0   0   6  0  0
18570 564   0   0   0   9  0  0
18571 93989   0   0   0   0  0  0
18572   0   0   0   0   0  0  3
18573   0   0   0   0   0  0  1
18574  10   0   0   0   0  0  2
18575 175   0   0   0   0  0  0
18576  25   0   0   0   1  0  0
18577 262   1   0   0   2  0  0
18578 763   0   5  13   3  0  0
18579 212   2   0   0   6  0  0
18580 564   0   7  17   9  0  0
18581 660   0  10   0   0  1  0
18582 564   0  11  16  12  0  0
18583 212   2   0   0   6  0  0
18584 564   0   7  19   9  0  0
18585 660   0  10   0   0  1  0
18586 564   0  11  18  12  0  0
18587 212   0   0   0   6  0  0
18588 564   0   0   0   9  0  0
18589 93964   0   0   0   0  0  0
18590   0   0   0   0   0  0  3

# Format of RF events:
# id ampl. mag_id phase_id time_shape_id center delay freqPPm phasePPM freq phase use
# ..   Hz      ..       ..            ..     us    us     ppm  rad/MHz   Hz   rad  ..
# Field "use" is the initial of: excitation refocusing inversion saturation preparation other undefined
[RF]
1      394.982 3 4 0 1250 100 0 0 0 1.5708 e
2      987.454 11 12 0 1000 100 0 0 0 0 r

# Format of arbitrary gradients:
#   time_shape_id of 0 means default timing (stepping with grad_raster starting at 1/2 of grad_raster)
# id amplitude first last amp_shape_id time_shape_id delay
# ..      Hz/m  Hz/m Hz/m        ..         ..          us
[GRADIENTS]
1      1.6e+06            0      1.6e+06 1 2 0
2      1.6e+06      1.6e+06      1.6e+06 5 6 0
3      1.6e+06      1.6e+06      1.6e+06 7 8 0
4   6.3864e+06            0            0 9 10 0
6      1.6e+06      1.6e+06      1.6e+06 5 13 0
7       492944            0       387879 14 15 0
9      1.6e+06      1.6e+06            0 16 15 0
10       387879       387879       387879 5 17 0
11       492944       387879            0 18 15 0
12      1.6e+06            0      1.6e+06 19 15 0
13  -6.3864e+06            0            0 20 10 0

# Format of trapezoid gradients:
# id amplitude rise flat fall delay
# ..      Hz/m   us   us   us    us
[TRAP]
 5       540034 250 7130 250   0
 8            0 250 5140 250   0
14      -118738 250 5140 250   0
15       118738 250 5140 250   0
16      -115028 250 5140 250   0
17       115028 250 5140 250   0
18       122449 250 5140 250   0
19      -122449 250 5140 250   0
20      -111317 250 5140 250   0
21       111317 250 5140 250   0
22       126160 250 5140 250   0
23      -126160 250 5140 250   0
24      -107607 250 5140 250   0
25       107607 250 5140 250   0
26       129870 250 5140 250   0
27      -129870 250 5140 250   0
28      -103896 250 5140 250   0
29       103896 250 5140 250   0
30       133581 250 5140 250   0
31      -133581 250 5140 250   0
32      -100186 250 5140 250   0
33       100186 250 5140 250   0
34       137291 250 5140 250   0
35      -137291 250 5140 250   0
36       -96475 250 5140 250   0
37        96475 250 5140 250   0
38       141002 250 5140 250   0
39      -141002 250 5140 250   0
40     -92764.4 250 5140 250   0
41      92764.4 250 5140 250   0
42       144712 250 5140 250   0
43      -144712 250 5140 250   0
44     -89053.8 250 5140 250   0
45      89053.8 250 5140 250   0
46       148423 250 5140 250   0
47      -148423 250 5140 250   0
48     -85343.2 250 5140 250   0
49      85343.2 250 5140 250   0
50       152134 250 5140 250   0
51      -152134 250 5140 250   0
52     -81632.7 250 5140 250   0
53      81632.7 250 5140 250   0
54       155844 250 5140 250   0
55      -155844 250 5140 250   0
56     -77922.1 250 5140 250   0
57      77922.1 250 5140 250   0
58       159555 250 5140 250   0
59      -159555 250 5140 250   0
60     -74211.5 250 5140 250   0
61      74211.5 250 5140 250   0
62       163265 250 5140 250   0
63      -163265 250 5140 250   0
64     -70500.9 250 5140 250   0
65      70500.9 250 5140 250   0
66       166976 250 5140 250   0
67      -166976 250 5140 250   0
68     -66790.4 250 5140 250   0
69      66790.4 250 5140 250   0
70       170686 250 5140 250   0
71      -170686 250 5140 250   0
72     -63079.8 250 5140 250   0
73      63079.8 250 5140 250   0
74       174397 250 5140 250   0
75      -174397 250 5140 250   0
76     -59369.2 250 5140 250   0
77      59369.2 250 5140 250   0
78       178108 250 5140 250   0
79      -178108 250 5140 250   0
80     -55658.6 250 5140 250   0
81      55658.6 250 5140 250   0
82       181818 250 5140 250   0
83      -181818 250 5140 250   0
84     -51948.1 250 5140 250   0
85      51948.1 250 5140 250   0
86       185529 250 5140 250   0
87      -185529 250 5140 250   0
88     -48237.5 250 5140 250   0
89      48237.5 250 5140 250   0
90       189239 250 5140 250   0
91      -189239 250 5140 250   0
92     -44526.9 250 5140 250   0
93      44526.9 250 5140 250   0
94       192950 250 5140 250   0
95      -192950 250 5140 250   0
96     -40816.3 250 5140 250   0
97      40816.3 250 5140 250   0
98       196660 250 5140 250   0
99      -196660 250 5140 250   0
100     -37105.8 250 5140 250   0
101      37105.8 250 5140 250   0
102       200371 250 5140 250   0
103      -200371 250 5140 250   0
104     -33395.2 250 5140 250   0
105      33395.2 250 5140 250   0
106       204082 250 5140 250   0
107      -204082 250 5140 250   0
108     -29684.6 250 5140 250   0
109      29684.6 250 5140 250   0
110       207792 250 5140 250   0
111      -207792 250 5140 250   0
112       -25974 250 5140 250   0
113        25974 250 5140 250   0
114       211503 250 5140 250   0
115      -211503 250 5140 250   0
116     -22263.5 250 5140 250   0
117      22263.5 250 5140 250   0
118       215213 250 5140 250   0
119      -215213 250 5140 250   0
120     -18552.9 250 5140 250   0
121      18552.9 250 5140 250   0
122       218924 250 5140 250   0
123      -218924 250 5140 250   0
124     -14842.3 250 5140 250   0
125      14842.3 250 5140 250   0
126       222635 250 5140 250   0
127      -222635 250 5140 250   0
128     -11131.7 250 5140 250   0
129      11131.7 250 5140 250   0
130       226345 250 5140 250   0
131      -226345 250 5140 250   0
132     -7421.15 250 5140 250   0
133      7421.15 250 5140 250   0
134       230056 250 5140 250   0
135      -230056 250 5140 250   0
136     -3710.58 250 5140 250   0
137      3710.58 250 5140 250   0
138       233766 250 5140 250   0
139      -233766 250 5140 250   0
140      -237477 250 5140 250   0
141       237477 250 5140 250   0

# Format of ADC events:
# id num dwell delay freqPPM phasePPM freq phase phase_id
# ..  ..    ns    us     ppm  rad/MHz   Hz   rad       ..
[ADC]
1 128 50000 100 0 0 0 0 0

# Format of extension lists:
# id type ref next_id
# next_id of 0 terminates the list
# Extension list is followed by extension specifications
[EXTENSIONS]
1 1 1 0
2 2 1 0
3 1 2 0

# Extension specification for digital output and input triggers:
# id type channel delay (us) duration (us)
extension TRIGGERS 2
1 1 1 0 100

# Extension specification for setting labels:
# id set labelstring
extension LABELSET 1
1 1 REP
2 0 REP

# Sequence Shapes
[SHAPES]

shape_id 1
num_samples 2
0
1

shape_id 2
num_samples 2
0
25

shape_id 3
num_samples 2500
1.57976903e-10
4.26875233e-09
1.97782093e-08
5.43134016e-08
1.15524076e-07
2.11082041e-07
3.48680538e-07
5.36033601e-07
7.8087542e-07
1.0909597e-06
1.47405902e-06
1.93796417e-06
2.49048354e-06
3.13944243e-06
3.89268239e-06
4.75806061e-06
5.74344921e-06
6.85673462e-06
8.10581688e-06
9.49860898e-06
1.10430362e-05
1.27470355e-05
1.46185547e-05
1.66655519e-05
1.88959948e-05
2.13178601e-05
2.39391324e-05
2.67678044e-05
2.9811875e-05
3.30793498e-05
3.65782395e-05
4.03165599e-05
4.43023306e-05
4.85435747e-05
5.3048318e-05
5.78245882e-05
6.28804145e-05
6.82238264e-05
7.38628534e-05
7.98055242e-05
8.60598659e-05
9.26339033e-05
9.95356584e-05
0.000106773149
0.00011435439
0.000122287389
0.000130580148
0.000139240666
0.000148276929
0.000157696921
0.000167508611
0.000177719965
0.000188338933
0.000199373458
0.000210831471
0.000222720888
0.000235049614
0.000247825541
0.000261056544
0.000274750485
0.000288915208
0.000303558542
0.000318688297
0.000334312266
0.000350438223
0.00036707392
0.000384227091
0.00040190545
0.000420116685
0.000438868464
0.000458168432
0.000478024208
0.000498443388
0.000519433541
0.00054100221
0.000563156911
0.000585905132
0.000609254334
0.000633211945
0.000657785366
0.000682981967
0.000708809084
0.000735274025
0.000762384059
0.000790146428
0.000818568333
0.000847656944
0.000877419394
0.000907862779
0.000938994156
0.000970820547
0.00100334893
0.00103658625
0.00107053941
0.00110521526
0.00114062063
0.00117676229
0.00121364697
0.00125128135
0.00128967209
0.00132882578
0.00136874897
0.00140944815
0.0014509298
0.00149320031
0.00153626605
0.00158013332
0.00162480838
0.00167029743
0.00171660663
0.00176374208
0.00181170982
0.00186051586
0.00191016612
0.00196066649
0.00201202279
0.00206424079
0.00211732621
0.00217128468
0.00222612182
0.00228184314
0.00233845412
0.00239596017
0.00245436663
0.0025136788
0.00257390189
0.00263504106
0.0026971014
0.00276008794
0.00282400563
0.00288885938
0.002954654
0.00302139426
0.00308908483
0.00315773035
0.00322733535
0.00329790431
0.00336944164
0.00344195167
0.00351543866
0.00358990679
0.00366536017
0.00374180285
0.00381923877
0.00389767183
0.00397710582
0.00405754448
0.00413899146
0.00422145033
0.00430492458
0.00438941762
0.00447493278
0.00456147331
0.00464904237
0.00473764306
0.00482727837
0.00491795121
0.00500966443
0.00510242075
0.00519622285
0.0052910733
0.00538697459
0.0054839291
0.00558193917
0.00568100699
0.00578113472
0.00588232439
0.00598457795
0.00608789726
0.00619228409
0.00629774012
0.00640426694
0.00651186602
0.00662053877
0.00673028648
0.00684111037
0.00695301155
0.00706599102
0.00718004971
0.00729518843
0.00741140791
0.00752870877
0.00764709154
0.00776655664
0.0078871044
0.00800873504
0.00813144869
0.00825524536
0.00838012499
0.00850608739
0.00863313228
0.00876125926
0.00889046784
0.00902075744
0.00915212735
0.00928457676
0.00941810476
0.00955271034
0.00968839236
0.00982514961
0.00996298073
0.0101018843
0.0102418587
0.0103829024
0.0105250135
0.0106681901
0.0108124303
0.010957732
0.0111040929
0.0112515108
0.0113999831
0.0115495073
0.0117000809
0.0118517009
0.0120043646
0.0121580688
0.0123128106
0.0124685867
0.0126253936
0.0127832281
0.0129420864
0.0131019649
0.0132628599
0.0134247673
0.0135876832
0.0137516034
0.0139165236
0.0140824394
0.0142493464
0.0144172398
0.014586115
0.0147559672
0.0149267912
0.0150985821
0.0152713346
0.0154450433
0.0156197029
0.0157953076
0.015971852
0.01614933
0.0163277358
0.0165070634
0.0166873065
0.0168684588
0.017050514
0.0172334654
0.0174173064
0.0176020303
0.01778763
0.0179740987
0.018161429
0.0183496138
0.0185386456
0.0187285169
0.0189192201
0.0191107474
0.0193030909
0.0194962426
0.0196901943
0.0198849378
0.0200804647
0.0202767665
0.0204738345
0.02067166
0.020870234
0.0210695477
0.0212695918
0.0214703572
0.0216718343
0.0218740138
0.0220768859
0.022280441
0.0224846691
0.0226895603
0.0228951043
0.0231012911
0.0233081101
0.023515551
0.023723603
0.0239322554
0.0241414974
0.0243513179
0.0245617058
0.02477265
0.0249841389
0.0251961612
0.0254087051
0.025621759
0.0258353111
0.0260493492
0.0262638613
0.0264788352
0.0266942584
0.0269101186
0.0271264031
0.0273430992
0.0275601941
0.0277776747
0.0279955279
0.0282137406
0.0284322995
0.0286511909
0.0288704015
0.0290899174
0.0293097248
0.0295298098
0.0297501584
0.0299707563
0.0301915892
0.0304126427
0.0306339022
0.0308553532
0.0310769807
0.0312987699
0.0315207058
0.0317427732
0.0319649568
0.0321872413
0.0324096112
0.0326320508
0.0328545445
0.0330770763
0.0332996304
0.0335221905
0.0337447406
0.0339672644
0.0341897453
0.0344121668
0.0346345124
0.0348567651
0.0350789082
0.0353009246
0.0355227973
0.0357445089
0.0359660423
0.0361873798
0.036408504
0.0366293972
0.0368500416
0.0370704194
0.0372905125
0.0375103028
0.0377297721
0.0379489021
0.0381676744
0.0383860703
0.0386040714
0.0388216588
0.0390388137
0.039255517
0.0394717499
0.039687493
0.0399027271
0.0401174329
0.0403315908
0.0405451813
0.0407581847
0.0409705812
0.041182351
0.041393474
0.0416039303
0.0418136995
0.0420227615
0.0422310958
0.042438682
0.0426454996
0.0428515278
0.043056746
0.0432611332
0.0434646686
0.0436673311
0.0438690995
0.0440699527
0.0442698694
0.0444688281
0.0446668074
0.0448637857
0.0450597413
0.0452546525
0.0454484975
0.0456412543
0.0458329009
0.0460234152
0.0462127751
0.0464009583
0.0465879425
0.0467737052
0.046958224
0.0471414762
0.0473234392
0.0475040902
0.0476834065
0.0478613652
0.0480379432
0.0482131176
0.0483868652
0.0485591629
0.0487299873
0.0488993151
0.049067123
0.0492333875
0.0493980849
0.0495611917
0.0497226843
0.0498825388
0.0500407314
0.0501972383
0.0503520356
0.0505050992
0.050656405
0.0508059289
0.0509536468
0.0510995343
0.0512435672
0.0513857211
0.0515259716
0.0516642942
0.0518006643
0.0519350574
0.0520674488
0.0521978139
0.0523261278
0.0524523658
0.0525765031
0.0526985147
0.0528183758
0.0529360612
0.053051546
0.0531648051
0.0532758134
0.0533845457
0.0534909768
0.0535950815
0.0536968344
0.0537962103
0.0538931838
0.0539877294
0.0540798218
0.0541694355
0.0542565449
0.0543411246
0.0544231489
0.0545025924
0.0545794292
0.0546536339
0.0547251807
0.0547940438
0.0548601977
0.0549236164
0.0549842743
0.0550421455
0.0550972042
0.0551494246
0.0551987808
0.0552452469
0.055288797
0.0553294052
0.0553670457
0.0554016923
0.0554333193
0.0554619006
0.0554874103
0.0555098224
0.0555291109
0.0555452498
0.0555582131
0.0555679749
0.055574509
0.0555777895
0.0555777905
0.0555744858
0.0555678495
0.0555578555
0.055544478
0.0555276908
0.055507468
0.0554837836
0.0554566116
0.0554259261
0.0553917012
0.0553539108
0.0553125291
0.0552675301
0.055218888
0.0551665768
0.0551105707
0.0550508439
0.0549873706
0.0549201248
0.0548490809
0.0547742132
0.0546954957
0.054612903
0.0545264093
0.0544359888
0.0543416162
0.0542432656
0.0541409116
0.0540345287
0.0539240914
0.0538095742
0.0536909517
0.0535681986
0.0534412894
0.053310199
0.053174902
0.0530353732
0.0528915875
0.0527435198
0.052591145
0.052434438
0.0522733739
0.0521079278
0.0519380747
0.0517637899
0.0515850486
0.0514018261
0.0512140977
0.0510218388
0.050825025
0.0506236316
0.0504176344
0.0502070089
0.0499917308
0.049771776
0.0495471203
0.0493177395
0.0490836097
0.048844707
0.0486010073
0.048352487
0.0480991223
0.0478408895
0.047577765
0.0473097254
0.0470367472
0.0467588071
0.0464758818
0.0461879481
0.045894983
0.0455969633
0.0452938663
0.0449856689
0.0446723486
0.0443538826
0.0440302483
0.0437014233
0.0433673852
0.0430281117
0.0426835806
0.0423337697
0.0419786572
0.0416182211
0.0412524395
0.0408812908
0.0405047535
0.0401228059
0.0397354267
0.0393425947
0.0389442886
0.0385404875
0.0381311702
0.0377163161
0.0372959043
0.0368699143
0.0364383256
0.0360011177
0.0355582704
0.0351097635
0.0346555771
0.0341956912
0.033730086
0.0332587419
0.0327816392
0.0322987587
0.031810081
0.031315587
0.0308152576
0.0303090739
0.0297970172
0.0292790688
0.0287552102
0.028225423
0.0276896891
0.0271479902
0.0266003086
0.0260466262
0.0254869256
0.024921189
0.0243493992
0.0237715388
0.0231875909
0.0225975383
0.0220013643
0.0213990523
0.0207905856
0.020175948
0.0195551232
0.0189280952
0.0182948481
0.017655366
0.0170096335
0.016357635
0.0156993552
0.0150347792
0.0143638918
0.0136866782
0.0130031239
0.0123132144
0.0116169353
0.0109142724
0.0102052119
0.00948973982
0.00876784257
0.00803950667
0.00730471879
0.0065634658
0.00581573473
0.00506151278
0.00430078734
0.00353354594
0.00275977634
0.00197946642
0.00119260427
0.00039917816
0.000400823472
0.001207412
0.00202059863
0.00284039436
0.00366681003
0.00449985627
0.00533954356
0.00618588216
0.00703888216
0.00789855346
0.00876490576
0.00963794859
0.0105176913
0.0114041429
0.0122973125
0.0131972088
0.0141038403
0.0150172155
0.0159373424
0.016864229
0.0177978832
0.0187383124
0.0196855241
0.0206395254
0.0216003233
0.0225679246
0.0235423358
0.0245235634
0.0255116134
0.0265064918
0.0275082045
0.0285167568
0.0295321542
0.0305544018
0.0315835046
0.0326194671
0.033662294
0.0347119895
0.0357685578
0.0368320026
0.0379023276
0.0389795363
0.0400636319
0.0411546175
0.0422524957
0.0433572693
0.0444689405
0.0455875115
0.0467129843
0.0478453605
0.0489846417
0.0501308291
0.0512839238
0.0524439266
0.0536108381
0.0547846587
0.0559653885
0.0571530276
0.0583475756
0.059549032
0.0607573961
0.0619726669
0.0631948433
0.0644239238
0.0656599068
0.0669027904
0.0681525726
0.069409251
0.070672823
0.0719432859
0.0732206367
0.0745048722
0.0757959888
0.0770939828
0.0783988504
0.0797105873
0.0810291892
0.0823546515
0.0836869692
0.0850261372
0.0863721503
0.0877250028
0.0890846891
0.0904512029
0.0918245381
0.0932046881
0.0945916463
0.0959854055
0.0973859587
0.0987932983
0.100207417
0.101628306
0.103055958
0.104490364
0.105931516
0.107379404
0.10883402
0.110295354
0.111763397
0.113238139
0.11471957
0.116207679
0.117702455
0.119203889
0.120711969
0.122226684
0.123748022
0.125275971
0.12681052
0.128351656
0.129899367
0.131453639
0.133014461
0.134581819
0.136155699
0.137736088
0.139322972
0.140916336
0.142516166
0.144122448
0.145735167
0.147354307
0.148979853
0.15061179
0.152250102
0.153894772
0.155545784
0.157203122
0.158866768
0.160536707
0.16221292
0.163895389
0.165584098
0.167279028
0.168980161
0.170687477
0.17240096
0.174120589
0.175846345
0.177578209
0.179316161
0.181060181
0.18281025
0.184566345
0.186328448
0.188096537
0.18987059
0.191650587
0.193436506
0.195228324
0.197026021
0.198829573
0.200638958
0.202454153
0.204275135
0.206101881
0.207934368
0.209772571
0.211616466
0.21346603
0.215321238
0.217182066
0.219048487
0.220920478
0.222798012
0.224681065
0.22656961
0.228463621
0.230363073
0.232267938
0.234178189
0.2360938
0.238014744
0.239940992
0.241872518
0.243809293
0.24575129
0.24769848
0.249650834
0.251608323
0.253570919
0.255538592
0.257511313
0.259489053
0.26147178
0.263459465
0.265452078
0.267449588
0.269451965
0.271459176
0.273471192
0.27548798
0.277509509
0.279535747
0.281566662
0.283602222
0.285642393
0.287687144
0.289736441
0.291790251
0.293848542
0.295911278
0.297978427
0.300049954
0.302125825
0.304206006
0.306290462
0.308379158
0.31047206
0.312569132
0.314670338
0.316775643
0.318885011
0.320998406
0.323115792
0.325237133
0.327362391
0.329491529
0.331624512
0.333761301
0.33590186
0.338046149
0.340194133
0.342345772
0.344501029
0.346659865
0.348822242
0.35098812
0.353157462
0.355330227
0.357506377
0.359685871
0.361868671
0.364054737
0.366244028
0.368436504
0.370632124
0.37283085
0.375032638
0.37723745
0.379445242
0.381655975
0.383869607
0.386086096
0.388305401
0.390527479
0.392752288
0.394979787
0.397209932
0.399442681
0.401677992
0.403915821
0.406156126
0.408398862
0.410643988
0.412891458
0.41514123
0.41739326
0.419647503
0.421903915
0.424162453
0.426423071
0.428685725
0.430950371
0.433216963
0.435485457
0.437755806
0.440027967
0.442301893
0.444577538
0.446854858
0.449133806
0.451414336
0.453696402
0.455979958
0.458264958
0.460551354
0.4628391
0.46512815
0.467418456
0.469709972
0.47200265
0.474296443
0.476591304
0.478887185
0.481184038
0.483481817
0.485780472
0.488079956
0.490380221
0.492681219
0.494982902
0.49728522
0.499588126
0.501891571
0.504195506
0.506499882
0.508804651
0.511109764
0.513415171
0.515720823
0.518026671
0.520332666
0.522638758
0.524944898
0.527251035
0.529557121
0.531863105
0.534168937
0.536474568
0.538779948
0.541085026
0.543389752
0.545694076
0.547997947
0.550301316
0.552604131
0.554906343
0.5572079
0.559508751
0.561808847
0.564108136
0.566406567
0.56870409
0.571000653
0.573296205
0.575590696
0.577884074
0.580176288
0.582467287
0.584757019
0.587045433
0.589332478
0.591618102
0.593902253
0.596184882
0.598465934
0.600745361
0.603023108
0.605299126
0.607573362
0.609845764
0.612116282
0.614384862
0.616651454
0.618916005
0.621178464
0.623438778
0.625696897
0.627952768
0.630206339
0.632457559
0.634706374
0.636952735
0.639196588
0.641437881
0.643676564
0.645912583
0.648145887
0.650376424
0.652604142
0.654828989
0.657050913
0.659269863
0.661485786
0.66369863
0.665908344
0.668114875
0.670318173
0.672518184
0.674714858
0.676908142
0.679097985
0.681284335
0.683467141
0.68564635
0.68782191
0.689993771
0.692161881
0.694326188
0.696486641
0.698643188
0.700795778
0.702944359
0.705088881
0.707229291
0.709365538
0.711497572
0.713625341
0.715748795
0.717867881
0.719982549
0.722092749
0.724198429
0.726299538
0.728396026
0.730487842
0.732574935
0.734657256
0.736734752
0.738807375
0.740875074
0.742937798
0.744995497
0.747048121
0.749095621
0.751137946
0.753175046
0.755206872
0.757233373
0.759254501
0.761270206
0.763280439
0.765285149
0.767284288
0.769277807
0.771265657
0.773247788
0.775224153
0.777194702
0.779159386
0.781118157
0.783070968
0.785017768
0.786958511
0.788893149
0.790821632
0.792743914
0.794659947
0.796569682
0.798473074
0.800370073
0.802260634
0.804144709
0.806022251
0.807893212
0.809757548
0.81161521
0.813466153
0.81531033
0.817147695
0.818978202
0.820801805
0.822618458
0.824428116
0.826230733
0.828026264
0.829814664
0.831595888
0.833369891
0.835136628
0.836896055
0.838648128
0.840392801
0.842130031
0.843859775
0.845581987
0.847296626
0.849003647
0.850703007
0.852394663
0.854078573
0.855754693
0.85742298
0.859083393
0.860735889
0.862380427
0.864016964
0.865645458
0.867265869
0.868878154
0.870482274
0.872078186
0.87366585
0.875245225
0.876816272
0.87837895
0.879933218
0.881479038
0.883016369
0.884545173
0.886065409
0.88757704
0.889080025
0.890574328
0.892059908
0.893536728
0.895004751
0.896463938
0.897914251
0.899355654
0.900788109
0.90221158
0.903626029
0.90503142
0.906427717
0.907814884
0.909192885
0.910561684
0.911921246
0.913271536
0.914612519
0.915944161
0.917266425
0.91857928
0.91988269
0.921176621
0.92246104
0.923735915
0.925001211
0.926256895
0.927502936
0.928739301
0.929965957
0.931182873
0.932390018
0.933587358
0.934774865
0.935952506
0.937120251
0.938278069
0.939425931
0.940563806
0.941691665
0.942809478
0.943917216
0.945014851
0.946102352
0.947179693
0.948246845
0.949303779
0.950350469
0.951386887
0.952413006
0.953428799
0.954434239
0.955429301
0.956413957
0.957388182
0.958351951
0.959305239
0.960248019
0.961180269
0.962101962
0.963013076
0.963913585
0.964803467
0.965682698
0.966551255
0.967409114
0.968256255
0.969092653
0.969918288
0.970733138
0.97153718
0.972330394
0.97311276
0.973884255
0.974644861
0.975394557
0.976133323
0.976861141
0.977577989
0.978283851
0.978978706
0.979662538
0.980335327
0.980997056
0.981647708
0.982287265
0.982915711
0.983533029
0.984139202
0.984734215
0.985318052
0.985890697
0.986452135
0.987002352
0.987541333
0.988069063
0.98858553
0.989090718
0.989584615
0.990067208
0.990538483
0.990998429
0.991447033
0.991884284
0.992310169
0.992724678
0.993127799
0.993519523
0.993899837
0.994268733
0.994626201
0.994972231
0.995306814
0.995629941
0.995941604
0.996241794
0.996530503
0.996807724
0.99707345
0.997327672
0.997570386
0.997801583
0.998021259
0.998229406
0.998426021
0.998611096
0.998784629
0.998946613
0.999097045
0.999235921
0.999363236
0.999478988
0.999583174
0.999675791
0.999756835
0.999826306
0.999884202
0.99993052
0.999965259
0.99998842
1
1
0.99998842
0.999965259
0.99993052
0.999884202
0.999826306
0.999756835
0.999675791
0.999583174
0.999478988
0.999363236
0.999235921
0.999097045
0.998946613
0.998784629
0.998611096
0.998426021
0.998229406
0.998021259
0.997801583
0.997570386
0.997327672
0.99707345
0.996807724
0.996530503
0.996241794
0.995941604
0.995629941
0.995306814
0.994972231
0.994626201
0.994268733
0.993899837
0.993519523
0.993127799
0.992724678
0.992310169
0.991884284
0.991447033
0.990998429
0.990538483
0.990067208
0.989584615
0.989090718
0.98858553
0.988069063
0.987541333
0.987002352
0.986452135
0.985890697
0.985318052
0.984734215
0.984139202
0.983533029
0.982915711
0.982287265
0.981647708
0.980997056
0.980335327
0.979662538
0.978978706
0.978283851
0.977577989
0.976861141
0.976133323
0.975394557
0.974644861
0.973884255
0.97311276
0.972330394
0.97153718
0.970733138
0.969918288
0.969092653
0.968256255
0.967409114
0.966551255
0.965682698
0.964803467
0.963913585
0.963013076
0.962101962
0.961180269
0.960248019
0.959305239
0.958351951
0.957388182
0.956413957
0.955429301
0.954434239
0.953428799
0.952413006
0.951386887
0.950350469
0.949303779
0.948246845
0.947179693
0.946102352
0.945014851
0.943917216
0.942809478
0.941691665
0.940563806
0.939425931
0.938278069
0.937120251
0.935952506
0.934774865
0.933587358
0.932390018
0.931182873
0.929965957
0.928739301
0.927502936
0.926256895
0.925001211
0.923735915
0.92246104
0.921176621
0.91988269
0.91857928
0.917266425
0.915944161
0.914612519
0.913271536
0.911921246
0.910561684
0.909192885
0.907814884
0.906427717
0.90503142
0.903626029
0.90221158
0.900788109
0.899355654
0.897914251
0.896463938
0.895004751
0.893536728
0.892059908
0.890574328
0.889080025
0.88757704
0.886065409
0.884545173
0.883016369
0.881479038
0.879933218
0.87837895
0.876816272
0.875245225
0.87366585
0.872078186
0.870482274
0.868878154
0.867265869
0.865645458
0.864016964
0.862380427
0.860735889
0.859083393
0.85742298
0.855754693
0.854078573
0.852394663
0.850703007
0.849003647
0.847296626
0.845581987
0.843859775
0.842130031
0.840392801
0.838648128
0.836896055
0.835136628
0.833369891
0.831595888
0.829814664
0.828026264
0.826230733
0.824428116
0.822618458
0.820801805
0.818978202
0.817147695
0.81531033
0.813466153
0.81161521
0.809757548
0.807893212
0.806022251
0.804144709
0.802260634
0.800370073
0.798473074
0.796569682
0.794659947
0.792743914
0.790821632
0.788893149
0.786958511
0.785017768
0.783070968
0.781118157
0.779159386
0.777194702
0.775224153
0.773247788
0.771265657
0.769277807
0.767284288
0.765285149
0.763280439
0.761270206
0.759254501
0.757233373
0.755206872
0.753175046
0.751137946
0.749095621
0.747048121
0.744995497
0.742937798
0.740875074
0.738807375
0.736734752
0.734657256
0.732574935
0.730487842
0.728396026
0.726299538
0.724198429
0.722092749
0.719982549
0.717867881
0.715748795
0.713625341
0.711497572
0.709365538
0.707229291
0.705088881
0.702944359
0.700795778
0.698643188
0.696486641
0.694326188
0.692161881
0.689993771
0.68782191
0.68564635
0.683467141
0.681284335
0.679097985
0.676908142
0.674714858
0.672518184
0.670318173
0.668114875
0.665908344
0.66369863
0.661485786
0.659269863
0.657050913
0.654828989
0.652604142
0.650376424
0.648145887
0.645912583
0.643676564
0.641437881
0.639196588
0.636952735
0.634706374
0.632457559
0.630206339
0.627952768
0.625696897
0.623438778
0.621178464
0.618916005
0.616651454
0.614384862
0.612116282
0.609845764
0.607573362
0.605299126
0.603023108
0.600745361
0.598465934
0.596184882
0.593902253
0.591618102
0.589332478
0.587045433
0.584757019
0.582467287
0.580176288
0.577884074
0.575590696
0.573296205
0.571000653
0.56870409
0.566406567
0.564108136
0.561808847
0.559508751
0.5572079
0.554906343
0.552604131
0.550301316
0.547997947
0.545694076
0.543389752
0.541085026
0.538779948
0.536474568
0.534168937
0.531863105
0.529557121
0.527251035
0.524944898
0.522638758
0.520332666
0.518026671
0.515720823
0.513415171
0.511109764
0.508804651
0.506499882
0.504195506
0.501891571
0.499588126
0.49728522
0.494982902
0.492681219
0.490380221
0.488079956
0.485780472
0.483481817
0.481184038
0.478887185
0.476591304
0.474296443
0.47200265
0.469709972
0.467418456
0.46512815
0.4628391
0.460551354
0.458264958
0.455979958
0.453696402
0.451414336
0.449133806
0.446854858
0.444577538
0.442301893
0.440027967
0.437755806
0.435485457
0.433216963
0.430950371
0.428685725
0.426423071
0.424162453
0.421903915
0.419647503
0.41739326
0.41514123
0.412891458
0.410643988
0.408398862
0.406156126
0.403915821
0.401677992
0.399442681
0.397209932
0.394979787
0.392752288
0.390527479
0.388305401
0.386086096
0.383869607
0.381655975
0.379445242
0.37723745
0.375032638
0.37283085
0.370632124
0.368436504
0.366244028
0.364054737
0.361868671
0.359685871
0.357506377
0.355330227
0.353157462
0.35098812
0.348822242
0.346659865
0.344501029
0.342345772
0.340194133
0.338046149
0.33590186
0.333761301
0.331624512
0.329491529
0.327362391
0.325237133
0.323115792
0.320998406
0.318885011
0.316775643
0.314670338
0.312569132
0.31047206
0.308379158
0.306290462
0.304206006
0.302125825
0.300049954
0.297978427
0.295911278
0.293848542
0.291790251
0.289736441
0.287687144
0.285642393
0.283602222
0.281566662
0.279535747
0.277509509
0.27548798
0.273471192
0.271459176
0.269451965
0.267449588
0.265452078
0.263459465
0.26147178
0.259489053
0.257511313
0.255538592
0.253570919
0.251608323
0.249650834
0.24769848
0.24575129
0.243809293
0.241872518
0.239940992
0.238014744
0.2360938
0.234178189
0.232267938
0.230363073
0.228463621
0.22656961
0.224681065
0.222798012
0.220920478
0.219048487
0.217182066
0.215321238
0.21346603
0.211616466
0.209772571
0.207934368
0.206101881
0.204275135
0.202454153
0.200638958
0.198829573
0.197026021
0.195228324
0.193436506
0.191650587
0.18987059
0.188096537
0.186328448
0.184566345
0.18281025
0.181060181
0.179316161
0.177578209
0.175846345
0.174120589
0.17240096
0.170687477
0.168980161
0.167279028
0.165584098
0.163895389
0.16221292
0.160536707
0.158866768
0.157203122
0.155545784
0.153894772
0.152250102
0.15061179
0.148979853
0.147354307
0.145735167
0.144122448
0.142516166
0.140916336
0.139322972
0.137736088
0.136155699
0.134581819
0.133014461
0.131453639
0.129899367
0.128351656
0.12681052
0.125275971
0.123748022
0.122226684
0.120711969
0.119203889
0.117702455
0.116207679
0.11471957
0.113238139
0.111763397
0.110295354
0.10883402
0.107379404
0.105931516
0.104490364
0.103055958
0.101628306
0.100207417
0.0987932983
0.0973859587
0.0959854055
0.0945916463
0.0932046881
0.0918245381
0.0904512029
0.0890846891
0.0877250028
0.0863721503
0.0850261372
0.0836869692
0.0823546515
0.0810291892
0.0797105873
0.0783988504
0.0770939828
0.0757959888
0.0745048722
0.0732206367
0.0719432859
0.070672823
0.069409251
0.0681525726
0.0669027904
0.0656599068
0.0644239238
0.0631948433
0.0619726669
0.0607573961
0.059549032
0.0583475756
0.0571530276
0.0559653885
0.0547846587
0.0536108381
0.0524439266
0.0512839238
0.0501308291
0.0489846417
0.0478453605
0.0467129843
0.0455875115
0.0444689405
0.0433572693
0.0422524957
0.0411546175
0.0400636319
0.0389795363
0.0379023276
0.0368320026
0.0357685578
0.0347119895
0.033662294
0.0326194671
0.0315835046
0.0305544018
0.0295321542
0.0285167568
0.0275082045
0.0265064918
0.0255116134
0.0245235634
0.0235423358
0.0225679246
0.0216003233
0.0206395254
0.0196855241
0.0187383124
0.0177978832
0.016864229
0.0159373424
0.0150172155
0.0141038403
0.0131972088
0.0122973125
0.0114041429
0.0105176913
0.00963794859
0.00876490576
0.00789855346
0.00703888216
0.00618588216
0.00533954356
0.00449985627
0.00366681003
0.00284039436
0.00202059863
0.001207412
0.000400823472
0.00039917816
0.00119260427
0.00197946642
0.00275977634
0.00353354594
0.00430078734
0.00506151278
0.00581573473
0.0065634658
0.00730471879
0.00803950667
0.00876784257
0.00948973982
0.0102052119
0.0109142724
0.0116169353
0.0123132144
0.0130031239
0.0136866782
0.0143638918
0.0150347792
0.0156993552
0.016357635
0.0170096335
0.017655366
0.0182948481
0.0189280952
0.0195551232
0.020175948
0.0207905856
0.0213990523
0.0220013643
0.0225975383
0.0231875909
0.0237715388
0.0243493992
0.024921189
0.0254869256
0.0260466262
0.0266003086
0.0271479902
0.0276896891
0.028225423
0.0287552102
0.0292790688
0.0297970172
0.0303090739
0.0308152576
0.031315587
0.031810081
0.0322987587
0.0327816392
0.0332587419
0.033730086
0.0341956912
0.0346555771
0.0351097635
0.0355582704
0.0360011177
0.0364383256
0.0368699143
0.0372959043
0.0377163161
0.0381311702
0.0385404875
0.0389442886
0.0393425947
0.0397354267
0.0401228059
0.0405047535
0.0408812908
0.0412524395
0.0416182211
0.0419786572
0.0423337697
0.0426835806
0.0430281117
0.0433673852
0.0437014233
0.0440302483
0.0443538826
0.0446723486
0.0449856689
0.0452938663
0.0455969633
0.045894983
0.0461879481
0.0464758818
0.0467588071
0.0470367472
0.0473097254
0.047577765
0.0478408895
0.0480991223
0.048352487
0.0486010073
0.048844707
0.0490836097
0.0493177395
0.0495471203
0.049771776
0.0499917308
0.0502070089
0.0504176344
0.0506236316
0.050825025
0.0510218388
0.0512140977
0.0514018261
0.0515850486
0.0517637899
0.0519380747
0.0521079278
0.0522733739
0.052434438
0.052591145
0.0527435198
0.0528915875
0.0530353732
0.053174902
0.053310199
0.0534412894
0.0535681986
0.0536909517
0.0538095742
0.0539240914
0.0540345287
0.0541409116
0.0542432656
0.0543416162
0.0544359888
0.0545264093
0.054612903
0.0546954957
0.0547742132
0.0548490809
0.0549201248
0.0549873706
0.0550508439
0.0551105707
0.0551665768
0.055218888
0.0552675301
0.0553125291
0.0553539108
0.0553917012
0.0554259261
0.0554566116
0.0554837836
0.055507468
0.0555276908
0.055544478
0.0555578555
0.0555678495
0.0555744858
0.0555777905
0.0555777895
0.055574509
0.0555679749
0.0555582131
0.0555452498
0.0555291109
0.0555098224
0.0554874103
0.0554619006
0.0554333193
0.0554016923
0.0553670457
0.0553294052
0.055288797
0.0552452469
0.0551987808
0.0551494246
0.0550972042
0.0550421455
0.0549842743
0.0549236164
0.0548601977
0.0547940438
0.0547251807
0.0546536339
0.0545794292
0.0545025924
0.0544231489
0.0543411246
0.0542565449
0.0541694355
0.0540798218
0.0539877294
0.0538931838
0.0537962103
0.0536968344
0.0535950815
0.0534909768
0.0533845457
0.0532758134
0.0531648051
0.053051546
0.0529360612
0.0528183758
0.0526985147
0.0525765031
0.0524523658
0.0523261278
0.0521978139
0.0520674488
0.0519350574
0.0518006643
0.0516642942
0.0515259716
0.0513857211
0.0512435672
0.0510995343
0.0509536468
0.0508059289
0.050656405
0.0505050992
0.0503520356
0.0501972383
0.0500407314
0.0498825388
0.0497226843
0.0495611917
0.0493980849
0.0492333875
0.049067123
0.0488993151
0.0487299873
0.0485591629
0.0483868652
0.0482131176
0.0480379432
0.0478613652
0.0476834065
0.0475040902
0.0473234392
0.0471414762
0.046958224
0.0467737052
0.0465879425
0.0464009583
0.0462127751
0.0460234152
0.0458329009
0.0456412543
0.0454484975
0.0452546525
0.0450597413
0.0448637857
0.0446668074
0.0444688281
0.0442698694
0.0440699527
0.0438690995
0.0436673311
0.0434646686
0.0432611332
0.043056746
0.0428515278
0.0426454996
0.042438682
0.0422310958
0.0420227615
0.0418136995
0.0416039303
0.041393474
0.041182351
0.0409705812
0.0407581847
0.0405451813
0.0403315908
0.0401174329
0.0399027271
0.039687493
0.0394717499
0.039255517
0.0390388137
0.0388216588
0.0386040714
0.0383860703
0.0381676744
0.0379489021
0.0377297721
0.0375103028
0.0372905125
0.0370704194
0.0368500416
0.0366293972
0.036408504
0.0361873798
0.0359660423
0.0357445089
0.0355227973
0.0353009246
0.0350789082
0.0348567651
0.0346345124
0.0344121668
0.0341897453
0.0339672644
0.0337447406
0.0335221905
0.0332996304
0.0330770763
0.0328545445
0.0326320508
0.0324096112
0.0321872413
0.0319649568
0.0317427732
0.0315207058
0.0312987699
0.0310769807
0.0308553532
0.0306339022
0.0304126427
0.0301915892
0.0299707563
0.0297501584
0.0295298098
0.0293097248
0.0290899174
0.0288704015
0.0286511909
0.0284322995
0.0282137406
0.0279955279
0.0277776747
0.0275601941
0.0273430992
0.0271264031
0.0269101186
0.0266942584
0.0264788352
0.0262638613
0.0260493492
0.0258353111
0.025621759
0.0254087051
0.0251961612
0.0249841389
0.02477265
0.0245617058
0.0243513179
0.0241414974
0.0239322554
0.023723603
0.023515551
0.0233081101
0.0231012911
0.0228951043
0.0226895603
0.0224846691
0.022280441
0.0220768859
0.0218740138
0.0216718343
0.0214703572
0.0212695918
0.0210695477
0.020870234
0.02067166
0.0204738345
0.0202767665
0.0200804647
0.0198849378
0.0196901943
0.0194962426
0.0193030909
0.0191107474
0.0189192201
0.0187285169
0.0185386456
0.0183496138
0.018161429
0.0179740987
0.01778763
0.0176020303
0.0174173064
0.0172334654
0.017050514
0.0168684588
0.0166873065
0.0165070634
0.0163277358
0.01614933
0.015971852
0.0157953076
0.0156197029
0.0154450433
0.0152713346
0.0150985821
0.0149267912
0.0147559672
0.014586115
0.0144172398
0.0142493464
0.0140824394
0.0139165236
0.0137516034
0.0135876832
0.0134247673
0.0132628599
0.0131019649
0.0129420864
0.0127832281
0.0126253936
0.0124685867
0.0123128106
0.0121580688
0.0120043646
0.0118517009
0.0117000809
0.0115495073
0.0113999831
0.0112515108
0.0111040929
0.010957732
0.0108124303
0.0106681901
0.0105250135
0.0103829024
0.0102418587
0.0101018843
0.00996298073
0.00982514961
0.00968839236
0.00955271034
0.00941810476
0.00928457676
0.00915212735
0.00902075744
0.00889046784
0.00876125926
0.00863313228
0.00850608739
0.00838012499
0.00825524536
0.00813144869
0.00800873504
0.0078871044
0.00776655664
0.00764709154
0.00752870877
0.00741140791
0.00729518843
0.00718004971
0.00706599102
0.00695301155
0.00684111037
0.00673028648
0.00662053877
0.00651186602
0.00640426694
0.00629774012
0.00619228409
0.00608789726
0.00598457795
0.00588232439
0.00578113472
0.00568100699
0.00558193917
0.0054839291
0.00538697459
0.0052910733
0.00519622285
0.00510242075
0.00500966443
0.00491795121
0.00482727837
0.00473764306
0.00464904237
0.00456147331
0.00447493278
0.00438941762
0.00430492458
0.00422145033
0.00413899146
0.00405754448
0.00397710582
0.00389767183
0.00381923877
0.00374180285
0.00366536017
0.00358990679
0.00351543866
0.00344195167
0.00336944164
0.00329790431
0.00322733535
0.00315773035
0.00308908483
0.00302139426
0.002954654
0.00288885938
0.00282400563
0.00276008794
0.0026971014
0.00263504106
0.00257390189
0.0025136788
0.00245436663
0.00239596017
0.00233845412
0.00228184314
0.00222612182
0.00217128468
0.00211732621
0.00206424079
0.00201202279
0.00196066649
0.00191016612
0.00186051586
0.00181170982
0.00176374208
0.00171660663
0.00167029743
0.00162480838
0.00158013332
0.00153626605
0.00149320031
0.0014509298
0.00140944815
0.00136874897
0.00132882578
0.00128967209
0.00125128135
0.00121364697
0.00117676229
0.00114062063
0.00110521526
0.00107053941
0.00103658625
0.00100334893
0.000970820547
0.000938994156
0.000907862779
0.000877419394
0.000847656944
0.000818568333
0.000790146428
0.000762384059
0.000735274025
0.000708809084
0.000682981967
0.000657785366
0.000633211945
0.000609254334
0.000585905132
0.000563156911
0.00054100221
0.000519433541
0.000498443388
0.000478024208
0.000458168432
0.000438868464
0.000420116685
0.00040190545
0.000384227091
0.00036707392
0.000350438223
0.000334312266
0.000318688297
0.000303558542
0.000288915208
0.000274750485
0.000261056544
0.000247825541
0.000235049614
0.000222720888
0.000210831471
0.000199373458
0.000188338933
0.000177719965
0.000167508611
0.000157696921
0.000148276929
0.000139240666
0.000130580148
0.000122287389
0.00011435439
0.000106773149
9.95356584e-05
9.26339033e-05
8.60598659e-05
7.98055242e-05
7.38628534e-05
6.82238264e-05
6.28804145e-05
5.78245882e-05
5.3048318e-05
4.85435747e-05
4.43023306e-05
4.03165599e-05
3.65782395e-05
3.30793498e-05
2.9811875e-05
2.67678044e-05
2.39391324e-05
2.13178601e-05
1.88959948e-05
1.66655519e-05
1.46185547e-05
1.27470355e-05
1.10430362e-05
9.49860898e-06
8.10581688e-06
6.85673462e-06
5.74344921e-06
4.75806061e-06
3.89268239e-06
3.13944243e-06
2.49048354e-06
1.93796417e-06
1.47405902e-06
1.0909597e-06
7.8087542e-07
5.36033601e-07
3.48680538e-07
2.11082041e-07
1.15524076e-07
5.43134016e-08
1.97782093e-08
4.26875233e-09
1.57976903e-10

shape_id 4
num_samples 2500
0.5
0
0
622
-0.5
0
0
1247
0.5
0
0
622

shape_id 5
num_samples 2
1
1

shape_id 6
num_samples 2
0
262

shape_id 7
num_samples 4
1
0.0972222222
0.0972222222
1

shape_id 8
num_samples 4
0
25
738
763

shape_id 9
num_samples 19
0
1
1
0
-1
-1
0
1
1
0
-1
-1
0
1
1
0
-1
-1
0

shape_id 10
num_samples 19
0
8
92
100
108
192
200
208
292
300
308
392
400
408
492
500
508
592
600

shape_id 11
num_samples 2000
3.08579554e-10
8.33986866e-09
3.8648066e-08
1.06152001e-07
2.25824945e-07
4.12692682e-07
6.81831569e-07
1.04836659e-06
1.52746937e-06
2.13435626e-06
2.88428628e-06
3.7925592e-06
4.87451348e-06
6.14552431e-06
7.62100153e-06
9.31638765e-06
1.12471558e-05
1.34288077e-05
1.58768715e-05
1.86068999e-05
2.16344678e-05
2.49751706e-05
2.86446218e-05
3.26584508e-05
3.70323014e-05
4.1781829e-05
4.69226987e-05
5.24705833e-05
5.84411612e-05
6.4850114e-05
7.17131246e-05
7.90458748e-05
8.68640434e-05
9.51833038e-05
0.000104019322
0.000113387754
0.000123304245
0.000133784426
0.000144843909
0.000156498291
0.000168763148
0.000181654031
0.000195186469
0.00020937596
0.000224237975
0.000239787953
0.000256041298
0.00027301338
0.000290719527
0.000309175031
0.000328395136
0.000348395044
0.000369189909
0.000390794835
0.000413224874
0.000436495024
0.000460620227
0.000485615365
0.00051149526
0.00053827467
0.000565968288
0.00059459074
0.00062415658
0.000654680292
0.000686176284
0.000718658886
0.000752142352
0.000786640851
0.000822168472
0.000858739215
0.000896366994
0.000935065631
0.000974848856
0.0010157303
0.00105772351
0.00110084192
0.00114509887
0.00119050758
0.00123708119
0.00128483271
0.00133377505
0.001383921
0.00143528325
0.00148787435
0.00154170675
0.00159679277
0.0016531446
0.00171077431
0.00176969385
0.00182991502
0.0018914495
0.00195430884
0.00201850444
0.00208404756
0.00215094934
0.00221922074
0.00228887261
0.00235991563
0.00243236033
0.00250621711
0.00258149618
0.00265820763
0.00273636136
0.00281596712
0.00289703451
0.00297957295
0.0030635917
0.00314909984
0.0032361063
0.0033246198
0.00341464893
0.00350620207
0.00359928743
0.00369391304
0.00379008674
0.0038878162
0.00398710888
0.00408797207
0.00419041286
0.00429443815
0.00440005463
0.00450726881
0.004616087
0.0047265153
0.00483855962
0.00495222563
0.00506751885
0.00518444453
0.00530300776
0.00542321339
0.00554506607
0.00566857021
0.00579373003
0.00592054952
0.00604903243
0.00617918233
0.00631100252
0.0064444961
0.00657966594
0.00671651466
0.00685504467
0.00699525813
0.00713715699
0.00728074293
0.00742601741
0.00757298167
0.00772163666
0.00787198312
0.00802402155
0.00817775218
0.00833317502
0.0084902898
0.00864909602
0.00880959293
0.00897177951
0.00913565449
0.00930121637
0.00946846334
0.00963739338
0.00980800418
0.00998029319
0.0101542576
0.0103298942
0.0105071998
0.0106861707
0.010866803
0.0110490926
0.0112330349
0.0114186254
0.0116058591
0.0117947306
0.0119852344
0.0121773648
0.0123711157
0.0125664806
0.0127634531
0.0129620261
0.0131621924
0.0133639445
0.0135672748
0.013772175
0.013978637
0.0141866519
0.0143962111
0.0146073051
0.0148199246
0.0150340598
0.0152497005
0.0154668364
0.015685457
0.0159055511
0.0161271075
0.0163501148
0.0165745611
0.0168004342
0.0170277218
0.0172564111
0.017486489
0.0177179424
0.0179507574
0.0181849203
0.0184204169
0.0186572325
0.0188953524
0.0191347615
0.0193754443
0.0196173852
0.019860568
0.0201049766
0.0203505942
0.020597404
0.0208453886
0.0210945307
0.0213448122
0.0215962152
0.021848721
0.0221023111
0.0223569664
0.0226126674
0.0228693946
0.0231271279
0.0233858472
0.0236455318
0.0239061609
0.0241677132
0.0244301674
0.0246935016
0.0249576937
0.0252227214
0.025488562
0.0257551924
0.0260225894
0.0262907294
0.0265595885
0.0268291425
0.0270993669
0.0273702368
0.0276417273
0.0279138128
0.0281864678
0.0284596662
0.0287333816
0.0290075876
0.0292822573
0.0295573634
0.0298328784
0.0301087747
0.0303850242
0.0306615984
0.0309384688
0.0312156064
0.0314929819
0.0317705659
0.0320483286
0.0323262398
0.0326042691
0.032882386
0.0331605593
0.033438758
0.0337169504
0.0339951048
0.0342731891
0.0345511709
0.0348290175
0.0351066961
0.0353841735
0.0356614161
0.0359383902
0.0362150618
0.0364913967
0.0367673602
0.0370429175
0.0373180336
0.037592673
0.0378668001
0.0381403791
0.0384133737
0.0386857477
0.0389574642
0.0392284864
0.0394987771
0.0397682988
0.040037014
0.0403048845
0.0405718723
0.0408379388
0.0411030455
0.0413671534
0.0416302233
0.0418922158
0.0421530913
0.0424128099
0.0426713315
0.0429286156
0.0431846219
0.0434393093
0.043692637
0.0439445636
0.0441950477
0.0444440476
0.0446915212
0.0449374266
0.0451817214
0.0454243629
0.0456653084
0.045904515
0.0461419394
0.0463775383
0.0466112681
0.0468430849
0.0470729448
0.0473008036
0.0475266169
0.0477503402
0.0479719288
0.0481913376
0.0484085216
0.0486234355
0.0488360338
0.0490462709
0.0492541009
0.0494594779
0.0496623557
0.049862688
0.0500604282
0.0502555299
0.0504479461
0.0506376299
0.0508245343
0.0510086119
0.0511898154
0.0513680973
0.0515434098
0.0517157052
0.0518849355
0.0520510526
0.0522140083
0.0523737543
0.0525302422
0.0526834233
0.0528332489
0.0529796704
0.0531226386
0.0532621047
0.0533980194
0.0535303336
0.0536589979
0.053783963
0.0539051791
0.0540225969
0.0541361665
0.0542458382
0.0543515622
0.0544532884
0.0545509669
0.0546445476
0.0547339804
0.0548192151
0.0549002013
0.0549768887
0.055049227
0.0551171658
0.0551806544
0.0552396425
0.0552940795
0.0553439146
0.0553890974
0.0554295771
0.055465303
0.0554962245
0.0555222906
0.0555434508
0.0555596542
0.0555708501
0.0555769875
0.0555780159
0.0555738842
0.0555645419
0.0555499379
0.0555300217
0.0555047425
0.0554740494
0.0554378917
0.0553962189
0.0553489801
0.0552961248
0.0552376023
0.0551733622
0.0551033538
0.0550275267
0.0549458304
0.0548582147
0.0547646291
0.0546650235
0.0545593476
0.0544475513
0.0543295846
0.0542053975
0.0540749401
0.0539381626
0.0537950152
0.0536454484
0.0534894125
0.0533268582
0.0531577361
0.0529819969
0.0527995916
0.0526104711
0.0524145865
0.052211889
0.05200233
0.0517858609
0.0515624333
0.0513319991
0.05109451
0.050849918
0.0505981754
0.0503392345
0.0500730476
0.0497995675
0.0495187469
0.0492305388
0.0489348962
0.0486317725
0.0483211212
0.0480028958
0.0476770502
0.0473435385
0.0470023148
0.0466533336
0.0462965494
0.045931917
0.0455593914
0.045178928
0.044790482
0.0443940092
0.0439894653
0.0435768066
0.0431559893
0.04272697
0.0422897055
0.0418441528
0.0413902691
0.040928012
0.0404573393
0.0399782089
0.0394905792
0.0389944087
0.0384896562
0.0379762808
0.0374542418
0.0369234989
0.0363840119
0.0358357411
0.0352786468
0.03471269
0.0341378315
0.0335540329
0.0329612556
0.0323594618
0.0317486136
0.0311286737
0.0304996049
0.0298613704
0.0292139338
0.028557259
0.02789131
0.0272160516
0.0265314484
0.0258374657
0.0251340691
0.0244212244
0.0236988979
0.0229670561
0.0222256661
0.021474695
0.0207141106
0.0199438809
0.0191639743
0.0183743596
0.0175750059
0.0167658828
0.0159469602
0.0151182083
0.014279598
0.0134311002
0.0125726864
0.0117043285
0.0108259988
0.00993767004
0.00903931521
0.00813090785
0.00721242187
0.00628383161
0.00534511182
0.00439623768
0.0034371848
0.00246792921
0.00148844738
0.000498716194
0.000501286994
0.00151158441
0.00253219783
0.00356314858
0.00460445754
0.00565614515
0.00671823137
0.00779073572
0.00887367726
0.00996707457
0.0110709458
0.0121853086
0.0133101801
0.0144455771
0.0155915158
0.0167480119
0.0179150807
0.0190927371
0.0202809953
0.0214798691
0.0226893719
0.0239095165
0.0251403152
0.0263817799
0.0276339218
0.0288967519
0.0301702805
0.0314545173
0.0327494717
0.0340551524
0.0353715678
0.0366987256
0.0380366331
0.039385297
0.0407447235
0.0421149182
0.0434958863
0.0448876325
0.0462901608
0.0477034748
0.0491275774
0.0505624713
0.0520081583
0.0534646398
0.0549319168
0.0564099895
0.0578988576
0.0593985205
0.0609089769
0.0624302247
0.0639622617
0.0655050848
0.0670586906
0.0686230748
0.070198233
0.0717841598
0.0733808495
0.0749882958
0.0766064917
0.0782354299
0.0798751023
0.0815255003
0.0831866147
0.0848584358
0.0865409534
0.0882341565
0.0899380337
0.091652573
0.0933777617
0.0951135868
0.0968600344
0.0986170903
0.100384739
0.102162966
0.103951755
0.105751089
0.107560951
0.109381323
0.111212186
0.113053522
0.114905312
0.116767534
0.118640169
0.120523194
0.122416589
0.12432033
0.126234394
0.128158758
0.130093398
0.132038288
0.133993404
0.135958719
0.137934206
0.139919838
0.141915589
0.143921428
0.145937327
0.147963258
0.149999188
0.152045088
0.154100927
0.156166672
0.158242292
0.160327752
0.162423019
0.164528059
0.166642837
0.168767318
0.170901465
0.173045242
0.175198612
0.177361537
0.179533978
0.181715897
0.183907254
0.186108009
0.188318121
0.190537549
0.192766251
0.195004184
0.197251306
0.199507572
0.20177294
0.204047363
0.206330797
0.208623195
0.210924512
0.213234699
0.215553711
0.217881497
0.22021801
0.222563199
0.224917016
0.22727941
0.22965033
0.232029723
0.234417539
0.236813723
0.239218224
0.241630987
0.244051957
0.24648108
0.2489183
0.251363562
0.253816808
0.256277982
0.258747025
0.26122388
0.263708488
0.266200789
0.268700724
0.271208232
0.273723253
0.276245725
0.278775585
0.281312772
0.283857223
0.286408873
0.288967659
0.291533517
0.294106381
0.296686185
0.299272864
0.30186635
0.304466578
0.307073478
0.309686984
0.312307025
0.314933534
0.31756644
0.320205674
0.322851165
0.325502841
0.328160632
0.330824465
0.333494267
0.336169966
0.338851488
0.34153876
0.344231706
0.346930252
0.349634323
0.352343842
0.355058735
0.357778923
0.36050433
0.363234878
0.365970489
0.368711085
0.371456587
0.374206916
0.376961991
0.379721733
0.382486061
0.385254894
0.388028151
0.39080575
0.393587608
0.396373643
0.399163772
0.401957911
0.404755977
0.407557886
0.410363552
0.413172891
0.415985818
0.418802246
0.42162209
0.424445263
0.427271678
0.430101249
0.432933887
0.435769505
0.438608014
0.441449326
0.444293352
0.447140003
0.449989188
0.452840819
0.455694805
0.458551055
0.461409479
0.464269984
0.467132481
0.469996877
0.472863079
0.475730996
0.478600535
0.481471603
0.484344107
0.487217952
0.490093046
0.492969294
0.495846603
0.498724876
0.501604021
0.50448394
0.50736454
0.510245725
0.513127398
0.516009465
0.518891827
0.52177439
0.524657056
0.527539729
0.530422311
0.533304705
0.536186814
0.539068539
0.541949783
0.544830448
0.547710436
0.550589648
0.553467985
0.556345349
0.559221641
0.562096761
0.564970611
0.567843091
0.570714102
0.573583543
0.576451316
0.579317319
0.582181454
0.58504362
0.587903716
0.590761643
0.5936173
0.596470586
0.599321401
0.602169643
0.605015213
0.607858008
0.610697929
0.613534874
0.616368742
0.619199432
0.622026842
0.624850872
0.62767142
0.630488385
0.633301665
0.636111159
0.638916765
0.641718383
0.644515911
0.647309247
0.650098289
0.652882938
0.65566309
0.658438645
0.661209501
0.663975557
0.666736712
0.669492864
0.672243912
0.674989755
0.677730292
0.680465421
0.683195042
0.685919054
0.688637355
0.691349846
0.694056425
0.696756992
0.699451445
0.702139686
0.704821613
0.707497126
0.710166126
0.712828511
0.715484183
0.718133042
0.720774987
0.723409921
0.726037742
0.728658353
0.731271653
0.733877546
0.736475931
0.73906671
0.741649785
0.744225058
0.746792431
0.749351806
0.751903086
0.754446173
0.75698097
0.759507381
0.762025308
0.764534655
0.767035327
0.769527226
0.772010257
0.774484326
0.776949335
0.779405191
0.781851799
0.784289064
0.786716892
0.789135189
0.791543862
0.793942816
0.79633196
0.798711199
0.801080443
0.803439598
0.805788573
0.808127276
0.810455616
0.812773502
0.815080843
0.81737755
0.819663532
0.821938699
0.824202964
0.826456236
0.828698427
0.83092945
0.833149216
0.835357638
0.837554629
0.839740102
0.841913971
0.844076151
0.846226556
0.8483651
0.8504917
0.852606271
0.854708729
0.85679899
0.858876973
0.860942594
0.862995771
0.865036422
0.867064467
0.869079824
0.871082414
0.873072156
0.875048971
0.877012779
0.878963504
0.880901066
0.882825387
0.884736392
0.886634003
0.888518145
0.890388741
0.892245717
0.894088998
0.89591851
0.89773418
0.899535933
0.901323699
0.903097405
0.904856979
0.906602351
0.90833345
0.910050206
0.91175255
0.913440413
0.915113727
0.916772424
0.918416437
0.920045699
0.921660145
0.923259709
0.924844327
0.926413933
0.927968464
0.929507858
0.931032051
0.932540981
0.934034588
0.93551281
0.936975588
0.938422861
0.939854572
0.94127066
0.942671069
0.944055742
0.945424622
0.946777654
0.948114781
0.94943595
0.950741106
0.952030196
0.953303167
0.954559967
0.955800546
0.957024851
0.958232833
0.959424442
0.96059963
0.961758349
0.96290055
0.964026187
0.965135214
0.966227585
0.967303255
0.968362181
0.969404318
0.970429624
0.971438057
0.972429575
0.973404138
0.974361705
0.975302237
0.976225695
0.977132041
0.978021238
0.978893249
0.979748039
0.980585571
0.981405812
0.982208728
0.982994285
0.983762452
0.984513196
0.985246486
0.985962292
0.986660586
0.987341337
0.988004517
0.9886501
0.989278059
0.989888367
0.990481
0.991055932
0.991613141
0.992152603
0.992674295
0.993178197
0.993664287
0.994132546
0.994582953
0.99501549
0.99543014
0.995826885
0.996205709
0.996566596
0.99690953
0.997234499
0.997541488
0.997830485
0.998101478
0.998354455
0.998589406
0.998806322
0.999005192
0.99918601
0.999348768
0.999493458
0.999620075
0.999728614
0.99981907
0.999891439
0.999945718
0.999981906
1
1
0.999981906
0.999945718
0.999891439
0.99981907
0.999728614
0.999620075
0.999493458
0.999348768
0.99918601
0.999005192
0.998806322
0.998589406
0.998354455
0.998101478
0.997830485
0.997541488
0.997234499
0.99690953
0.996566596
0.996205709
0.995826885
0.99543014
0.99501549
0.994582953
0.994132546
0.993664287
0.993178197
0.992674295
0.992152603
0.991613141
0.991055932
0.990481
0.989888367
0.989278059
0.9886501
0.988004517
0.987341337
0.986660586
0.985962292
0.985246486
0.984513196
0.983762452
0.982994285
0.982208728
0.981405812
0.980585571
0.979748039
0.978893249
0.978021238
0.977132041
0.976225695
0.975302237
0.974361705
0.973404138
0.972429575
0.971438057
0.970429624
0.969404318
0.968362181
0.967303255
0.966227585
0.965135214
0.964026187
0.96290055
0.961758349
0.96059963
0.959424442
0.958232833
0.957024851
0.955800546
0.954559967
0.953303167
0.952030196
0.950741106
0.94943595
0.948114781
0.946777654
0.945424622
0.944055742
0.942671069
0.94127066
0.939854572
0.938422861
0.936975588
0.93551281
0.934034588
0.932540981
0.931032051
0.929507858
0.927968464
0.926413933
0.924844327
0.923259709
0.921660145
0.920045699
0.918416437
0.916772424
0.915113727
0.913440413
0.91175255
0.910050206
0.90833345
0.906602351
0.904856979
0.903097405
0.901323699
0.899535933
0.89773418
0.89591851
0.894088998
0.892245717
0.890388741
0.888518145
0.886634003
0.884736392
0.882825387
0.880901066
0.878963504
0.877012779
0.875048971
0.873072156
0.871082414
0.869079824
0.867064467
0.865036422
0.862995771
0.860942594
0.858876973
0.85679899
0.854708729
0.852606271
0.8504917
0.8483651
0.846226556
0.844076151
0.841913971
0.839740102
0.837554629
0.835357638
0.833149216
0.83092945
0.828698427
0.826456236
0.824202964
0.821938699
0.819663532
0.81737755
0.815080843
0.812773502
0.810455616
0.808127276
0.805788573
0.803439598
0.801080443
0.798711199
0.79633196
0.793942816
0.791543862
0.789135189
0.786716892
0.784289064
0.781851799
0.779405191
0.776949335
0.774484326
0.772010257
0.769527226
0.767035327
0.764534655
0.762025308
0.759507381
0.75698097
0.754446173
0.751903086
0.749351806
0.746792431
0.744225058
0.741649785
0.73906671
0.736475931
0.733877546
0.731271653
0.728658353
0.726037742
0.723409921
0.720774987
0.718133042
0.715484183
0.712828511
0.710166126
0.707497126
0.704821613
0.702139686
0.699451445
0.696756992
0.694056425
0.691349846
0.688637355
0.685919054
0.683195042
0.680465421
0.677730292
0.674989755
0.672243912
0.669492864
0.666736712
0.663975557
0.661209501
0.658438645
0.65566309
0.652882938
0.650098289
0.647309247
0.644515911
0.641718383
0.638916765
0.636111159
0.633301665
0.630488385
0.62767142
0.624850872
0.622026842
0.619199432
0.616368742
0.613534874
0.610697929
0.607858008
0.605015213
0.602169643
0.599321401
0.596470586
0.5936173
0.590761643
0.587903716
0.58504362
0.582181454
0.579317319
0.576451316
0.573583543
0.570714102
0.567843091
0.564970611
0.562096761
0.559221641
0.556345349
0.553467985
0.550589648
0.547710436
0.544830448
0.541949783
0.539068539
0.536186814
0.533304705
0.530422311
0.527539729
0.524657056
0.52177439
0.518891827
0.516009465
0.513127398
0.510245725
0.50736454
0.50448394
0.501604021
0.498724876
0.495846603
0.492969294
0.490093046
0.487217952
0.484344107
0.481471603
0.478600535
0.475730996
0.472863079
0.469996877
0.467132481
0.464269984
0.461409479
0.458551055
0.455694805
0.452840819
0.449989188
0.447140003
0.444293352
0.441449326
0.438608014
0.435769505
0.432933887
0.430101249
0.427271678
0.424445263
0.42162209
0.418802246
0.415985818
0.413172891
0.410363552
0.407557886
0.404755977
0.401957911
0.399163772
0.396373643
0.393587608
0.39080575
0.388028151
0.385254894
0.382486061
0.379721733
0.376961991
0.374206916
0.371456587
0.368711085
0.365970489
0.363234878
0.36050433
0.357778923
0.355058735
0.352343842
0.349634323
0.346930252
0.344231706
0.34153876
0.338851488
0.336169966
0.333494267
0.330824465
0.328160632
0.325502841
0.322851165
0.320205674
0.31756644
0.314933534
0.312307025
0.309686984
0.307073478
0.304466578
0.30186635
0.299272864
0.296686185
0.294106381
0.291533517
0.288967659
0.286408873
0.283857223
0.281312772
0.278775585
0.276245725
0.273723253
0.271208232
0.268700724
0.266200789
0.263708488
0.26122388
0.258747025
0.256277982
0.253816808
0.251363562
0.2489183
0.24648108
0.244051957
0.241630987
0.239218224
0.236813723
0.234417539
0.232029723
0.22965033
0.22727941
0.224917016
0.222563199
0.22021801
0.217881497
0.215553711
0.213234699
0.210924512
0.208623195
0.206330797
0.204047363
0.20177294
0.199507572
0.197251306
0.195004184
0.192766251
0.190537549
0.188318121
0.186108009
0.183907254
0.181715897
0.179533978
0.177361537
0.175198612
0.173045242
0.170901465
0.168767318
0.166642837
0.164528059
0.162423019
0.160327752
0.158242292
0.156166672
0.154100927
0.152045088
0.149999188
0.147963258
0.145937327
0.143921428
0.141915589
0.139919838
0.137934206
0.135958719
0.133993404
0.132038288
0.130093398
0.128158758
0.126234394
0.12432033
0.122416589
0.120523194
0.118640169
0.116767534
0.114905312
0.113053522
0.111212186
0.109381323
0.107560951
0.105751089
0.103951755
0.102162966
0.100384739
0.0986170903
0.0968600344
0.0951135868
0.0933777617
0.091652573
0.0899380337
0.0882341565
0.0865409534
0.0848584358
0.0831866147
0.0815255003
0.0798751023
0.0782354299
0.0766064917
0.0749882958
0.0733808495
0.0717841598
0.070198233
0.0686230748
0.0670586906
0.0655050848
0.0639622617
0.0624302247
0.0609089769
0.0593985205
0.0578988576
0.0564099895
0.0549319168
0.0534646398
0.0520081583
0.0505624713
0.0491275774
0.0477034748
0.0462901608
0.0448876325
0.0434958863
0.0421149182
0.0407447235
0.039385297
0.0380366331
0.0366987256
0.0353715678
0.0340551524
0.0327494717
0.0314545173
0.0301702805
0.0288967519
0.0276339218
0.0263817799
0.0251403152
0.0239095165
0.0226893719
0.0214798691
0.0202809953
0.0190927371
0.0179150807
0.0167480119
0.0155915158
0.0144455771
0.0133101801
0.0121853086
0.0110709458
0.00996707457
0.00887367726
0.00779073572
0.00671823137
0.00565614515
0.00460445754
0.00356314858
0.00253219783
0.00151158441
0.000501286994
0.000498716194
0.00148844738
0.00246792921
0.0034371848
0.00439623768
0.00534511182
0.00628383161
0.00721242187
0.00813090785
0.00903931521
0.00993767004
0.0108259988
0.0117043285
0.0125726864
0.0134311002
0.014279598
0.0151182083
0.0159469602
0.0167658828
0.0175750059
0.0183743596
0.0191639743
0.0199438809
0.0207141106
0.021474695
0.0222256661
0.0229670561
0.0236988979
0.0244212244
0.0251340691
0.0258374657
0.0265314484
0.0272160516
0.02789131
0.028557259
0.0292139338
0.0298613704
0.0304996049
0.0311286737
0.0317486136
0.0323594618
0.0329612556
0.0335540329
0.0341378315
0.03471269
0.0352786468
0.0358357411
0.0363840119
0.0369234989
0.0374542418
0.0379762808
0.0384896562
0.0389944087
0.0394905792
0.0399782089
0.0404573393
0.040928012
0.0413902691
0.0418441528
0.0422897055
0.04272697
0.0431559893
0.0435768066
0.0439894653
0.0443940092
0.044790482
0.045178928
0.0455593914
0.045931917
0.0462965494
0.0466533336
0.0470023148
0.0473435385
0.0476770502
0.0480028958
0.0483211212
0.0486317725
0.0489348962
0.0492305388
0.0495187469
0.0497995675
0.0500730476
0.0503392345
0.0505981754
0.050849918
0.05109451
0.0513319991
0.0515624333
0.0517858609
0.05200233
0.052211889
0.0524145865
0.0526104711
0.0527995916
0.0529819969
0.0531577361
0.0533268582
0.0534894125
0.0536454484
0.0537950152
0.0539381626
0.0540749401
0.0542053975
0.0543295846
0.0544475513
0.0545593476
0.0546650235
0.0547646291
0.0548582147
0.0549458304
0.0550275267
0.0551033538
0.0551733622
0.0552376023
0.0552961248
0.0553489801
0.0553962189
0.0554378917
0.0554740494
0.0555047425
0.0555300217
0.0555499379
0.0555645419
0.0555738842
0.0555780159
0.0555769875
0.0555708501
0.0555596542
0.0555434508
0.0555222906
0.0554962245
0.055465303
0.0554295771
0.0553890974
0.0553439146
0.0552940795
0.0552396425
0.0551806544
0.0551171658
0.055049227
0.0549768887
0.0549002013
0.0548192151
0.0547339804
0.0546445476
0.0545509669
0.0544532884
0.0543515622
0.0542458382
0.0541361665
0.0540225969
0.0539051791
0.053783963
0.0536589979
0.0535303336
0.0533980194
0.0532621047
0.0531226386
0.0529796704
0.0528332489
0.0526834233
0.0525302422
0.0523737543
0.0522140083
0.0520510526
0.0518849355
0.0517157052
0.0515434098
0.0513680973
0.0511898154
0.0510086119
0.0508245343
0.0506376299
0.0504479461
0.0502555299
0.0500604282
0.049862688
0.0496623557
0.0494594779
0.0492541009
0.0490462709
0.0488360338
0.0486234355
0.0484085216
0.0481913376
0.0479719288
0.0477503402
0.0475266169
0.0473008036
0.0470729448
0.0468430849
0.0466112681
0.0463775383
0.0461419394
0.045904515
0.0456653084
0.0454243629
0.0451817214
0.0449374266
0.0446915212
0.0444440476
0.0441950477
0.0439445636
0.043692637
0.0434393093
0.0431846219
0.0429286156
0.0426713315
0.0424128099
0.0421530913
0.0418922158
0.0416302233
0.0413671534
0.0411030455
0.0408379388
0.0405718723
0.0403048845
0.040037014
0.0397682988
0.0394987771
0.0392284864
0.0389574642
0.0386857477
0.0384133737
0.0381403791
0.0378668001
0.037592673
0.0373180336
0.0370429175
0.0367673602
0.0364913967
0.0362150618
0.0359383902
0.0356614161
0.0353841735
0.0351066961
0.0348290175
0.0345511709
0.0342731891
0.0339951048
0.0337169504
0.033438758
0.0331605593
0.032882386
0.0326042691
0.0323262398
0.0320483286
0.0317705659
0.0314929819
0.0312156064
0.0309384688
0.0306615984
0.0303850242
0.0301087747
0.0298328784
0.0295573634
0.0292822573
0.0290075876
0.0287333816
0.0284596662
0.0281864678
0.0279138128
0.0276417273
0.0273702368
0.0270993669
0.0268291425
0.0265595885
0.0262907294
0.0260225894
0.0257551924
0.025488562
0.0252227214
0.0249576937
0.0246935016
0.0244301674
0.0241677132
0.0239061609
0.0236455318
0.0233858472
0.0231271279
0.0228693946
0.0226126674
0.0223569664
0.0221023111
0.021848721
0.0215962152
0.0213448122
0.0210945307
0.0208453886
0.020597404
0.0203505942
0.0201049766
0.019860568
0.0196173852
0.0193754443
0.0191347615
0.0188953524
0.0186572325
0.0184204169
0.0181849203
0.0179507574
0.0177179424
0.017486489
0.0172564111
0.0170277218
0.0168004342
0.0165745611
0.0163501148
0.0161271075
0.0159055511
0.015685457
0.0154668364
0.0152497005
0.0150340598
0.0148199246
0.0146073051
0.0143962111
0.0141866519
0.013978637
0.013772175
0.0135672748
0.0133639445
0.0131621924
0.0129620261
0.0127634531
0.0125664806
0.0123711157
0.0121773648
0.0119852344
0.0117947306
0.0116058591
0.0114186254
0.0112330349
0.0110490926
0.010866803
0.0106861707
0.0105071998
0.0103298942
0.0101542576
0.00998029319
0.00980800418
0.00963739338
0.00946846334
0.00930121637
0.00913565449
0.00897177951
0.00880959293
0.00864909602
0.0084902898
0.00833317502
0.00817775218
0.00802402155
0.00787198312
0.00772163666
0.00757298167
0.00742601741
0.00728074293
0.00713715699
0.00699525813
0.00685504467
0.00671651466
0.00657966594
0.0064444961
0.00631100252
0.00617918233
0.00604903243
0.00592054952
0.00579373003
0.00566857021
0.00554506607
0.00542321339
0.00530300776
0.00518444453
0.00506751885
0.00495222563
0.00483855962
0.0047265153
0.004616087
0.00450726881
0.00440005463
0.00429443815
0.00419041286
0.00408797207
0.00398710888
0.0038878162
0.00379008674
0.00369391304
0.00359928743
0.00350620207
0.00341464893
0.0033246198
0.0032361063
0.00314909984
0.0030635917
0.00297957295
0.00289703451
0.00281596712
0.00273636136
0.00265820763
0.00258149618
0.00250621711
0.00243236033
0.00235991563
0.00228887261
0.00221922074
0.00215094934
0.00208404756
0.00201850444
0.00195430884
0.0018914495
0.00182991502
0.00176969385
0.00171077431
0.0016531446
0.00159679277
0.00154170675
0.00148787435
0.00143528325
0.001383921
0.00133377505
0.00128483271
0.00123708119
0.00119050758
0.00114509887
0.00110084192
0.00105772351
0.0010157303
0.000974848856
0.000935065631
0.000896366994
0.000858739215
0.000822168472
0.000786640851
0.000752142352
0.000718658886
0.000686176284
0.000654680292
0.00062415658
0.00059459074
0.000565968288
0.00053827467
0.00051149526
0.000485615365
0.000460620227
0.000436495024
0.000413224874
0.000390794835
0.000369189909
0.000348395044
0.000328395136
0.000309175031
0.000290719527
0.00027301338
0.000256041298
0.000239787953
0.000224237975
0.00020937596
0.000195186469
0.000181654031
0.000168763148
0.000156498291
0.000144843909
0.000133784426
0.000123304245
0.000113387754
0.000104019322
9.51833038e-05
8.68640434e-05
7.90458748e-05
7.17131246e-05
6.4850114e-05
5.84411612e-05
5.24705833e-05
4.69226987e-05
4.1781829e-05
3.70323014e-05
3.26584508e-05
2.86446218e-05
2.49751706e-05
2.16344678e-05
1.86068999e-05
1.58768715e-05
1.34288077e-05
1.12471558e-05
9.31638765e-06
7.62100153e-06
6.14552431e-06
4.87451348e-06
3.7925592e-06
2.88428628e-06
2.13435626e-06
1.52746937e-06
1.04836659e-06
6.81831569e-07
4.12692682e-07
2.25824945e-07
1.06152001e-07
3.8648066e-08
8.33986866e-09
3.08579554e-10

shape_id 12
num_samples 2000
0.5
0
0
497
-0.5
0
0
997
0.5
0
0
497

shape_id 13
num_samples 2
0
212

shape_id 14
num_samples 4
0
1
1
0.786861314

shape_id 15
num_samples 4
0
25
539
564

shape_id 16
num_samples 4
1
0.399350649
0.399350649
0

shape_id 17
num_samples 2
0
660

shape_id 18
num_samples 4
0.786861314
1
1
0

shape_id 19
num_samples 4
0
0.399350649
0.399350649
1

shape_id 20
num_samples 19
0
1
1
0
-1
-1
0
1
1
0
-1
-1
0
1
1
0
-1
-1
0


[SIGNATURE]
# This is the hash of the Pulseq file, calculated right before the [SIGNATURE] section was added
# It can be reproduced/verified with md5sum if the file trimmed to the position right above [SIGNATURE]
# The new line character preceding [SIGNATURE] BELONGS to the signature (and needs to be stripped away for recalculating/verification)
Type md5
Hash 2bdab1b574c4b70a8bc554a2fdc60bbb
